timestamp, memory.used [MiB], memory.total [MiB], utilization.gpu [%], power.draw [W]
2026/09/29 13:52:40.869, 0 MiB, 15360 MiB, 0 %, 9.07 W
2026/09/29 13:52:41.880, 0 MiB, 15360 MiB, 0 %, 9.36 W
2026/09/29 13:52:42.889, 0 MiB, 15360 MiB, 0 %, 9.46 W
2026/09/29 13:52:43.904, 0 MiB, 15360 MiB, 0 %, 9.56 W
2026/09/29 13:52:44.913, 0 MiB, 15360 MiB, 0 %, 9.66 W
2026/09/29 13:52:45.922, 0 MiB, 15360 MiB, 0 %, 9.76 W
2026/09/29 13:52:46.930, 0 MiB, 15360 MiB, 0 %, 9.76 W
2026/09/29 13:52:47.937, 0 MiB, 15360 MiB, 0 %, 9.66 W
2026/09/29 13:52:48.944, 0 MiB, 15360 MiB, 0 %, 9.56 W
2026/09/29 13:52:49.952, 0 MiB, 15360 MiB, 0 %, 9.46 W
2026/09/29 13:52:50.959, 3 MiB, 15360 MiB, 0 %, 9.56 W
2026/09/29 13:52:51.967, 3 MiB, 15360 MiB, 0 %, 9.56 W
2026/09/29 13:52:52.974, 3 MiB, 15360 MiB, 0 %, 9.46 W
2026/09/29 13:52:53.981, 3 MiB, 15360 MiB, 0 %, 9.56 W
2026/09/29 13:52:54.990, 3 MiB, 15360 MiB, 0 %, 9.56 W
2026/09/29 13:52:55.999, 3 MiB, 15360 MiB, 0 %, 9.86 W
2026/09/29 13:52:57.008, 3 MiB, 15360 MiB, 0 %, 9.56 W
2026/09/29 13:52:58.028, 143 MiB, 15360 MiB, 6 %, 25.08 W
2026/09/29 13:52:59.046, 143 MiB, 15360 MiB, 10 %, 25.26 W
2026/09/29 13:53:00.056, 143 MiB, 15360 MiB, 0 %, 24.96 W
2026/09/29 13:53:01.062, 251 MiB, 15360 MiB, 10 %, 25.06 W
2026/09/29 13:53:02.070, 461 MiB, 15360 MiB, 0 %, 25.95 W
2026/09/29 13:53:03.077, 461 MiB, 15360 MiB, 0 %, 25.75 W
2026/09/29 13:53:04.082, 461 MiB, 15360 MiB, 0 %, 25.06 W
2026/09/29 13:53:05.088, 461 MiB, 15360 MiB, 0 %, 25.08 W
2026/09/29 13:53:06.094, 461 MiB, 15360 MiB, 0 %, 25.06 W
2026/09/29 13:53:07.102, 461 MiB, 15360 MiB, 0 %, 25.06 W
2026/09/29 13:53:08.109, 463 MiB, 15360 MiB, 0 %, 25.06 W
2026/09/29 13:53:09.116, 463 MiB, 15360 MiB, 0 %, 25.16 W
2026/09/29 13:53:10.122, 463 MiB, 15360 MiB, 0 %, 25.16 W
2026/09/29 13:53:11.136, 463 MiB, 15360 MiB, 0 %, 25.16 W
2026/09/29 13:53:12.147, 483 MiB, 15360 MiB, 0 %, 25.26 W
2026/09/29 13:53:13.161, 6585 MiB, 15360 MiB, 57 %, 56.03 W
2026/09/29 13:53:14.166, 13163 MiB, 15360 MiB, 99 %, 59.53 W
2026/09/29 13:53:15.180, 13163 MiB, 15360 MiB, 99 %, 63.38 W
2026/09/29 13:53:16.185, 13163 MiB, 15360 MiB, 98 %, 67.65 W
2026/09/29 13:53:17.190, 13167 MiB, 15360 MiB, 90 %, 68.49 W
2026/09/29 13:53:18.198, 13169 MiB, 15360 MiB, 100 %, 68.36 W
2026/09/29 13:53:19.207, 13171 MiB, 15360 MiB, 74 %, 72.16 W
2026/09/29 13:53:20.217, 13171 MiB, 15360 MiB, 99 %, 68.28 W
2026/09/29 13:53:21.223, 13171 MiB, 15360 MiB, 36 %, 79.10 W
2026/09/29 13:53:22.232, 13171 MiB, 15360 MiB, 99 %, 97.24 W
2026/09/29 13:53:23.249, 13171 MiB, 15360 MiB, 98 %, 64.28 W
2026/09/29 13:53:24.262, 13171 MiB, 15360 MiB, 100 %, 71.26 W
2026/09/29 13:53:25.272, 13171 MiB, 15360 MiB, 94 %, 71.27 W
2026/09/29 13:53:26.281, 13171 MiB, 15360 MiB, 75 %, 62.79 W
2026/09/29 13:53:27.294, 13171 MiB, 15360 MiB, 85 %, 55.08 W
2026/09/29 13:53:28.300, 13171 MiB, 15360 MiB, 100 %, 62.59 W
2026/09/29 13:53:29.308, 13171 MiB, 15360 MiB, 98 %, 66.08 W
2026/09/29 13:53:30.321, 13171 MiB, 15360 MiB, 99 %, 67.06 W
2026/09/29 13:53:31.328, 13171 MiB, 15360 MiB, 86 %, 69.38 W
2026/09/29 13:53:32.336, 13171 MiB, 15360 MiB, 99 %, 56.39 W
2026/09/29 13:53:33.348, 13171 MiB, 15360 MiB, 100 %, 62.22 W
2026/09/29 13:53:34.354, 13171 MiB, 15360 MiB, 87 %, 80.86 W
2026/09/29 13:53:35.366, 13171 MiB, 15360 MiB, 54 %, 65.84 W
2026/09/29 13:53:36.389, 13171 MiB, 15360 MiB, 90 %, 64.26 W
2026/09/29 13:53:37.406, 13171 MiB, 15360 MiB, 77 %, 57.86 W
2026/09/29 13:53:38.421, 13171 MiB, 15360 MiB, 98 %, 68.58 W
2026/09/29 13:53:39.427, 13171 MiB, 15360 MiB, 80 %, 56.10 W
2026/09/29 13:53:40.437, 13171 MiB, 15360 MiB, 99 %, 65.49 W
2026/09/29 13:53:41.451, 13171 MiB, 15360 MiB, 100 %, 62.01 W
2026/09/29 13:53:42.460, 13171 MiB, 15360 MiB, 99 %, 87.51 W
2026/09/29 13:53:43.465, 13171 MiB, 15360 MiB, 100 %, 65.36 W
2026/09/29 13:53:44.472, 13171 MiB, 15360 MiB, 68 %, 102.71 W
2026/09/29 13:53:45.486, 13171 MiB, 15360 MiB, 96 %, 64.12 W
2026/09/29 13:53:46.492, 13171 MiB, 15360 MiB, 75 %, 70.01 W
2026/09/29 13:53:47.504, 8321 MiB, 15360 MiB, 100 %, 79.15 W
2026/09/29 13:53:48.515, 8321 MiB, 15360 MiB, 72 %, 71.47 W
2026/09/29 13:53:49.527, 8321 MiB, 15360 MiB, 98 %, 91.26 W
2026/09/29 13:53:50.542, 8321 MiB, 15360 MiB, 94 %, 61.58 W
2026/09/29 13:53:51.549, 8321 MiB, 15360 MiB, 90 %, 67.08 W
2026/09/29 13:53:52.562, 8321 MiB, 15360 MiB, 99 %, 69.03 W
2026/09/29 13:53:53.569, 8321 MiB, 15360 MiB, 89 %, 77.05 W
2026/09/29 13:53:54.575, 8321 MiB, 15360 MiB, 95 %, 58.16 W
2026/09/29 13:53:55.587, 8321 MiB, 15360 MiB, 99 %, 62.09 W
2026/09/29 13:53:56.598, 8321 MiB, 15360 MiB, 93 %, 87.36 W
2026/09/29 13:53:57.610, 8321 MiB, 15360 MiB, 68 %, 80.76 W
2026/09/29 13:53:58.615, 8321 MiB, 15360 MiB, 52 %, 74.18 W
2026/09/29 13:53:59.621, 8321 MiB, 15360 MiB, 99 %, 65.00 W
2026/09/29 13:54:00.630, 8321 MiB, 15360 MiB, 53 %, 36.35 W
2026/09/29 13:54:01.651, 8321 MiB, 15360 MiB, 66 %, 70.99 W
2026/09/29 13:54:02.676, 8321 MiB, 15360 MiB, 75 %, 80.03 W
2026/09/29 13:54:03.690, 8321 MiB, 15360 MiB, 98 %, 62.95 W
2026/09/29 13:54:04.697, 8321 MiB, 15360 MiB, 93 %, 75.05 W
2026/09/29 13:54:05.703, 11647 MiB, 15360 MiB, 99 %, 72.51 W
2026/09/29 13:54:06.712, 7605 MiB, 15360 MiB, 90 %, 48.07 W
2026/09/29 13:54:07.717, 7605 MiB, 15360 MiB, 85 %, 74.71 W
2026/09/29 13:54:08.724, 7605 MiB, 15360 MiB, 93 %, 76.91 W
2026/09/29 13:54:09.732, 8105 MiB, 15360 MiB, 84 %, 72.51 W
2026/09/29 13:54:10.737, 8105 MiB, 15360 MiB, 95 %, 67.48 W
2026/09/29 13:54:11.744, 8105 MiB, 15360 MiB, 100 %, 70.05 W
2026/09/29 13:54:12.754, 8105 MiB, 15360 MiB, 100 %, 69.47 W
2026/09/29 13:54:13.768, 8405 MiB, 15360 MiB, 100 %, 58.19 W
2026/09/29 13:54:14.776, 8405 MiB, 15360 MiB, 73 %, 59.26 W
2026/09/29 13:54:15.787, 8405 MiB, 15360 MiB, 83 %, 82.22 W
2026/09/29 13:54:16.796, 8405 MiB, 15360 MiB, 99 %, 74.36 W
2026/09/29 13:54:17.807, 8405 MiB, 15360 MiB, 99 %, 57.73 W
2026/09/29 13:54:18.818, 8405 MiB, 15360 MiB, 99 %, 62.20 W
2026/09/29 13:54:19.831, 8405 MiB, 15360 MiB, 99 %, 68.29 W
2026/09/29 13:54:20.837, 8405 MiB, 15360 MiB, 93 %, 75.00 W
2026/09/29 13:54:21.844, 8405 MiB, 15360 MiB, 71 %, 67.96 W
2026/09/29 13:54:22.852, 8405 MiB, 15360 MiB, 100 %, 62.01 W
2026/09/29 13:54:23.861, 8405 MiB, 15360 MiB, 99 %, 67.47 W
2026/09/29 13:54:24.868, 8405 MiB, 15360 MiB, 100 %, 36.65 W
2026/09/29 13:54:25.876, 8405 MiB, 15360 MiB, 83 %, 64.55 W
2026/09/29 13:54:26.885, 8405 MiB, 15360 MiB, 99 %, 74.27 W
2026/09/29 13:54:27.900, 8405 MiB, 15360 MiB, 95 %, 62.69 W
2026/09/29 13:54:28.908, 8405 MiB, 15360 MiB, 99 %, 72.61 W
2026/09/29 13:54:29.915, 8441 MiB, 15360 MiB, 100 %, 67.57 W
2026/09/29 13:54:30.927, 8441 MiB, 15360 MiB, 97 %, 62.20 W
2026/09/29 13:54:31.932, 8759 MiB, 15360 MiB, 98 %, 64.85 W
2026/09/29 13:54:32.939, 8759 MiB, 15360 MiB, 99 %, 64.81 W
2026/09/29 13:54:33.947, 8759 MiB, 15360 MiB, 99 %, 75.98 W
2026/09/29 13:54:34.952, 8759 MiB, 15360 MiB, 100 %, 70.19 W
2026/09/29 13:54:35.958, 8759 MiB, 15360 MiB, 98 %, 56.29 W
2026/09/29 13:54:36.964, 8635 MiB, 15360 MiB, 85 %, 90.66 W
2026/09/29 13:54:37.972, 8667 MiB, 15360 MiB, 43 %, 68.77 W
2026/09/29 13:54:38.982, 8667 MiB, 15360 MiB, 87 %, 66.24 W
2026/09/29 13:54:40.016, 8667 MiB, 15360 MiB, 77 %, 62.40 W
2026/09/29 13:54:41.041, 8667 MiB, 15360 MiB, 98 %, 73.68 W
2026/09/29 13:54:42.064, 8667 MiB, 15360 MiB, 92 %, 70.50 W
2026/09/29 13:54:43.069, 8667 MiB, 15360 MiB, 73 %, 70.25 W
2026/09/29 13:54:44.075, 8667 MiB, 15360 MiB, 98 %, 68.72 W
2026/09/29 13:54:45.080, 8667 MiB, 15360 MiB, 100 %, 54.85 W
2026/09/29 13:54:46.091, 8667 MiB, 15360 MiB, 98 %, 66.14 W
2026/09/29 13:54:47.096, 8667 MiB, 15360 MiB, 77 %, 83.73 W
2026/09/29 13:54:48.102, 8667 MiB, 15360 MiB, 98 %, 65.30 W
2026/09/29 13:54:49.116, 8667 MiB, 15360 MiB, 100 %, 67.21 W
2026/09/29 13:54:50.127, 8667 MiB, 15360 MiB, 100 %, 67.55 W
2026/09/29 13:54:51.139, 8667 MiB, 15360 MiB, 64 %, 61.44 W
2026/09/29 13:54:52.155, 8667 MiB, 15360 MiB, 100 %, 61.71 W
2026/09/29 13:54:53.179, 8667 MiB, 15360 MiB, 97 %, 64.22 W
2026/09/29 13:54:54.197, 8667 MiB, 15360 MiB, 100 %, 64.71 W
2026/09/29 13:54:55.202, 8667 MiB, 15360 MiB, 94 %, 76.56 W
2026/09/29 13:54:56.210, 8667 MiB, 15360 MiB, 91 %, 58.45 W
2026/09/29 13:54:57.223, 8667 MiB, 15360 MiB, 99 %, 74.12 W
2026/09/29 13:54:58.236, 8667 MiB, 15360 MiB, 100 %, 66.82 W
2026/09/29 13:54:59.249, 8667 MiB, 15360 MiB, 78 %, 81.78 W
2026/09/29 13:55:00.256, 8667 MiB, 15360 MiB, 100 %, 64.71 W
2026/09/29 13:55:01.265, 8667 MiB, 15360 MiB, 99 %, 65.40 W
2026/09/29 13:55:02.272, 8667 MiB, 15360 MiB, 98 %, 65.10 W
2026/09/29 13:55:03.278, 8667 MiB, 15360 MiB, 100 %, 70.11 W
2026/09/29 13:55:04.285, 8667 MiB, 15360 MiB, 98 %, 66.92 W
2026/09/29 13:55:05.294, 8667 MiB, 15360 MiB, 100 %, 55.64 W
2026/09/29 13:55:06.311, 8667 MiB, 15360 MiB, 100 %, 68.19 W
2026/09/29 13:55:07.319, 8667 MiB, 15360 MiB, 100 %, 60.37 W
2026/09/29 13:55:08.330, 8667 MiB, 15360 MiB, 85 %, 62.93 W
2026/09/29 13:55:09.345, 8667 MiB, 15360 MiB, 93 %, 62.01 W
2026/09/29 13:55:10.356, 8667 MiB, 15360 MiB, 98 %, 90.87 W
2026/09/29 13:55:11.371, 8667 MiB, 15360 MiB, 98 %, 63.75 W
2026/09/29 13:55:12.375, 8667 MiB, 15360 MiB, 89 %, 61.81 W
2026/09/29 13:55:13.382, 8667 MiB, 15360 MiB, 99 %, 58.61 W
2026/09/29 13:55:14.393, 8667 MiB, 15360 MiB, 0 %, 68.29 W
2026/09/29 13:55:15.405, 8667 MiB, 15360 MiB, 69 %, 58.81 W
2026/09/29 13:55:16.416, 8667 MiB, 15360 MiB, 87 %, 58.71 W
2026/09/29 13:55:17.438, 8667 MiB, 15360 MiB, 97 %, 66.65 W
2026/09/29 13:55:18.450, 8667 MiB, 15360 MiB, 98 %, 65.85 W
2026/09/29 13:55:19.463, 8667 MiB, 15360 MiB, 98 %, 64.81 W
2026/09/29 13:55:20.469, 8667 MiB, 15360 MiB, 95 %, 66.63 W
2026/09/29 13:55:21.479, 8995 MiB, 15360 MiB, 100 %, 67.66 W
2026/09/29 13:55:22.490, 8995 MiB, 15360 MiB, 65 %, 67.61 W
2026/09/29 13:55:23.505, 8995 MiB, 15360 MiB, 99 %, 63.48 W
2026/09/29 13:55:24.514, 8995 MiB, 15360 MiB, 98 %, 68.35 W
2026/09/29 13:55:25.538, 8995 MiB, 15360 MiB, 99 %, 69.56 W
2026/09/29 13:55:26.550, 8995 MiB, 15360 MiB, 94 %, 64.32 W
2026/09/29 13:55:27.556, 8995 MiB, 15360 MiB, 78 %, 58.65 W
2026/09/29 13:55:28.567, 8995 MiB, 15360 MiB, 100 %, 63.63 W
2026/09/29 13:55:29.581, 8995 MiB, 15360 MiB, 85 %, 83.10 W
2026/09/29 13:55:30.604, 8995 MiB, 15360 MiB, 98 %, 68.14 W
2026/09/29 13:55:31.613, 8995 MiB, 15360 MiB, 82 %, 81.63 W
2026/09/29 13:55:32.625, 8995 MiB, 15360 MiB, 62 %, 67.75 W
2026/09/29 13:55:33.639, 8995 MiB, 15360 MiB, 99 %, 58.06 W
2026/09/29 13:55:34.651, 8995 MiB, 15360 MiB, 70 %, 60.67 W
2026/09/29 13:55:35.665, 8995 MiB, 15360 MiB, 99 %, 66.63 W
2026/09/29 13:55:36.670, 8995 MiB, 15360 MiB, 92 %, 58.75 W
2026/09/29 13:55:37.676, 8995 MiB, 15360 MiB, 99 %, 60.38 W
2026/09/29 13:55:38.688, 8995 MiB, 15360 MiB, 100 %, 101.35 W
2026/09/29 13:55:39.694, 8995 MiB, 15360 MiB, 99 %, 65.10 W
2026/09/29 13:55:40.700, 8995 MiB, 15360 MiB, 99 %, 64.96 W
2026/09/29 13:55:41.706, 8995 MiB, 15360 MiB, 99 %, 68.15 W
2026/09/29 13:55:42.722, 8995 MiB, 15360 MiB, 76 %, 72.79 W
2026/09/29 13:55:43.734, 8995 MiB, 15360 MiB, 81 %, 60.87 W
2026/09/29 13:55:44.754, 8995 MiB, 15360 MiB, 91 %, 69.37 W
2026/09/29 13:55:45.760, 8995 MiB, 15360 MiB, 99 %, 62.69 W
2026/09/29 13:55:46.772, 8995 MiB, 15360 MiB, 99 %, 62.69 W
2026/09/29 13:55:47.780, 8995 MiB, 15360 MiB, 100 %, 68.84 W
2026/09/29 13:55:48.792, 8995 MiB, 15360 MiB, 98 %, 65.16 W
2026/09/29 13:55:49.798, 8995 MiB, 15360 MiB, 70 %, 82.22 W
2026/09/29 13:55:50.805, 8995 MiB, 15360 MiB, 100 %, 63.08 W
2026/09/29 13:55:51.816, 8995 MiB, 15360 MiB, 98 %, 73.04 W
2026/09/29 13:55:52.822, 8995 MiB, 15360 MiB, 100 %, 66.77 W
2026/09/29 13:55:53.829, 8995 MiB, 15360 MiB, 100 %, 67.80 W
2026/09/29 13:55:54.841, 8995 MiB, 15360 MiB, 79 %, 68.52 W
2026/09/29 13:55:55.855, 8995 MiB, 15360 MiB, 85 %, 69.39 W
2026/09/29 13:55:56.869, 8995 MiB, 15360 MiB, 75 %, 67.47 W
2026/09/29 13:55:57.882, 8995 MiB, 15360 MiB, 85 %, 59.43 W
2026/09/29 13:55:58.897, 8995 MiB, 15360 MiB, 100 %, 69.23 W
2026/09/29 13:55:59.908, 8995 MiB, 15360 MiB, 91 %, 67.86 W
2026/09/29 13:56:00.923, 8995 MiB, 15360 MiB, 99 %, 65.10 W
2026/09/29 13:56:01.935, 8995 MiB, 15360 MiB, 100 %, 66.63 W
2026/09/29 13:56:02.954, 8995 MiB, 15360 MiB, 99 %, 57.67 W
2026/09/29 13:56:03.965, 8995 MiB, 15360 MiB, 99 %, 66.33 W
2026/09/29 13:56:04.973, 8995 MiB, 15360 MiB, 0 %, 40.07 W
2026/09/29 13:56:05.977, 8995 MiB, 15360 MiB, 0 %, 39.88 W
2026/09/29 13:56:06.982, 0 MiB, 15360 MiB, 54 %, 32.05 W
2026/09/29 13:56:07.988, 0 MiB, 15360 MiB, 0 %, 39.68 W
2026/09/29 13:56:08.992, 0 MiB, 15360 MiB, 0 %, 30.09 W
2026/09/29 13:56:09.998, 0 MiB, 15360 MiB, 0 %, 28.70 W
2026/09/29 13:56:11.003, 0 MiB, 15360 MiB, 0 %, 15.00 W
2026/09/29 13:56:12.010, 0 MiB, 15360 MiB, 0 %, 10.85 W
2026/09/29 13:56:13.018, 0 MiB, 15360 MiB, 0 %, 11.05 W
2026/09/29 13:56:14.026, 0 MiB, 15360 MiB, 0 %, 10.75 W
2026/09/29 13:56:15.033, 0 MiB, 15360 MiB, 0 %, 10.95 W
2026/09/29 13:56:16.041, 0 MiB, 15360 MiB, 0 %, 10.45 W
2026/09/29 13:56:17.048, 0 MiB, 15360 MiB, 0 %, 10.75 W
2026/09/29 13:56:18.056, 0 MiB, 15360 MiB, 0 %, 10.85 W
2026/09/29 13:56:19.064, 0 MiB, 15360 MiB, 0 %, 10.55 W
2026/09/29 13:56:20.072, 0 MiB, 15360 MiB, 0 %, 10.55 W
2026/09/29 13:56:21.081, 0 MiB, 15360 MiB, 0 %, 10.55 W
2026/09/29 13:56:22.088, 0 MiB, 15360 MiB, 0 %, 10.45 W
2026/09/29 13:56:23.097, 0 MiB, 15360 MiB, 0 %, 10.25 W
2026/09/29 13:56:24.105, 0 MiB, 15360 MiB, 0 %, 10.25 W
2026/09/29 13:56:25.113, 0 MiB, 15360 MiB, 0 %, 10.25 W
2026/09/29 13:56:26.122, 0 MiB, 15360 MiB, 0 %, 10.25 W
2026/09/29 13:56:27.130, 0 MiB, 15360 MiB, 0 %, 10.45 W
2026/09/29 13:56:28.139, 0 MiB, 15360 MiB, 0 %, 10.45 W
2026/09/29 13:56:29.147, 0 MiB, 15360 MiB, 0 %, 10.15 W
2026/09/29 13:56:30.156, 0 MiB, 15360 MiB, 0 %, 10.15 W
2026/09/29 13:56:31.165, 0 MiB, 15360 MiB, 0 %, 10.55 W
2026/09/29 13:56:32.173, 0 MiB, 15360 MiB, 0 %, 10.45 W
2026/09/29 13:56:33.180, 0 MiB, 15360 MiB, 0 %, 10.15 W
2026/09/29 13:56:34.189, 0 MiB, 15360 MiB, 0 %, 10.15 W
2026/09/29 13:56:35.197, 0 MiB, 15360 MiB, 0 %, 15.01 W
2026/09/29 13:56:36.204, 0 MiB, 15360 MiB, 0 %, 11.25 W
2026/09/29 13:56:37.211, 0 MiB, 15360 MiB, 0 %, 11.25 W
2026/09/29 13:56:38.219, 0 MiB, 15360 MiB, 0 %, 11.25 W
2026/09/29 13:56:39.226, 0 MiB, 15360 MiB, 0 %, 11.15 W
2026/09/29 13:56:40.234, 0 MiB, 15360 MiB, 0 %, 11.25 W
2026/09/29 13:56:41.242, 0 MiB, 15360 MiB, 0 %, 11.54 W
2026/09/29 13:56:42.250, 0 MiB, 15360 MiB, 0 %, 11.25 W
2026/09/29 13:56:43.257, 0 MiB, 15360 MiB, 0 %, 11.25 W
2026/09/29 13:56:44.266, 0 MiB, 15360 MiB, 0 %, 11.25 W
2026/09/29 13:56:45.273, 0 MiB, 15360 MiB, 0 %, 11.25 W
2026/09/29 13:56:46.281, 0 MiB, 15360 MiB, 0 %, 11.35 W
2026/09/29 13:56:47.288, 0 MiB, 15360 MiB, 0 %, 11.25 W
2026/09/29 13:56:48.297, 0 MiB, 15360 MiB, 0 %, 10.55 W
2026/09/29 13:56:49.305, 0 MiB, 15360 MiB, 0 %, 10.25 W
2026/09/29 13:56:50.314, 0 MiB, 15360 MiB, 0 %, 10.15 W
2026/09/29 13:56:51.323, 0 MiB, 15360 MiB, 0 %, 10.06 W
2026/09/29 13:56:52.331, 0 MiB, 15360 MiB, 0 %, 10.06 W
2026/09/29 13:56:53.339, 0 MiB, 15360 MiB, 0 %, 10.25 W
2026/09/29 13:56:54.348, 0 MiB, 15360 MiB, 0 %, 10.25 W
2026/09/29 13:56:55.355, 0 MiB, 15360 MiB, 0 %, 10.45 W
2026/09/29 13:56:56.364, 0 MiB, 15360 MiB, 0 %, 10.15 W
2026/09/29 13:56:57.373, 0 MiB, 15360 MiB, 0 %, 9.96 W
2026/09/29 13:56:58.380, 0 MiB, 15360 MiB, 0 %, 9.96 W
2026/09/29 13:56:59.388, 0 MiB, 15360 MiB, 0 %, 9.96 W
2026/09/29 13:57:00.395, 0 MiB, 15360 MiB, 0 %, 9.96 W
2026/09/29 13:57:01.402, 0 MiB, 15360 MiB, 0 %, 9.96 W
2026/09/29 13:57:02.410, 0 MiB, 15360 MiB, 0 %, 10.15 W
2026/09/29 13:57:03.417, 0 MiB, 15360 MiB, 0 %, 9.96 W
2026/09/29 13:57:04.425, 0 MiB, 15360 MiB, 0 %, 10.15 W
2026/09/29 13:57:05.433, 0 MiB, 15360 MiB, 0 %, 9.96 W
2026/09/29 13:57:06.441, 0 MiB, 15360 MiB, 0 %, 9.96 W
2026/09/29 13:57:07.452, 0 MiB, 15360 MiB, 0 %, 9.96 W
2026/09/29 13:57:08.460, 0 MiB, 15360 MiB, 0 %, 10.06 W
2026/09/29 13:57:09.469, 0 MiB, 15360 MiB, 0 %, 10.15 W
2026/09/29 13:57:10.477, 0 MiB, 15360 MiB, 0 %, 9.96 W
2026/09/29 13:57:11.485, 0 MiB, 15360 MiB, 0 %, 9.86 W
2026/09/29 13:57:12.493, 0 MiB, 15360 MiB, 0 %, 9.86 W
2026/09/29 13:57:13.500, 0 MiB, 15360 MiB, 0 %, 10.06 W
2026/09/29 13:57:14.507, 0 MiB, 15360 MiB, 0 %, 9.86 W
2026/09/29 13:57:15.516, 0 MiB, 15360 MiB, 0 %, 10.16 W
2026/09/29 13:57:16.525, 0 MiB, 15360 MiB, 0 %, 10.06 W
2026/09/29 13:57:17.532, 0 MiB, 15360 MiB, 0 %, 9.96 W
2026/09/29 13:57:18.541, 0 MiB, 15360 MiB, 0 %, 10.15 W
2026/09/29 13:57:19.548, 0 MiB, 15360 MiB, 0 %, 10.06 W
2026/09/29 13:57:20.557, 0 MiB, 15360 MiB, 0 %, 9.86 W
2026/09/29 13:57:21.566, 0 MiB, 15360 MiB, 0 %, 10.06 W
2026/09/29 13:57:22.574, 0 MiB, 15360 MiB, 0 %, 9.96 W
2026/09/29 13:57:23.581, 0 MiB, 15360 MiB, 0 %, 10.06 W
2026/09/29 13:57:24.590, 0 MiB, 15360 MiB, 0 %, 9.86 W
2026/09/29 13:57:25.597, 0 MiB, 15360 MiB, 0 %, 9.76 W
2026/09/29 13:57:26.606, 0 MiB, 15360 MiB, 0 %, 9.76 W
2026/09/29 13:57:27.614, 0 MiB, 15360 MiB, 0 %, 9.96 W
2026/09/29 13:57:28.623, 0 MiB, 15360 MiB, 0 %, 9.76 W
2026/09/29 13:57:29.632, 0 MiB, 15360 MiB, 0 %, 9.86 W
2026/09/29 13:57:30.639, 0 MiB, 15360 MiB, 0 %, 9.76 W
2026/09/29 13:57:31.647, 0 MiB, 15360 MiB, 0 %, 9.86 W
2026/09/29 13:57:32.655, 0 MiB, 15360 MiB, 0 %, 10.15 W
2026/09/29 13:57:33.663, 0 MiB, 15360 MiB, 0 %, 9.76 W
2026/09/29 13:57:34.671, 0 MiB, 15360 MiB, 0 %, 9.96 W
2026/09/29 13:57:35.679, 0 MiB, 15360 MiB, 0 %, 9.96 W
2026/09/29 13:57:36.686, 0 MiB, 15360 MiB, 0 %, 9.76 W
2026/09/29 13:57:37.695, 0 MiB, 15360 MiB, 0 %, 10.06 W
2026/09/29 13:57:38.703, 0 MiB, 15360 MiB, 0 %, 9.76 W
2026/09/29 13:57:39.710, 0 MiB, 15360 MiB, 0 %, 9.96 W
2026/09/29 13:57:40.719, 0 MiB, 15360 MiB, 0 %, 9.76 W
2026/09/29 13:57:41.727, 0 MiB, 15360 MiB, 0 %, 9.76 W
2026/09/29 13:57:42.735, 0 MiB, 15360 MiB, 0 %, 9.96 W
2026/09/29 13:57:43.742, 0 MiB, 15360 MiB, 0 %, 9.96 W
2026/09/29 13:57:44.751, 0 MiB, 15360 MiB, 0 %, 9.96 W
2026/09/29 13:57:45.760, 0 MiB, 15360 MiB, 0 %, 9.76 W
2026/09/29 13:57:46.768, 0 MiB, 15360 MiB, 0 %, 9.96 W
2026/09/29 13:57:47.777, 0 MiB, 15360 MiB, 0 %, 9.96 W
2026/09/29 13:57:48.785, 0 MiB, 15360 MiB, 0 %, 9.66 W
2026/09/29 13:57:49.793, 0 MiB, 15360 MiB, 0 %, 9.66 W
2026/09/29 13:57:50.801, 0 MiB, 15360 MiB, 0 %, 9.66 W
2026/09/29 13:57:51.810, 0 MiB, 15360 MiB, 0 %, 9.96 W
2026/09/29 13:57:52.818, 0 MiB, 15360 MiB, 0 %, 9.66 W
2026/09/29 13:57:53.826, 0 MiB, 15360 MiB, 0 %, 9.86 W
2026/09/29 13:57:54.835, 0 MiB, 15360 MiB, 0 %, 9.86 W
2026/09/29 13:57:55.843, 0 MiB, 15360 MiB, 0 %, 9.66 W
2026/09/29 13:57:56.851, 0 MiB, 15360 MiB, 0 %, 9.66 W
2026/09/29 13:57:57.860, 0 MiB, 15360 MiB, 0 %, 9.66 W
2026/09/29 13:57:58.868, 0 MiB, 15360 MiB, 0 %, 9.66 W
2026/09/29 13:57:59.877, 0 MiB, 15360 MiB, 0 %, 9.76 W
2026/09/29 13:58:00.885, 0 MiB, 15360 MiB, 0 %, 9.86 W
2026/09/29 13:58:01.894, 0 MiB, 15360 MiB, 0 %, 9.66 W
2026/09/29 13:58:02.901, 0 MiB, 15360 MiB, 0 %, 9.86 W
2026/09/29 13:58:03.910, 0 MiB, 15360 MiB, 0 %, 9.86 W
2026/09/29 13:58:04.917, 0 MiB, 15360 MiB, 0 %, 9.76 W
2026/09/29 13:58:05.925, 0 MiB, 15360 MiB, 0 %, 9.66 W
2026/09/29 13:58:06.932, 0 MiB, 15360 MiB, 0 %, 9.86 W
2026/09/29 13:58:07.940, 0 MiB, 15360 MiB, 0 %, 9.66 W
2026/09/29 13:58:08.947, 0 MiB, 15360 MiB, 0 %, 9.96 W
2026/09/29 13:58:09.955, 0 MiB, 15360 MiB, 0 %, 10.15 W
2026/09/29 13:58:10.962, 0 MiB, 15360 MiB, 0 %, 9.66 W
2026/09/29 13:58:11.969, 0 MiB, 15360 MiB, 0 %, 9.86 W
2026/09/29 13:58:12.977, 0 MiB, 15360 MiB, 0 %, 9.66 W
2026/09/29 13:58:13.986, 0 MiB, 15360 MiB, 0 %, 9.76 W
2026/09/29 13:58:14.994, 0 MiB, 15360 MiB, 0 %, 9.66 W
2026/09/29 13:58:16.004, 0 MiB, 15360 MiB, 0 %, 9.86 W
2026/09/29 13:58:17.014, 0 MiB, 15360 MiB, 0 %, 9.76 W
2026/09/29 13:58:18.023, 0 MiB, 15360 MiB, 0 %, 9.76 W
2026/09/29 13:58:19.030, 0 MiB, 15360 MiB, 0 %, 9.56 W
2026/09/29 13:58:20.039, 0 MiB, 15360 MiB, 0 %, 9.56 W
2026/09/29 13:58:21.046, 0 MiB, 15360 MiB, 0 %, 9.56 W
2026/09/29 13:58:22.054, 0 MiB, 15360 MiB, 0 %, 9.86 W
2026/09/29 13:58:23.061, 0 MiB, 15360 MiB, 0 %, 9.86 W
2026/09/29 13:58:24.069, 0 MiB, 15360 MiB, 0 %, 9.76 W
2026/09/29 13:58:25.076, 3 MiB, 15360 MiB, 0 %, 9.56 W
2026/09/29 13:58:26.084, 3 MiB, 15360 MiB, 0 %, 9.56 W
2026/09/29 13:58:27.093, 3 MiB, 15360 MiB, 0 %, 9.56 W
2026/09/29 13:58:28.108, 3 MiB, 15360 MiB, 0 %, 9.76 W
2026/09/29 13:58:29.124, 3 MiB, 15360 MiB, 0 %, 9.76 W
2026/09/29 13:58:30.141, 3 MiB, 15360 MiB, 0 %, 9.56 W
2026/09/29 13:58:31.149, 3 MiB, 15360 MiB, 0 %, 9.96 W
2026/09/29 13:58:32.157, 3 MiB, 15360 MiB, 0 %, 9.76 W
2026/09/29 13:58:33.165, 415 MiB, 15360 MiB, 7 %, 29.79 W
2026/09/29 13:58:34.170, 489 MiB, 15360 MiB, 0 %, 29.89 W
2026/09/29 13:58:35.174, 489 MiB, 15360 MiB, 0 %, 26.25 W
2026/09/29 13:58:36.179, 489 MiB, 15360 MiB, 0 %, 26.25 W
2026/09/29 13:58:37.184, 489 MiB, 15360 MiB, 0 %, 26.25 W
2026/09/29 13:58:38.188, 489 MiB, 15360 MiB, 0 %, 26.25 W
2026/09/29 13:58:39.194, 507 MiB, 15360 MiB, 0 %, 26.25 W
2026/09/29 13:58:40.208, 507 MiB, 15360 MiB, 0 %, 26.25 W
2026/09/29 13:58:41.215, 507 MiB, 15360 MiB, 0 %, 26.35 W
2026/09/29 13:58:42.228, 507 MiB, 15360 MiB, 0 %, 26.25 W
2026/09/29 13:58:43.234, 6675 MiB, 15360 MiB, 89 %, 48.17 W
2026/09/29 13:58:44.246, 13275 MiB, 15360 MiB, 100 %, 81.06 W
2026/09/29 13:58:45.257, 13275 MiB, 15360 MiB, 78 %, 68.24 W
2026/09/29 13:58:46.269, 13275 MiB, 15360 MiB, 96 %, 58.45 W
2026/09/29 13:58:47.275, 13355 MiB, 15360 MiB, 31 %, 34.49 W
2026/09/29 13:58:48.279, 13355 MiB, 15360 MiB, 67 %, 71.48 W
2026/09/29 13:58:49.287, 13355 MiB, 15360 MiB, 98 %, 72.55 W
2026/09/29 13:58:50.292, 13355 MiB, 15360 MiB, 80 %, 35.07 W
2026/09/29 13:58:51.296, 13355 MiB, 15360 MiB, 51 %, 66.57 W
2026/09/29 13:58:52.300, 13355 MiB, 15360 MiB, 63 %, 63.95 W
2026/09/29 13:58:53.313, 13355 MiB, 15360 MiB, 71 %, 98.33 W
2026/09/29 13:58:54.323, 13355 MiB, 15360 MiB, 60 %, 75.01 W
2026/09/29 13:58:55.335, 13355 MiB, 15360 MiB, 93 %, 68.98 W
2026/09/29 13:58:56.342, 13355 MiB, 15360 MiB, 100 %, 62.99 W
2026/09/29 13:58:57.357, 13355 MiB, 15360 MiB, 100 %, 80.76 W
2026/09/29 13:58:58.362, 13355 MiB, 15360 MiB, 100 %, 67.96 W
2026/09/29 13:58:59.367, 13355 MiB, 15360 MiB, 100 %, 65.08 W
2026/09/29 13:59:00.372, 13355 MiB, 15360 MiB, 71 %, 62.79 W
2026/09/29 13:59:01.378, 13355 MiB, 15360 MiB, 81 %, 70.12 W
2026/09/29 13:59:02.392, 13355 MiB, 15360 MiB, 100 %, 62.59 W
2026/09/29 13:59:03.408, 13355 MiB, 15360 MiB, 98 %, 67.61 W
2026/09/29 13:59:04.424, 13355 MiB, 15360 MiB, 97 %, 73.05 W
2026/09/29 13:59:05.438, 13355 MiB, 15360 MiB, 65 %, 63.44 W
2026/09/29 13:59:06.461, 13355 MiB, 15360 MiB, 78 %, 64.85 W
2026/09/29 13:59:07.473, 13355 MiB, 15360 MiB, 60 %, 56.49 W
2026/09/29 13:59:08.491, 13355 MiB, 15360 MiB, 100 %, 58.49 W
2026/09/29 13:59:09.499, 13355 MiB, 15360 MiB, 85 %, 66.08 W
2026/09/29 13:59:10.513, 13355 MiB, 15360 MiB, 100 %, 76.57 W
2026/09/29 13:59:11.526, 13355 MiB, 15360 MiB, 100 %, 65.49 W
2026/09/29 13:59:12.533, 13355 MiB, 15360 MiB, 100 %, 68.43 W
2026/09/29 13:59:13.538, 13355 MiB, 15360 MiB, 100 %, 66.98 W
2026/09/29 13:59:14.552, 13355 MiB, 15360 MiB, 100 %, 63.67 W
2026/09/29 13:59:15.563, 13355 MiB, 15360 MiB, 98 %, 65.40 W
2026/09/29 13:59:16.572, 13355 MiB, 15360 MiB, 86 %, 63.38 W
2026/09/29 13:59:17.578, 13355 MiB, 15360 MiB, 98 %, 68.15 W
2026/09/29 13:59:18.590, 13355 MiB, 15360 MiB, 100 %, 65.30 W
2026/09/29 13:59:19.611, 13355 MiB, 15360 MiB, 73 %, 71.08 W
2026/09/29 13:59:20.624, 13355 MiB, 15360 MiB, 59 %, 71.03 W
2026/09/29 13:59:21.633, 13355 MiB, 15360 MiB, 80 %, 67.23 W
2026/09/29 13:59:22.643, 13355 MiB, 15360 MiB, 86 %, 72.21 W
2026/09/29 13:59:23.648, 13355 MiB, 15360 MiB, 100 %, 59.99 W
2026/09/29 13:59:24.653, 13355 MiB, 15360 MiB, 76 %, 70.59 W
2026/09/29 13:59:25.663, 13355 MiB, 15360 MiB, 64 %, 79.49 W
2026/09/29 13:59:26.668, 13355 MiB, 15360 MiB, 88 %, 60.73 W
2026/09/29 13:59:27.677, 8717 MiB, 15360 MiB, 100 %, 68.58 W
2026/09/29 13:59:28.688, 8743 MiB, 15360 MiB, 70 %, 75.44 W
2026/09/29 13:59:29.705, 8743 MiB, 15360 MiB, 75 %, 58.61 W
2026/09/29 13:59:30.713, 8743 MiB, 15360 MiB, 47 %, 56.26 W
2026/09/29 13:59:31.726, 8743 MiB, 15360 MiB, 45 %, 65.08 W
2026/09/29 13:59:32.744, 8743 MiB, 15360 MiB, 51 %, 65.08 W
2026/09/29 13:59:33.749, 8743 MiB, 15360 MiB, 100 %, 65.24 W
2026/09/29 13:59:34.753, 8743 MiB, 15360 MiB, 100 %, 66.98 W
2026/09/29 13:59:35.759, 8743 MiB, 15360 MiB, 94 %, 70.55 W
2026/09/29 13:59:36.769, 8743 MiB, 15360 MiB, 73 %, 68.10 W
2026/09/29 13:59:37.774, 8743 MiB, 15360 MiB, 74 %, 70.61 W
2026/09/29 13:59:38.779, 8743 MiB, 15360 MiB, 95 %, 68.98 W
2026/09/29 13:59:39.792, 8743 MiB, 15360 MiB, 74 %, 83.88 W
2026/09/29 13:59:40.804, 8743 MiB, 15360 MiB, 100 %, 66.73 W
2026/09/29 13:59:41.810, 8743 MiB, 15360 MiB, 91 %, 68.35 W
2026/09/29 13:59:42.819, 8743 MiB, 15360 MiB, 90 %, 65.16 W
2026/09/29 13:59:43.829, 8743 MiB, 15360 MiB, 51 %, 63.93 W
2026/09/29 13:59:44.840, 8743 MiB, 15360 MiB, 40 %, 74.03 W
2026/09/29 13:59:45.857, 8743 MiB, 15360 MiB, 100 %, 66.63 W
2026/09/29 13:59:46.864, 8743 MiB, 15360 MiB, 98 %, 70.89 W
2026/09/29 13:59:47.876, 8743 MiB, 15360 MiB, 100 %, 65.51 W
2026/09/29 13:59:48.888, 8743 MiB, 15360 MiB, 100 %, 65.49 W
2026/09/29 13:59:49.898, 8743 MiB, 15360 MiB, 100 %, 67.21 W
2026/09/29 13:59:50.912, 8743 MiB, 15360 MiB, 100 %, 65.10 W
2026/09/29 13:59:51.927, 7713 MiB, 15360 MiB, 100 %, 74.51 W
2026/09/29 13:59:52.941, 7729 MiB, 15360 MiB, 89 %, 58.91 W
2026/09/29 13:59:53.955, 7745 MiB, 15360 MiB, 73 %, 68.86 W
2026/09/29 13:59:54.964, 7745 MiB, 15360 MiB, 88 %, 57.08 W
2026/09/29 13:59:55.976, 8245 MiB, 15360 MiB, 100 %, 64.81 W
2026/09/29 13:59:56.989, 8245 MiB, 15360 MiB, 98 %, 86.94 W
2026/09/29 13:59:58.013, 8245 MiB, 15360 MiB, 98 %, 76.66 W
2026/09/29 13:59:59.024, 8245 MiB, 15360 MiB, 100 %, 58.71 W
2026/09/29 14:00:00.032, 8245 MiB, 15360 MiB, 99 %, 67.75 W
2026/09/29 14:00:01.044, 8245 MiB, 15360 MiB, 100 %, 59.99 W
2026/09/29 14:00:02.053, 8545 MiB, 15360 MiB, 100 %, 64.03 W
2026/09/29 14:00:03.064, 8545 MiB, 15360 MiB, 100 %, 67.33 W
2026/09/29 14:00:04.075, 8545 MiB, 15360 MiB, 100 %, 65.00 W
2026/09/29 14:00:05.081, 8545 MiB, 15360 MiB, 98 %, 63.38 W
2026/09/29 14:00:06.087, 8545 MiB, 15360 MiB, 98 %, 65.59 W
2026/09/29 14:00:07.094, 8545 MiB, 15360 MiB, 100 %, 59.24 W
2026/09/29 14:00:08.102, 8545 MiB, 15360 MiB, 87 %, 70.44 W
2026/09/29 14:00:09.109, 8545 MiB, 15360 MiB, 86 %, 59.89 W
2026/09/29 14:00:10.128, 8545 MiB, 15360 MiB, 41 %, 62.18 W
2026/09/29 14:00:11.140, 8545 MiB, 15360 MiB, 50 %, 40.37 W
2026/09/29 14:00:12.147, 8545 MiB, 15360 MiB, 98 %, 64.04 W
2026/09/29 14:00:13.153, 8545 MiB, 15360 MiB, 98 %, 65.45 W
2026/09/29 14:00:14.162, 8545 MiB, 15360 MiB, 98 %, 67.33 W
2026/09/29 14:00:15.169, 8545 MiB, 15360 MiB, 100 %, 65.75 W
2026/09/29 14:00:16.178, 8545 MiB, 15360 MiB, 85 %, 56.39 W
2026/09/29 14:00:17.191, 8545 MiB, 15360 MiB, 99 %, 65.30 W
2026/09/29 14:00:18.198, 8545 MiB, 15360 MiB, 70 %, 66.92 W
2026/09/29 14:00:19.206, 8545 MiB, 15360 MiB, 95 %, 69.72 W
2026/09/29 14:00:20.212, 8545 MiB, 15360 MiB, 76 %, 60.87 W
2026/09/29 14:00:21.217, 8545 MiB, 15360 MiB, 64 %, 58.68 W
2026/09/29 14:00:22.232, 8545 MiB, 15360 MiB, 85 %, 76.91 W
2026/09/29 14:00:23.241, 8631 MiB, 15360 MiB, 96 %, 68.64 W
2026/09/29 14:00:24.255, 8643 MiB, 15360 MiB, 83 %, 65.98 W
2026/09/29 14:00:25.265, 8645 MiB, 15360 MiB, 99 %, 75.98 W
2026/09/29 14:00:26.278, 8975 MiB, 15360 MiB, 66 %, 72.21 W
2026/09/29 14:00:27.288, 8975 MiB, 15360 MiB, 100 %, 65.40 W
2026/09/29 14:00:28.293, 8975 MiB, 15360 MiB, 100 %, 66.24 W
2026/09/29 14:00:29.299, 8975 MiB, 15360 MiB, 98 %, 75.79 W
2026/09/29 14:00:30.309, 8975 MiB, 15360 MiB, 98 %, 66.47 W
2026/09/29 14:00:31.322, 14551 MiB, 15360 MiB, 99 %, 67.51 W
2026/09/29 14:00:32.342, 8829 MiB, 15360 MiB, 100 %, 69.17 W
2026/09/29 14:00:33.350, 8861 MiB, 15360 MiB, 49 %, 85.87 W
2026/09/29 14:00:34.358, 8861 MiB, 15360 MiB, 57 %, 71.15 W
2026/09/29 14:00:35.386, 8861 MiB, 15360 MiB, 74 %, 65.85 W
2026/09/29 14:00:36.392, 8861 MiB, 15360 MiB, 84 %, 45.75 W
2026/09/29 14:00:37.401, 8861 MiB, 15360 MiB, 100 %, 68.99 W
2026/09/29 14:00:38.410, 8861 MiB, 15360 MiB, 100 %, 59.60 W
2026/09/29 14:00:39.422, 8861 MiB, 15360 MiB, 100 %, 57.83 W
2026/09/29 14:00:40.427, 8861 MiB, 15360 MiB, 80 %, 68.15 W
2026/09/29 14:00:41.433, 8861 MiB, 15360 MiB, 61 %, 75.14 W
2026/09/29 14:00:42.443, 8861 MiB, 15360 MiB, 78 %, 89.32 W
2026/09/29 14:00:43.459, 8861 MiB, 15360 MiB, 81 %, 62.59 W
2026/09/29 14:00:44.472, 8861 MiB, 15360 MiB, 91 %, 70.82 W
2026/09/29 14:00:45.485, 8861 MiB, 15360 MiB, 57 %, 72.21 W
2026/09/29 14:00:46.497, 8861 MiB, 15360 MiB, 72 %, 35.17 W
2026/09/29 14:00:47.501, 8861 MiB, 15360 MiB, 100 %, 66.53 W
2026/09/29 14:00:48.515, 8861 MiB, 15360 MiB, 97 %, 68.54 W
2026/09/29 14:00:49.520, 8861 MiB, 15360 MiB, 98 %, 63.87 W
2026/09/29 14:00:50.530, 8861 MiB, 15360 MiB, 95 %, 65.10 W
2026/09/29 14:00:51.543, 8861 MiB, 15360 MiB, 100 %, 62.79 W
2026/09/29 14:00:52.554, 8861 MiB, 15360 MiB, 100 %, 64.61 W
2026/09/29 14:00:53.560, 8861 MiB, 15360 MiB, 99 %, 77.64 W
2026/09/29 14:00:54.566, 8861 MiB, 15360 MiB, 99 %, 71.23 W
2026/09/29 14:00:55.580, 8861 MiB, 15360 MiB, 99 %, 68.79 W
2026/09/29 14:00:56.596, 8861 MiB, 15360 MiB, 99 %, 67.41 W
2026/09/29 14:00:57.609, 8861 MiB, 15360 MiB, 93 %, 69.72 W
2026/09/29 14:00:58.615, 8861 MiB, 15360 MiB, 76 %, 87.23 W
2026/09/29 14:00:59.622, 8861 MiB, 15360 MiB, 36 %, 69.03 W
2026/09/29 14:01:00.634, 8861 MiB, 15360 MiB, 63 %, 73.19 W
2026/09/29 14:01:01.644, 8861 MiB, 15360 MiB, 66 %, 90.23 W
2026/09/29 14:01:02.664, 8861 MiB, 15360 MiB, 72 %, 81.25 W
2026/09/29 14:01:03.672, 8861 MiB, 15360 MiB, 100 %, 68.93 W
2026/09/29 14:01:04.681, 8861 MiB, 15360 MiB, 100 %, 68.93 W
2026/09/29 14:01:05.690, 8861 MiB, 15360 MiB, 100 %, 64.89 W
2026/09/29 14:01:06.697, 8861 MiB, 15360 MiB, 98 %, 64.46 W
2026/09/29 14:01:07.703, 8861 MiB, 15360 MiB, 98 %, 87.55 W
2026/09/29 14:01:08.717, 8861 MiB, 15360 MiB, 100 %, 60.54 W
2026/09/29 14:01:09.730, 8861 MiB, 15360 MiB, 99 %, 68.39 W
2026/09/29 14:01:10.739, 8861 MiB, 15360 MiB, 94 %, 58.94 W
2026/09/29 14:01:11.745, 8861 MiB, 15360 MiB, 55 %, 64.08 W
2026/09/29 14:01:12.754, 8861 MiB, 15360 MiB, 60 %, 66.47 W
2026/09/29 14:01:13.784, 8861 MiB, 15360 MiB, 0 %, 40.66 W
2026/09/29 14:01:14.792, 8861 MiB, 15360 MiB, 100 %, 66.57 W
2026/09/29 14:01:15.798, 8861 MiB, 15360 MiB, 98 %, 96.33 W
2026/09/29 14:01:16.811, 8861 MiB, 15360 MiB, 98 %, 69.86 W
2026/09/29 14:01:17.817, 8861 MiB, 15360 MiB, 100 %, 69.66 W
2026/09/29 14:01:18.825, 8861 MiB, 15360 MiB, 100 %, 64.22 W
2026/09/29 14:01:19.838, 8861 MiB, 15360 MiB, 100 %, 58.26 W
2026/09/29 14:01:20.853, 8861 MiB, 15360 MiB, 99 %, 66.73 W
2026/09/29 14:01:21.865, 8861 MiB, 15360 MiB, 67 %, 72.65 W
2026/09/29 14:01:22.871, 8861 MiB, 15360 MiB, 88 %, 58.71 W
2026/09/29 14:01:23.882, 8861 MiB, 15360 MiB, 99 %, 58.91 W
2026/09/29 14:01:24.899, 8861 MiB, 15360 MiB, 41 %, 59.49 W
2026/09/29 14:01:25.918, 8861 MiB, 15360 MiB, 100 %, 68.54 W
2026/09/29 14:01:26.928, 8861 MiB, 15360 MiB, 84 %, 64.95 W
2026/09/29 14:01:27.938, 9189 MiB, 15360 MiB, 98 %, 65.55 W
2026/09/29 14:01:28.953, 9189 MiB, 15360 MiB, 99 %, 63.38 W
2026/09/29 14:01:29.970, 9189 MiB, 15360 MiB, 89 %, 67.80 W
2026/09/29 14:01:30.977, 9189 MiB, 15360 MiB, 98 %, 64.51 W
2026/09/29 14:01:31.984, 9189 MiB, 15360 MiB, 100 %, 67.90 W
2026/09/29 14:01:32.989, 9189 MiB, 15360 MiB, 95 %, 65.36 W
2026/09/29 14:01:34.002, 9189 MiB, 15360 MiB, 85 %, 63.28 W
2026/09/29 14:01:35.016, 9189 MiB, 15360 MiB, 97 %, 68.35 W
2026/09/29 14:01:36.030, 9189 MiB, 15360 MiB, 81 %, 64.79 W
2026/09/29 14:01:37.044, 9189 MiB, 15360 MiB, 99 %, 67.55 W
2026/09/29 14:01:38.065, 9189 MiB, 15360 MiB, 56 %, 71.87 W
2026/09/29 14:01:39.073, 9189 MiB, 15360 MiB, 71 %, 71.82 W
2026/09/29 14:01:40.088, 9189 MiB, 15360 MiB, 100 %, 66.82 W
2026/09/29 14:01:41.096, 9189 MiB, 15360 MiB, 100 %, 80.32 W
2026/09/29 14:01:42.105, 9189 MiB, 15360 MiB, 100 %, 38.50 W
2026/09/29 14:01:43.110, 9189 MiB, 15360 MiB, 100 %, 78.81 W
2026/09/29 14:01:44.118, 9189 MiB, 15360 MiB, 98 %, 69.66 W
2026/09/29 14:01:45.129, 9189 MiB, 15360 MiB, 91 %, 68.38 W
2026/09/29 14:01:46.140, 9189 MiB, 15360 MiB, 98 %, 67.27 W
2026/09/29 14:01:47.147, 9189 MiB, 15360 MiB, 98 %, 69.56 W
2026/09/29 14:01:48.153, 9189 MiB, 15360 MiB, 100 %, 68.96 W
2026/09/29 14:01:49.163, 9189 MiB, 15360 MiB, 100 %, 68.39 W
2026/09/29 14:01:50.170, 9189 MiB, 15360 MiB, 97 %, 66.96 W
2026/09/29 14:01:51.184, 9189 MiB, 15360 MiB, 89 %, 61.46 W
2026/09/29 14:01:52.197, 9189 MiB, 15360 MiB, 95 %, 66.33 W
2026/09/29 14:01:53.209, 9189 MiB, 15360 MiB, 88 %, 67.04 W
2026/09/29 14:01:54.214, 9189 MiB, 15360 MiB, 95 %, 68.79 W
2026/09/29 14:01:55.224, 9189 MiB, 15360 MiB, 72 %, 71.08 W
2026/09/29 14:01:56.237, 9189 MiB, 15360 MiB, 89 %, 67.61 W
2026/09/29 14:01:57.248, 9189 MiB, 15360 MiB, 100 %, 45.05 W
2026/09/29 14:01:58.255, 9189 MiB, 15360 MiB, 100 %, 66.33 W
2026/09/29 14:01:59.259, 9189 MiB, 15360 MiB, 100 %, 66.47 W
2026/09/29 14:02:00.271, 9189 MiB, 15360 MiB, 98 %, 66.73 W
2026/09/29 14:02:01.276, 9189 MiB, 15360 MiB, 98 %, 69.13 W
2026/09/29 14:02:02.283, 9189 MiB, 15360 MiB, 100 %, 61.32 W
2026/09/29 14:02:03.293, 9189 MiB, 15360 MiB, 67 %, 68.01 W
2026/09/29 14:02:04.314, 9189 MiB, 15360 MiB, 72 %, 63.73 W
2026/09/29 14:02:05.337, 9189 MiB, 15360 MiB, 90 %, 69.76 W
2026/09/29 14:02:06.341, 9189 MiB, 15360 MiB, 94 %, 66.73 W
2026/09/29 14:02:07.347, 9189 MiB, 15360 MiB, 93 %, 75.39 W
2026/09/29 14:02:08.358, 9189 MiB, 15360 MiB, 71 %, 63.91 W
2026/09/29 14:02:09.370, 9189 MiB, 15360 MiB, 100 %, 69.51 W
2026/09/29 14:02:10.379, 9189 MiB, 15360 MiB, 100 %, 65.41 W
2026/09/29 14:02:11.383, 9189 MiB, 15360 MiB, 100 %, 64.22 W
2026/09/29 14:02:12.393, 9189 MiB, 15360 MiB, 100 %, 66.53 W
2026/09/29 14:02:13.406, 9189 MiB, 15360 MiB, 100 %, 67.16 W
2026/09/29 14:02:14.419, 9189 MiB, 15360 MiB, 100 %, 67.06 W
2026/09/29 14:02:15.425, 9189 MiB, 15360 MiB, 100 %, 68.24 W
2026/09/29 14:02:16.439, 9189 MiB, 15360 MiB, 79 %, 60.22 W
2026/09/29 14:02:17.448, 9189 MiB, 15360 MiB, 98 %, 64.57 W
2026/09/29 14:02:18.468, 9189 MiB, 15360 MiB, 98 %, 65.00 W
2026/09/29 14:02:19.474, 9189 MiB, 15360 MiB, 99 %, 66.98 W
2026/09/29 14:02:20.481, 9189 MiB, 15360 MiB, 89 %, 77.25 W
2026/09/29 14:02:21.494, 9189 MiB, 15360 MiB, 100 %, 65.69 W
2026/09/29 14:02:22.500, 9189 MiB, 15360 MiB, 100 %, 66.68 W
2026/09/29 14:02:23.507, 9189 MiB, 15360 MiB, 2 %, 40.07 W
2026/09/29 14:02:24.511, 9189 MiB, 15360 MiB, 1 %, 40.17 W
2026/09/29 14:02:25.516, 9189 MiB, 15360 MiB, 0 %, 29.20 W
2026/09/29 14:02:26.520, 0 MiB, 15360 MiB, 100 %, 34.49 W
2026/09/29 14:02:27.524, 0 MiB, 15360 MiB, 0 %, 39.58 W
2026/09/29 14:02:28.528, 0 MiB, 15360 MiB, 0 %, 28.90 W
2026/09/29 14:02:29.533, 0 MiB, 15360 MiB, 0 %, 28.70 W
2026/09/29 14:02:30.538, 0 MiB, 15360 MiB, 0 %, 14.91 W
2026/09/29 14:02:31.546, 0 MiB, 15360 MiB, 0 %, 10.85 W
2026/09/29 14:02:32.555, 0 MiB, 15360 MiB, 0 %, 12.34 W
2026/09/29 14:02:33.563, 0 MiB, 15360 MiB, 0 %, 10.95 W
2026/09/29 14:02:34.572, 0 MiB, 15360 MiB, 0 %, 11.05 W
2026/09/29 14:02:35.580, 0 MiB, 15360 MiB, 0 %, 10.95 W
2026/09/29 14:02:36.587, 0 MiB, 15360 MiB, 0 %, 10.95 W
2026/09/29 14:02:37.595, 0 MiB, 15360 MiB, 0 %, 10.45 W
2026/09/29 14:02:38.603, 0 MiB, 15360 MiB, 0 %, 10.45 W
2026/09/29 14:02:39.612, 0 MiB, 15360 MiB, 0 %, 10.55 W
2026/09/29 14:02:40.619, 0 MiB, 15360 MiB, 0 %, 10.65 W
2026/09/29 14:02:41.628, 0 MiB, 15360 MiB, 0 %, 10.35 W
2026/09/29 14:02:42.636, 0 MiB, 15360 MiB, 0 %, 10.36 W
2026/09/29 14:02:43.644, 0 MiB, 15360 MiB, 0 %, 10.55 W
2026/09/29 14:02:44.652, 0 MiB, 15360 MiB, 0 %, 10.26 W
2026/09/29 14:02:45.660, 0 MiB, 15360 MiB, 0 %, 10.26 W
2026/09/29 14:02:46.667, 0 MiB, 15360 MiB, 0 %, 10.25 W
2026/09/29 14:02:47.675, 0 MiB, 15360 MiB, 0 %, 10.25 W
2026/09/29 14:02:48.682, 0 MiB, 15360 MiB, 0 %, 10.26 W
2026/09/29 14:02:49.689, 0 MiB, 15360 MiB, 0 %, 10.35 W
2026/09/29 14:02:50.698, 0 MiB, 15360 MiB, 0 %, 10.15 W
2026/09/29 14:02:51.705, 0 MiB, 15360 MiB, 0 %, 10.35 W
2026/09/29 14:02:52.718, 0 MiB, 15360 MiB, 0 %, 11.05 W
2026/09/29 14:02:53.725, 0 MiB, 15360 MiB, 0 %, 10.46 W
2026/09/29 14:02:54.732, 0 MiB, 15360 MiB, 0 %, 10.85 W
2026/09/29 14:02:55.741, 0 MiB, 15360 MiB, 0 %, 10.55 W
2026/09/29 14:02:56.748, 0 MiB, 15360 MiB, 0 %, 10.55 W
2026/09/29 14:02:57.757, 0 MiB, 15360 MiB, 0 %, 10.65 W
2026/09/29 14:02:58.765, 0 MiB, 15360 MiB, 0 %, 10.85 W
2026/09/29 14:02:59.773, 0 MiB, 15360 MiB, 0 %, 10.55 W
2026/09/29 14:03:00.782, 0 MiB, 15360 MiB, 0 %, 10.55 W
2026/09/29 14:03:01.790, 0 MiB, 15360 MiB, 0 %, 10.45 W
2026/09/29 14:03:02.799, 0 MiB, 15360 MiB, 0 %, 10.55 W
2026/09/29 14:03:03.807, 0 MiB, 15360 MiB, 0 %, 10.95 W
2026/09/29 14:03:04.815, 0 MiB, 15360 MiB, 0 %, 10.55 W
2026/09/29 14:03:05.822, 0 MiB, 15360 MiB, 0 %, 10.55 W
2026/09/29 14:03:06.830, 0 MiB, 15360 MiB, 0 %, 10.15 W
2026/09/29 14:03:07.837, 0 MiB, 15360 MiB, 0 %, 10.45 W
2026/09/29 14:03:08.845, 0 MiB, 15360 MiB, 0 %, 10.45 W
2026/09/29 14:03:09.854, 0 MiB, 15360 MiB, 0 %, 10.25 W
2026/09/29 14:03:10.862, 0 MiB, 15360 MiB, 0 %, 10.06 W
2026/09/29 14:03:11.870, 0 MiB, 15360 MiB, 0 %, 10.26 W
2026/09/29 14:03:12.878, 0 MiB, 15360 MiB, 0 %, 10.06 W
2026/09/29 14:03:13.886, 0 MiB, 15360 MiB, 0 %, 9.96 W
2026/09/29 14:03:14.895, 0 MiB, 15360 MiB, 0 %, 10.16 W
2026/09/29 14:03:15.903, 0 MiB, 15360 MiB, 0 %, 10.15 W
2026/09/29 14:03:16.912, 0 MiB, 15360 MiB, 0 %, 10.06 W
2026/09/29 14:03:17.921, 0 MiB, 15360 MiB, 0 %, 10.15 W
2026/09/29 14:03:18.929, 0 MiB, 15360 MiB, 0 %, 10.06 W
2026/09/29 14:03:19.937, 0 MiB, 15360 MiB, 0 %, 9.96 W
2026/09/29 14:03:20.944, 0 MiB, 15360 MiB, 0 %, 10.15 W
2026/09/29 14:03:21.952, 0 MiB, 15360 MiB, 0 %, 9.96 W
2026/09/29 14:03:22.959, 0 MiB, 15360 MiB, 0 %, 9.96 W
2026/09/29 14:03:23.966, 0 MiB, 15360 MiB, 0 %, 10.15 W
2026/09/29 14:03:24.973, 0 MiB, 15360 MiB, 0 %, 9.96 W
2026/09/29 14:03:25.981, 0 MiB, 15360 MiB, 0 %, 10.15 W
2026/09/29 14:03:26.990, 0 MiB, 15360 MiB, 0 %, 10.65 W
2026/09/29 14:03:27.997, 0 MiB, 15360 MiB, 0 %, 10.45 W
2026/09/29 14:03:29.005, 0 MiB, 15360 MiB, 0 %, 10.56 W
2026/09/29 14:03:30.013, 0 MiB, 15360 MiB, 0 %, 10.75 W
2026/09/29 14:03:31.021, 0 MiB, 15360 MiB, 0 %, 10.75 W
2026/09/29 14:03:32.028, 0 MiB, 15360 MiB, 0 %, 10.95 W
2026/09/29 14:03:33.035, 0 MiB, 15360 MiB, 0 %, 10.55 W
2026/09/29 14:03:34.043, 0 MiB, 15360 MiB, 0 %, 10.45 W
2026/09/29 14:03:35.051, 0 MiB, 15360 MiB, 0 %, 10.45 W
2026/09/29 14:03:36.059, 0 MiB, 15360 MiB, 0 %, 10.45 W
2026/09/29 14:03:37.068, 0 MiB, 15360 MiB, 0 %, 10.35 W
2026/09/29 14:03:38.077, 0 MiB, 15360 MiB, 0 %, 10.55 W
2026/09/29 14:03:39.085, 0 MiB, 15360 MiB, 0 %, 10.35 W
2026/09/29 14:03:40.094, 0 MiB, 15360 MiB, 0 %, 10.65 W
2026/09/29 14:03:41.101, 0 MiB, 15360 MiB, 0 %, 10.45 W
2026/09/29 14:03:42.109, 0 MiB, 15360 MiB, 0 %, 10.15 W
2026/09/29 14:03:43.117, 0 MiB, 15360 MiB, 0 %, 10.15 W
2026/09/29 14:03:44.125, 0 MiB, 15360 MiB, 0 %, 9.96 W
2026/09/29 14:03:45.134, 0 MiB, 15360 MiB, 0 %, 10.55 W
2026/09/29 14:03:46.142, 0 MiB, 15360 MiB, 0 %, 10.35 W
2026/09/29 14:03:47.150, 0 MiB, 15360 MiB, 0 %, 10.25 W
2026/09/29 14:03:48.159, 0 MiB, 15360 MiB, 0 %, 10.26 W
2026/09/29 14:03:49.167, 0 MiB, 15360 MiB, 0 %, 10.15 W
2026/09/29 14:03:50.174, 0 MiB, 15360 MiB, 0 %, 10.35 W
2026/09/29 14:03:51.184, 0 MiB, 15360 MiB, 0 %, 10.06 W
2026/09/29 14:03:52.193, 0 MiB, 15360 MiB, 0 %, 10.06 W
2026/09/29 14:03:53.201, 0 MiB, 15360 MiB, 0 %, 10.06 W
2026/09/29 14:03:54.210, 0 MiB, 15360 MiB, 0 %, 10.06 W
2026/09/29 14:03:55.218, 0 MiB, 15360 MiB, 0 %, 10.35 W
2026/09/29 14:03:56.226, 0 MiB, 15360 MiB, 0 %, 9.86 W
2026/09/29 14:03:57.234, 0 MiB, 15360 MiB, 0 %, 10.06 W
2026/09/29 14:03:58.243, 0 MiB, 15360 MiB, 0 %, 11.05 W
2026/09/29 14:03:59.251, 0 MiB, 15360 MiB, 0 %, 10.35 W
2026/09/29 14:04:00.259, 0 MiB, 15360 MiB, 0 %, 10.35 W
2026/09/29 14:04:01.267, 0 MiB, 15360 MiB, 0 %, 10.15 W
2026/09/29 14:04:02.276, 0 MiB, 15360 MiB, 0 %, 10.35 W
2026/09/29 14:04:03.283, 0 MiB, 15360 MiB, 0 %, 10.25 W
2026/09/29 14:04:04.292, 0 MiB, 15360 MiB, 0 %, 10.15 W
2026/09/29 14:04:05.300, 0 MiB, 15360 MiB, 0 %, 10.15 W
2026/09/29 14:04:06.309, 0 MiB, 15360 MiB, 0 %, 10.15 W
2026/09/29 14:04:07.317, 0 MiB, 15360 MiB, 0 %, 10.15 W
2026/09/29 14:04:08.325, 0 MiB, 15360 MiB, 0 %, 10.15 W
2026/09/29 14:04:09.332, 0 MiB, 15360 MiB, 0 %, 10.25 W
2026/09/29 14:04:10.341, 0 MiB, 15360 MiB, 0 %, 10.25 W
2026/09/29 14:04:11.350, 0 MiB, 15360 MiB, 0 %, 10.15 W
2026/09/29 14:04:12.358, 0 MiB, 15360 MiB, 0 %, 10.06 W
2026/09/29 14:04:13.367, 0 MiB, 15360 MiB, 0 %, 10.26 W
2026/09/29 14:04:14.375, 0 MiB, 15360 MiB, 0 %, 10.25 W
2026/09/29 14:04:15.383, 0 MiB, 15360 MiB, 0 %, 9.66 W
2026/09/29 14:04:16.391, 0 MiB, 15360 MiB, 0 %, 9.66 W
2026/09/29 14:04:17.399, 0 MiB, 15360 MiB, 0 %, 9.66 W
2026/09/29 14:04:18.407, 0 MiB, 15360 MiB, 0 %, 9.86 W
2026/09/29 14:04:19.416, 0 MiB, 15360 MiB, 0 %, 9.76 W
2026/09/29 14:04:20.423, 0 MiB, 15360 MiB, 0 %, 9.66 W
2026/09/29 14:04:21.430, 0 MiB, 15360 MiB, 0 %, 9.66 W
2026/09/29 14:04:22.439, 0 MiB, 15360 MiB, 0 %, 9.86 W
2026/09/29 14:04:23.446, 0 MiB, 15360 MiB, 0 %, 9.86 W
2026/09/29 14:04:24.454, 0 MiB, 15360 MiB, 0 %, 9.86 W
2026/09/29 14:04:25.462, 0 MiB, 15360 MiB, 0 %, 9.86 W
2026/09/29 14:04:26.470, 0 MiB, 15360 MiB, 0 %, 9.86 W
2026/09/29 14:04:27.479, 0 MiB, 15360 MiB, 0 %, 9.66 W
2026/09/29 14:04:28.486, 0 MiB, 15360 MiB, 0 %, 9.86 W
2026/09/29 14:04:29.494, 0 MiB, 15360 MiB, 0 %, 9.66 W
2026/09/29 14:04:30.502, 0 MiB, 15360 MiB, 0 %, 9.66 W
2026/09/29 14:04:31.510, 0 MiB, 15360 MiB, 0 %, 9.86 W
2026/09/29 14:04:32.517, 0 MiB, 15360 MiB, 0 %, 9.86 W
2026/09/29 14:04:33.525, 0 MiB, 15360 MiB, 0 %, 10.06 W
2026/09/29 14:04:34.532, 0 MiB, 15360 MiB, 0 %, 9.76 W
2026/09/29 14:04:35.540, 0 MiB, 15360 MiB, 0 %, 9.76 W
2026/09/29 14:04:36.547, 0 MiB, 15360 MiB, 0 %, 10.35 W
2026/09/29 14:04:37.556, 0 MiB, 15360 MiB, 0 %, 9.86 W
2026/09/29 14:04:38.565, 0 MiB, 15360 MiB, 0 %, 9.86 W
2026/09/29 14:04:39.572, 0 MiB, 15360 MiB, 0 %, 10.06 W
2026/09/29 14:04:40.580, 0 MiB, 15360 MiB, 0 %, 9.76 W
2026/09/29 14:04:41.589, 0 MiB, 15360 MiB, 0 %, 10.06 W
2026/09/29 14:04:42.596, 0 MiB, 15360 MiB, 0 %, 10.06 W
2026/09/29 14:04:43.604, 0 MiB, 15360 MiB, 0 %, 9.86 W
2026/09/29 14:04:44.611, 0 MiB, 15360 MiB, 0 %, 9.86 W
2026/09/29 14:04:45.618, 0 MiB, 15360 MiB, 0 %, 9.96 W
2026/09/29 14:04:46.626, 0 MiB, 15360 MiB, 0 %, 10.06 W
2026/09/29 14:04:47.635, 0 MiB, 15360 MiB, 0 %, 9.76 W
2026/09/29 14:04:48.642, 0 MiB, 15360 MiB, 0 %, 9.56 W
2026/09/29 14:04:49.650, 0 MiB, 15360 MiB, 0 %, 9.56 W
2026/09/29 14:04:50.659, 0 MiB, 15360 MiB, 0 %, 9.76 W
2026/09/29 14:04:51.666, 0 MiB, 15360 MiB, 0 %, 9.76 W
2026/09/29 14:04:52.674, 0 MiB, 15360 MiB, 0 %, 9.56 W
2026/09/29 14:04:53.682, 0 MiB, 15360 MiB, 0 %, 9.66 W
2026/09/29 14:04:54.690, 0 MiB, 15360 MiB, 0 %, 9.56 W
2026/09/29 14:04:55.699, 0 MiB, 15360 MiB, 0 %, 9.76 W
2026/09/29 14:04:56.707, 0 MiB, 15360 MiB, 0 %, 9.56 W
2026/09/29 14:04:57.716, 0 MiB, 15360 MiB, 0 %, 9.56 W
2026/09/29 14:04:58.723, 0 MiB, 15360 MiB, 0 %, 9.56 W
2026/09/29 14:04:59.732, 0 MiB, 15360 MiB, 0 %, 9.86 W
2026/09/29 14:05:00.739, 0 MiB, 15360 MiB, 0 %, 9.46 W
2026/09/29 14:05:01.748, 0 MiB, 15360 MiB, 0 %, 9.66 W
2026/09/29 14:05:02.756, 0 MiB, 15360 MiB, 0 %, 9.46 W
2026/09/29 14:05:03.764, 0 MiB, 15360 MiB, 0 %, 9.46 W
2026/09/29 14:05:04.771, 0 MiB, 15360 MiB, 0 %, 10.65 W
2026/09/29 14:05:05.780, 0 MiB, 15360 MiB, 0 %, 9.76 W
2026/09/29 14:05:06.787, 0 MiB, 15360 MiB, 0 %, 9.66 W
2026/09/29 14:05:07.795, 0 MiB, 15360 MiB, 0 %, 9.96 W
2026/09/29 14:05:08.804, 0 MiB, 15360 MiB, 0 %, 9.66 W
2026/09/29 14:05:09.812, 0 MiB, 15360 MiB, 0 %, 9.96 W
2026/09/29 14:05:10.820, 0 MiB, 15360 MiB, 0 %, 9.76 W
2026/09/29 14:05:11.828, 0 MiB, 15360 MiB, 0 %, 9.76 W
2026/09/29 14:05:12.835, 0 MiB, 15360 MiB, 0 %, 9.96 W
2026/09/29 14:05:13.843, 0 MiB, 15360 MiB, 0 %, 10.06 W
2026/09/29 14:05:14.850, 0 MiB, 15360 MiB, 0 %, 9.86 W
2026/09/29 14:05:15.858, 0 MiB, 15360 MiB, 0 %, 9.66 W
2026/09/29 14:05:16.866, 0 MiB, 15360 MiB, 0 %, 9.76 W
2026/09/29 14:05:17.875, 0 MiB, 15360 MiB, 0 %, 9.66 W
2026/09/29 14:05:18.882, 0 MiB, 15360 MiB, 0 %, 9.96 W
2026/09/29 14:05:19.889, 0 MiB, 15360 MiB, 0 %, 9.76 W
2026/09/29 14:05:20.897, 0 MiB, 15360 MiB, 0 %, 9.66 W
2026/09/29 14:05:21.905, 0 MiB, 15360 MiB, 0 %, 10.25 W
2026/09/29 14:05:22.914, 0 MiB, 15360 MiB, 0 %, 9.66 W
2026/09/29 14:05:23.923, 0 MiB, 15360 MiB, 0 %, 9.46 W
2026/09/29 14:05:24.930, 0 MiB, 15360 MiB, 0 %, 9.66 W
2026/09/29 14:05:25.938, 0 MiB, 15360 MiB, 0 %, 9.66 W
2026/09/29 14:05:26.946, 0 MiB, 15360 MiB, 0 %, 9.46 W
2026/09/29 14:05:27.953, 0 MiB, 15360 MiB, 0 %, 9.66 W
2026/09/29 14:05:28.960, 0 MiB, 15360 MiB, 0 %, 9.46 W
2026/09/29 14:05:29.968, 0 MiB, 15360 MiB, 0 %, 9.66 W
2026/09/29 14:05:30.976, 0 MiB, 15360 MiB, 0 %, 9.46 W
2026/09/29 14:05:31.983, 0 MiB, 15360 MiB, 0 %, 9.46 W
2026/09/29 14:05:32.992, 0 MiB, 15360 MiB, 0 %, 9.66 W
2026/09/29 14:05:33.999, 0 MiB, 15360 MiB, 0 %, 9.46 W
2026/09/29 14:05:35.008, 0 MiB, 15360 MiB, 0 %, 9.46 W
2026/09/29 14:05:36.018, 0 MiB, 15360 MiB, 0 %, 9.46 W
2026/09/29 14:05:37.026, 0 MiB, 15360 MiB, 0 %, 9.86 W
2026/09/29 14:05:38.033, 0 MiB, 15360 MiB, 0 %, 9.46 W
2026/09/29 14:05:39.040, 0 MiB, 15360 MiB, 0 %, 9.56 W
2026/09/29 14:05:40.049, 0 MiB, 15360 MiB, 0 %, 9.56 W
2026/09/29 14:05:41.056, 0 MiB, 15360 MiB, 0 %, 9.66 W
2026/09/29 14:05:42.063, 0 MiB, 15360 MiB, 0 %, 10.15 W
2026/09/29 14:05:43.072, 0 MiB, 15360 MiB, 0 %, 9.56 W
2026/09/29 14:05:44.080, 0 MiB, 15360 MiB, 0 %, 9.56 W
2026/09/29 14:05:45.087, 0 MiB, 15360 MiB, 0 %, 9.56 W
2026/09/29 14:05:46.096, 0 MiB, 15360 MiB, 0 %, 9.76 W
2026/09/29 14:05:47.104, 0 MiB, 15360 MiB, 0 %, 9.66 W
2026/09/29 14:05:48.145, 0 MiB, 15360 MiB, 0 %, 9.56 W
2026/09/29 14:05:49.153, 0 MiB, 15360 MiB, 0 %, 9.56 W
2026/09/29 14:05:50.161, 0 MiB, 15360 MiB, 0 %, 9.56 W
2026/09/29 14:05:51.170, 0 MiB, 15360 MiB, 0 %, 9.56 W
2026/09/29 14:05:52.178, 0 MiB, 15360 MiB, 0 %, 9.76 W
2026/09/29 14:05:53.187, 0 MiB, 15360 MiB, 0 %, 9.66 W
2026/09/29 14:05:54.196, 0 MiB, 15360 MiB, 0 %, 9.56 W
2026/09/29 14:05:55.209, 0 MiB, 15360 MiB, 0 %, 9.56 W
2026/09/29 14:05:56.217, 0 MiB, 15360 MiB, 0 %, 9.76 W
2026/09/29 14:05:57.225, 0 MiB, 15360 MiB, 0 %, 9.56 W
2026/09/29 14:05:58.233, 0 MiB, 15360 MiB, 0 %, 9.46 W
2026/09/29 14:05:59.256, 0 MiB, 15360 MiB, 0 %, 9.46 W
2026/09/29 14:06:00.272, 0 MiB, 15360 MiB, 0 %, 9.56 W
2026/09/29 14:06:01.280, 0 MiB, 15360 MiB, 0 %, 9.46 W
2026/09/29 14:06:02.288, 0 MiB, 15360 MiB, 0 %, 9.66 W
2026/09/29 14:06:03.295, 0 MiB, 15360 MiB, 0 %, 9.46 W
2026/09/29 14:06:04.304, 0 MiB, 15360 MiB, 0 %, 9.46 W
2026/09/29 14:06:05.313, 0 MiB, 15360 MiB, 0 %, 9.76 W
2026/09/29 14:06:06.321, 0 MiB, 15360 MiB, 0 %, 9.46 W
2026/09/29 14:06:07.330, 0 MiB, 15360 MiB, 0 %, 9.66 W
2026/09/29 14:06:08.338, 0 MiB, 15360 MiB, 0 %, 9.46 W
2026/09/29 14:06:09.345, 0 MiB, 15360 MiB, 0 %, 9.66 W
2026/09/29 14:06:10.353, 0 MiB, 15360 MiB, 0 %, 9.46 W
2026/09/29 14:06:11.362, 0 MiB, 15360 MiB, 0 %, 9.66 W
2026/09/29 14:06:12.370, 0 MiB, 15360 MiB, 0 %, 9.46 W
2026/09/29 14:06:13.383, 0 MiB, 15360 MiB, 0 %, 9.66 W
2026/09/29 14:06:14.390, 0 MiB, 15360 MiB, 0 %, 9.46 W
2026/09/29 14:06:15.398, 0 MiB, 15360 MiB, 0 %, 9.66 W
2026/09/29 14:06:16.405, 0 MiB, 15360 MiB, 0 %, 9.46 W
2026/09/29 14:06:17.413, 0 MiB, 15360 MiB, 0 %, 9.36 W
2026/09/29 14:06:18.427, 0 MiB, 15360 MiB, 0 %, 9.36 W
2026/09/29 14:06:19.442, 0 MiB, 15360 MiB, 0 %, 9.56 W
2026/09/29 14:06:20.457, 0 MiB, 15360 MiB, 0 %, 9.56 W
2026/09/29 14:06:21.465, 0 MiB, 15360 MiB, 0 %, 9.36 W
2026/09/29 14:06:22.474, 0 MiB, 15360 MiB, 0 %, 9.36 W
2026/09/29 14:06:23.490, 1 MiB, 15360 MiB, 0 %, 9.86 W
2026/09/29 14:06:24.543, 3 MiB, 15360 MiB, 0 %, 9.56 W
2026/09/29 14:06:25.550, 3 MiB, 15360 MiB, 0 %, 9.66 W
2026/09/29 14:06:26.560, 3 MiB, 15360 MiB, 0 %, 9.46 W
2026/09/29 14:06:27.568, 3 MiB, 15360 MiB, 0 %, 9.56 W
2026/09/29 14:06:28.576, 3 MiB, 15360 MiB, 0 %, 9.86 W
2026/09/29 14:06:29.585, 1921 MiB, 15360 MiB, 28 %, 26.15 W
2026/09/29 14:06:30.596, 2157 MiB, 15360 MiB, 0 %, 25.67 W
2026/09/29 14:06:31.600, 2157 MiB, 15360 MiB, 0 %, 25.66 W
2026/09/29 14:06:32.606, 3099 MiB, 15360 MiB, 91 %, 69.72 W
2026/09/29 14:06:33.612, 3345 MiB, 15360 MiB, 84 %, 68.39 W
2026/09/29 14:06:34.624, 3727 MiB, 15360 MiB, 96 %, 60.35 W
2026/09/29 14:06:35.645, 3727 MiB, 15360 MiB, 94 %, 70.89 W
2026/09/29 14:06:36.654, 3957 MiB, 15360 MiB, 93 %, 70.25 W
2026/09/29 14:06:37.671, 3957 MiB, 15360 MiB, 97 %, 69.47 W
2026/09/29 14:06:38.677, 3959 MiB, 15360 MiB, 97 %, 72.21 W
2026/09/29 14:06:39.681, 3959 MiB, 15360 MiB, 97 %, 65.69 W
2026/09/29 14:06:40.692, 3959 MiB, 15360 MiB, 87 %, 68.29 W
2026/09/29 14:06:41.704, 3959 MiB, 15360 MiB, 86 %, 75.54 W
2026/09/29 14:06:42.715, 3959 MiB, 15360 MiB, 92 %, 61.91 W
2026/09/29 14:06:43.727, 3959 MiB, 15360 MiB, 92 %, 68.39 W
2026/09/29 14:06:44.732, 3959 MiB, 15360 MiB, 93 %, 71.87 W
2026/09/29 14:06:45.738, 3959 MiB, 15360 MiB, 91 %, 64.65 W
2026/09/29 14:06:46.747, 3959 MiB, 15360 MiB, 92 %, 56.72 W
2026/09/29 14:06:47.757, 3959 MiB, 15360 MiB, 76 %, 77.88 W
2026/09/29 14:06:48.782, 3959 MiB, 15360 MiB, 96 %, 58.32 W
2026/09/29 14:06:49.794, 3959 MiB, 15360 MiB, 91 %, 69.47 W
2026/09/29 14:06:50.809, 3959 MiB, 15360 MiB, 97 %, 58.39 W
2026/09/29 14:06:51.815, 3959 MiB, 15360 MiB, 97 %, 75.20 W
2026/09/29 14:06:52.825, 3959 MiB, 15360 MiB, 96 %, 70.29 W
2026/09/29 14:06:53.833, 3959 MiB, 15360 MiB, 96 %, 68.68 W
2026/09/29 14:06:54.838, 3959 MiB, 15360 MiB, 86 %, 73.58 W
2026/09/29 14:06:55.847, 3959 MiB, 15360 MiB, 86 %, 70.89 W
2026/09/29 14:06:56.852, 3959 MiB, 15360 MiB, 86 %, 76.17 W
2026/09/29 14:06:57.857, 3959 MiB, 15360 MiB, 86 %, 65.10 W
2026/09/29 14:06:58.870, 3959 MiB, 15360 MiB, 87 %, 68.00 W
2026/09/29 14:06:59.883, 3959 MiB, 15360 MiB, 87 %, 67.16 W
2026/09/29 14:07:00.895, 3959 MiB, 15360 MiB, 87 %, 43.10 W
2026/09/29 14:07:01.920, 3959 MiB, 15360 MiB, 70 %, 66.96 W
2026/09/29 14:07:02.927, 3959 MiB, 15360 MiB, 84 %, 68.72 W
2026/09/29 14:07:03.936, 3959 MiB, 15360 MiB, 96 %, 66.02 W
2026/09/29 14:07:04.950, 3959 MiB, 15360 MiB, 96 %, 64.71 W
2026/09/29 14:07:05.961, 3959 MiB, 15360 MiB, 96 %, 66.57 W
2026/09/29 14:07:06.975, 3959 MiB, 15360 MiB, 98 %, 67.35 W
2026/09/29 14:07:07.998, 3959 MiB, 15360 MiB, 97 %, 61.91 W
2026/09/29 14:07:09.004, 3959 MiB, 15360 MiB, 98 %, 70.99 W
2026/09/29 14:07:10.011, 3959 MiB, 15360 MiB, 87 %, 68.21 W
2026/09/29 14:07:11.021, 3959 MiB, 15360 MiB, 87 %, 63.48 W
2026/09/29 14:07:12.031, 3959 MiB, 15360 MiB, 86 %, 72.90 W
2026/09/29 14:07:13.042, 3959 MiB, 15360 MiB, 77 %, 75.29 W
2026/09/29 14:07:14.061, 3959 MiB, 15360 MiB, 76 %, 66.73 W
2026/09/29 14:07:15.079, 3959 MiB, 15360 MiB, 61 %, 65.75 W
2026/09/29 14:07:16.086, 3959 MiB, 15360 MiB, 83 %, 72.85 W
2026/09/29 14:07:17.093, 3959 MiB, 15360 MiB, 87 %, 65.10 W
2026/09/29 14:07:18.101, 3959 MiB, 15360 MiB, 97 %, 71.28 W
2026/09/29 14:07:19.109, 3959 MiB, 15360 MiB, 97 %, 65.10 W
2026/09/29 14:07:20.115, 3959 MiB, 15360 MiB, 96 %, 67.45 W
2026/09/29 14:07:21.120, 3959 MiB, 15360 MiB, 97 %, 64.12 W
2026/09/29 14:07:22.127, 3959 MiB, 15360 MiB, 97 %, 71.57 W
2026/09/29 14:07:23.145, 3959 MiB, 15360 MiB, 91 %, 76.03 W
2026/09/29 14:07:24.153, 3959 MiB, 15360 MiB, 95 %, 66.04 W
2026/09/29 14:07:25.160, 3959 MiB, 15360 MiB, 96 %, 66.57 W
2026/09/29 14:07:26.172, 3959 MiB, 15360 MiB, 62 %, 47.48 W
2026/09/29 14:07:27.195, 3959 MiB, 15360 MiB, 85 %, 64.71 W
2026/09/29 14:07:28.206, 3959 MiB, 15360 MiB, 84 %, 78.13 W
2026/09/29 14:07:29.217, 3959 MiB, 15360 MiB, 92 %, 65.77 W
2026/09/29 14:07:30.222, 3959 MiB, 15360 MiB, 92 %, 81.79 W
2026/09/29 14:07:31.232, 3959 MiB, 15360 MiB, 85 %, 59.24 W
2026/09/29 14:07:32.240, 3959 MiB, 15360 MiB, 86 %, 70.30 W
2026/09/29 14:07:33.250, 3959 MiB, 15360 MiB, 86 %, 71.33 W
2026/09/29 14:07:34.256, 3959 MiB, 15360 MiB, 0 %, 38.40 W
2026/09/29 14:07:35.262, 0 MiB, 15360 MiB, 0 %, 29.50 W
2026/09/29 14:07:36.266, 0 MiB, 15360 MiB, 0 %, 28.51 W
2026/09/29 14:07:37.272, 0 MiB, 15360 MiB, 0 %, 28.31 W
2026/09/29 14:07:38.278, 0 MiB, 15360 MiB, 0 %, 28.21 W
2026/09/29 14:07:39.284, 0 MiB, 15360 MiB, 0 %, 28.01 W
2026/09/29 14:07:40.304, 1 MiB, 15360 MiB, 0 %, 18.07 W
2026/09/29 14:07:41.313, 3 MiB, 15360 MiB, 0 %, 14.61 W
2026/09/29 14:07:42.321, 3 MiB, 15360 MiB, 0 %, 14.52 W
2026/09/29 14:07:43.330, 13 MiB, 15360 MiB, 0 %, 29.10 W
2026/09/29 14:07:44.336, 2157 MiB, 15360 MiB, 1 %, 28.70 W
2026/09/29 14:07:45.341, 2157 MiB, 15360 MiB, 0 %, 28.31 W
2026/09/29 14:07:46.346, 2577 MiB, 15360 MiB, 92 %, 63.63 W
2026/09/29 14:07:47.351, 3301 MiB, 15360 MiB, 97 %, 67.51 W
2026/09/29 14:07:48.359, 3581 MiB, 15360 MiB, 97 %, 65.18 W
2026/09/29 14:07:49.370, 3999 MiB, 15360 MiB, 97 %, 65.93 W
2026/09/29 14:07:50.382, 3999 MiB, 15360 MiB, 96 %, 64.81 W
2026/09/29 14:07:51.394, 3999 MiB, 15360 MiB, 83 %, 61.16 W
2026/09/29 14:07:52.416, 4245 MiB, 15360 MiB, 81 %, 62.46 W
2026/09/29 14:07:53.430, 4245 MiB, 15360 MiB, 94 %, 67.45 W
2026/09/29 14:07:54.441, 4245 MiB, 15360 MiB, 97 %, 60.70 W
2026/09/29 14:07:55.446, 4245 MiB, 15360 MiB, 96 %, 66.57 W
2026/09/29 14:07:56.453, 4245 MiB, 15360 MiB, 92 %, 54.95 W
2026/09/29 14:07:57.464, 4245 MiB, 15360 MiB, 92 %, 53.22 W
2026/09/29 14:07:58.476, 4245 MiB, 15360 MiB, 85 %, 68.92 W
2026/09/29 14:07:59.481, 4245 MiB, 15360 MiB, 86 %, 74.27 W
2026/09/29 14:08:00.488, 4245 MiB, 15360 MiB, 92 %, 61.42 W
2026/09/29 14:08:01.522, 4245 MiB, 15360 MiB, 86 %, 75.10 W
2026/09/29 14:08:02.529, 4245 MiB, 15360 MiB, 93 %, 67.12 W
2026/09/29 14:08:03.537, 4245 MiB, 15360 MiB, 93 %, 55.54 W
2026/09/29 14:08:04.544, 4245 MiB, 15360 MiB, 66 %, 58.51 W
2026/09/29 14:08:05.561, 4245 MiB, 15360 MiB, 96 %, 63.42 W
2026/09/29 14:08:06.571, 4245 MiB, 15360 MiB, 81 %, 66.84 W
2026/09/29 14:08:07.582, 4245 MiB, 15360 MiB, 90 %, 68.54 W
2026/09/29 14:08:08.591, 4245 MiB, 15360 MiB, 97 %, 67.16 W
2026/09/29 14:08:09.603, 4245 MiB, 15360 MiB, 98 %, 66.18 W
2026/09/29 14:08:10.612, 4245 MiB, 15360 MiB, 97 %, 70.60 W
2026/09/29 14:08:11.619, 4245 MiB, 15360 MiB, 96 %, 73.09 W
2026/09/29 14:08:12.625, 4245 MiB, 15360 MiB, 93 %, 66.02 W
2026/09/29 14:08:13.636, 4245 MiB, 15360 MiB, 91 %, 64.61 W
2026/09/29 14:08:14.647, 4245 MiB, 15360 MiB, 92 %, 56.52 W
2026/09/29 14:08:15.660, 4245 MiB, 15360 MiB, 97 %, 75.35 W
2026/09/29 14:08:16.671, 4245 MiB, 15360 MiB, 93 %, 64.63 W
2026/09/29 14:08:17.681, 4245 MiB, 15360 MiB, 90 %, 55.15 W
2026/09/29 14:08:18.705, 4245 MiB, 15360 MiB, 85 %, 46.15 W
2026/09/29 14:08:19.714, 4245 MiB, 15360 MiB, 92 %, 45.24 W
2026/09/29 14:08:20.721, 4245 MiB, 15360 MiB, 92 %, 71.91 W
2026/09/29 14:08:21.731, 4245 MiB, 15360 MiB, 95 %, 66.24 W
2026/09/29 14:08:22.741, 4245 MiB, 15360 MiB, 98 %, 63.77 W
2026/09/29 14:08:23.754, 4245 MiB, 15360 MiB, 98 %, 72.89 W
2026/09/29 14:08:24.762, 4245 MiB, 15360 MiB, 98 %, 65.06 W
2026/09/29 14:08:25.767, 4245 MiB, 15360 MiB, 98 %, 71.28 W
2026/09/29 14:08:26.772, 4245 MiB, 15360 MiB, 97 %, 68.10 W
2026/09/29 14:08:27.781, 4245 MiB, 15360 MiB, 98 %, 61.32 W
2026/09/29 14:08:28.792, 4245 MiB, 15360 MiB, 98 %, 66.88 W
2026/09/29 14:08:29.804, 4245 MiB, 15360 MiB, 88 %, 78.47 W
2026/09/29 14:08:30.828, 4245 MiB, 15360 MiB, 95 %, 68.00 W
2026/09/29 14:08:31.842, 4245 MiB, 15360 MiB, 84 %, 71.43 W
2026/09/29 14:08:32.851, 4245 MiB, 15360 MiB, 92 %, 51.74 W
2026/09/29 14:08:33.870, 4245 MiB, 15360 MiB, 93 %, 75.98 W
2026/09/29 14:08:34.883, 4245 MiB, 15360 MiB, 93 %, 63.44 W
2026/09/29 14:08:35.895, 4245 MiB, 15360 MiB, 92 %, 66.57 W
2026/09/29 14:08:36.904, 4245 MiB, 15360 MiB, 91 %, 66.24 W
2026/09/29 14:08:37.916, 4245 MiB, 15360 MiB, 80 %, 69.72 W
2026/09/29 14:08:38.926, 4245 MiB, 15360 MiB, 99 %, 47.77 W
2026/09/29 14:08:39.940, 4245 MiB, 15360 MiB, 55 %, 81.20 W
2026/09/29 14:08:40.949, 4245 MiB, 15360 MiB, 99 %, 72.12 W
2026/09/29 14:08:41.960, 4245 MiB, 15360 MiB, 97 %, 67.57 W
2026/09/29 14:08:42.970, 4245 MiB, 15360 MiB, 96 %, 62.67 W
2026/09/29 14:08:43.980, 4245 MiB, 15360 MiB, 94 %, 64.03 W
2026/09/29 14:08:44.991, 4245 MiB, 15360 MiB, 92 %, 65.98 W
2026/09/29 14:08:45.996, 4245 MiB, 15360 MiB, 98 %, 64.40 W
2026/09/29 14:08:47.002, 4245 MiB, 15360 MiB, 98 %, 68.84 W
2026/09/29 14:08:48.007, 4245 MiB, 15360 MiB, 98 %, 68.24 W
2026/09/29 14:08:49.017, 4245 MiB, 15360 MiB, 99 %, 66.57 W
2026/09/29 14:08:50.028, 4245 MiB, 15360 MiB, 92 %, 74.22 W
2026/09/29 14:08:51.032, 4245 MiB, 15360 MiB, 93 %, 64.50 W
2026/09/29 14:08:52.037, 4245 MiB, 15360 MiB, 91 %, 69.41 W
2026/09/29 14:08:53.046, 4245 MiB, 15360 MiB, 97 %, 64.18 W
2026/09/29 14:08:54.057, 4245 MiB, 15360 MiB, 93 %, 67.26 W
2026/09/29 14:08:55.070, 4245 MiB, 15360 MiB, 79 %, 67.80 W
2026/09/29 14:08:56.084, 4245 MiB, 15360 MiB, 87 %, 71.92 W
2026/09/29 14:08:57.097, 4245 MiB, 15360 MiB, 86 %, 75.88 W
2026/09/29 14:08:58.108, 4245 MiB, 15360 MiB, 92 %, 49.09 W
2026/09/29 14:08:59.115, 4245 MiB, 15360 MiB, 0 %, 39.68 W
2026/09/29 14:09:00.119, 0 MiB, 15360 MiB, 0 %, 39.58 W
2026/09/29 14:09:01.123, 0 MiB, 15360 MiB, 0 %, 29.10 W
2026/09/29 14:09:02.129, 0 MiB, 15360 MiB, 0 %, 28.70 W
2026/09/29 14:09:03.134, 0 MiB, 15360 MiB, 0 %, 28.51 W
2026/09/29 14:09:04.139, 0 MiB, 15360 MiB, 0 %, 28.41 W
2026/09/29 14:09:05.145, 3 MiB, 15360 MiB, 0 %, 28.21 W
2026/09/29 14:09:06.153, 3 MiB, 15360 MiB, 0 %, 14.71 W
2026/09/29 14:09:07.161, 13 MiB, 15360 MiB, 0 %, 29.20 W
2026/09/29 14:09:08.169, 2121 MiB, 15360 MiB, 1 %, 28.41 W
2026/09/29 14:09:09.180, 2253 MiB, 15360 MiB, 7 %, 28.41 W
2026/09/29 14:09:10.194, 2253 MiB, 15360 MiB, 0 %, 28.31 W
2026/09/29 14:09:11.202, 2385 MiB, 15360 MiB, 18 %, 46.20 W
2026/09/29 14:09:12.207, 3189 MiB, 15360 MiB, 76 %, 72.01 W
2026/09/29 14:09:13.216, 3303 MiB, 15360 MiB, 72 %, 66.12 W
2026/09/29 14:09:14.221, 3813 MiB, 15360 MiB, 97 %, 62.51 W
2026/09/29 14:09:15.226, 3813 MiB, 15360 MiB, 91 %, 66.94 W
2026/09/29 14:09:16.237, 3813 MiB, 15360 MiB, 94 %, 77.45 W
2026/09/29 14:09:17.250, 4043 MiB, 15360 MiB, 97 %, 63.42 W
2026/09/29 14:09:18.262, 4043 MiB, 15360 MiB, 97 %, 75.98 W
2026/09/29 14:09:19.277, 4043 MiB, 15360 MiB, 96 %, 69.32 W
2026/09/29 14:09:20.285, 4043 MiB, 15360 MiB, 97 %, 73.49 W
2026/09/29 14:09:21.291, 4043 MiB, 15360 MiB, 69 %, 66.47 W
2026/09/29 14:09:22.304, 4043 MiB, 15360 MiB, 69 %, 94.03 W
2026/09/29 14:09:23.314, 4043 MiB, 15360 MiB, 82 %, 73.30 W
2026/09/29 14:09:24.319, 4043 MiB, 15360 MiB, 68 %, 64.71 W
2026/09/29 14:09:25.327, 4043 MiB, 15360 MiB, 71 %, 67.17 W
2026/09/29 14:09:26.339, 4043 MiB, 15360 MiB, 81 %, 69.52 W
2026/09/29 14:09:27.344, 4043 MiB, 15360 MiB, 82 %, 66.14 W
2026/09/29 14:09:28.350, 4043 MiB, 15360 MiB, 81 %, 65.37 W
2026/09/29 14:09:29.357, 4043 MiB, 15360 MiB, 82 %, 76.37 W
2026/09/29 14:09:30.368, 4043 MiB, 15360 MiB, 97 %, 65.30 W
2026/09/29 14:09:31.376, 4043 MiB, 15360 MiB, 99 %, 67.12 W
2026/09/29 14:09:32.390, 4043 MiB, 15360 MiB, 98 %, 66.77 W
2026/09/29 14:09:33.403, 4043 MiB, 15360 MiB, 65 %, 69.13 W
2026/09/29 14:09:34.419, 4043 MiB, 15360 MiB, 83 %, 63.05 W
2026/09/29 14:09:35.436, 4043 MiB, 15360 MiB, 81 %, 58.32 W
2026/09/29 14:09:36.446, 4043 MiB, 15360 MiB, 91 %, 64.71 W
2026/09/29 14:09:37.452, 4043 MiB, 15360 MiB, 96 %, 72.55 W
2026/09/29 14:09:38.465, 4043 MiB, 15360 MiB, 97 %, 71.48 W
2026/09/29 14:09:39.479, 4043 MiB, 15360 MiB, 83 %, 35.76 W
2026/09/29 14:09:40.485, 4043 MiB, 15360 MiB, 97 %, 66.14 W
2026/09/29 14:09:41.495, 4043 MiB, 15360 MiB, 83 %, 66.47 W
2026/09/29 14:09:42.509, 4043 MiB, 15360 MiB, 67 %, 44.06 W
2026/09/29 14:09:43.517, 4043 MiB, 15360 MiB, 83 %, 72.86 W
2026/09/29 14:09:44.537, 4043 MiB, 15360 MiB, 82 %, 82.61 W
2026/09/29 14:09:45.544, 4043 MiB, 15360 MiB, 83 %, 88.56 W
2026/09/29 14:09:46.550, 4043 MiB, 15360 MiB, 70 %, 78.76 W
2026/09/29 14:09:47.564, 4043 MiB, 15360 MiB, 45 %, 61.75 W
2026/09/29 14:09:48.574, 4043 MiB, 15360 MiB, 34 %, 69.59 W
2026/09/29 14:09:49.581, 4043 MiB, 15360 MiB, 73 %, 85.87 W
2026/09/29 14:09:50.588, 4043 MiB, 15360 MiB, 94 %, 67.02 W
2026/09/29 14:09:51.598, 4043 MiB, 15360 MiB, 96 %, 66.28 W
2026/09/29 14:09:52.610, 4043 MiB, 15360 MiB, 95 %, 66.96 W
2026/09/29 14:09:53.621, 4043 MiB, 15360 MiB, 98 %, 73.49 W
2026/09/29 14:09:54.632, 4043 MiB, 15360 MiB, 98 %, 66.08 W
2026/09/29 14:09:55.645, 4043 MiB, 15360 MiB, 82 %, 68.35 W
2026/09/29 14:09:56.656, 4043 MiB, 15360 MiB, 97 %, 66.02 W
2026/09/29 14:09:57.668, 4043 MiB, 15360 MiB, 96 %, 64.55 W
2026/09/29 14:09:58.681, 4043 MiB, 15360 MiB, 72 %, 34.10 W
2026/09/29 14:09:59.700, 4043 MiB, 15360 MiB, 73 %, 71.38 W
2026/09/29 14:10:00.713, 4043 MiB, 15360 MiB, 59 %, 80.28 W
2026/09/29 14:10:01.726, 4043 MiB, 15360 MiB, 80 %, 89.37 W
2026/09/29 14:10:02.732, 4043 MiB, 15360 MiB, 82 %, 35.78 W
2026/09/29 14:10:03.742, 4043 MiB, 15360 MiB, 77 %, 88.98 W
2026/09/29 14:10:04.752, 4043 MiB, 15360 MiB, 84 %, 73.05 W
2026/09/29 14:10:05.765, 4043 MiB, 15360 MiB, 82 %, 33.51 W
2026/09/29 14:10:06.772, 4043 MiB, 15360 MiB, 66 %, 39.36 W
2026/09/29 14:10:07.777, 4043 MiB, 15360 MiB, 68 %, 63.08 W
2026/09/29 14:10:08.785, 4043 MiB, 15360 MiB, 61 %, 64.73 W
2026/09/29 14:10:09.795, 4043 MiB, 15360 MiB, 97 %, 57.56 W
2026/09/29 14:10:10.803, 4043 MiB, 15360 MiB, 97 %, 63.14 W
2026/09/29 14:10:11.808, 4043 MiB, 15360 MiB, 95 %, 95.13 W
2026/09/29 14:10:12.820, 4043 MiB, 15360 MiB, 76 %, 64.20 W
2026/09/29 14:10:13.833, 4043 MiB, 15360 MiB, 78 %, 76.27 W
2026/09/29 14:10:14.842, 4043 MiB, 15360 MiB, 97 %, 61.16 W
2026/09/29 14:10:15.847, 4043 MiB, 15360 MiB, 99 %, 75.00 W
2026/09/29 14:10:16.854, 4043 MiB, 15360 MiB, 96 %, 66.82 W
2026/09/29 14:10:17.861, 4043 MiB, 15360 MiB, 65 %, 63.73 W
2026/09/29 14:10:18.867, 4043 MiB, 15360 MiB, 81 %, 89.90 W
2026/09/29 14:10:19.873, 4043 MiB, 15360 MiB, 67 %, 69.17 W
2026/09/29 14:10:20.883, 4043 MiB, 15360 MiB, 82 %, 33.51 W
2026/09/29 14:10:21.893, 4043 MiB, 15360 MiB, 72 %, 66.77 W
2026/09/29 14:10:22.899, 4043 MiB, 15360 MiB, 84 %, 64.96 W
2026/09/29 14:10:23.905, 4043 MiB, 15360 MiB, 73 %, 65.69 W
2026/09/29 14:10:24.915, 4043 MiB, 15360 MiB, 70 %, 48.46 W
2026/09/29 14:10:25.943, 4043 MiB, 15360 MiB, 47 %, 60.22 W
2026/09/29 14:10:26.953, 4043 MiB, 15360 MiB, 0 %, 34.89 W
2026/09/29 14:10:27.960, 0 MiB, 15360 MiB, 0 %, 29.89 W
2026/09/29 14:10:28.964, 0 MiB, 15360 MiB, 0 %, 28.90 W
2026/09/29 14:10:29.969, 0 MiB, 15360 MiB, 0 %, 28.60 W
2026/09/29 14:10:30.974, 0 MiB, 15360 MiB, 0 %, 28.41 W
2026/09/29 14:10:31.979, 0 MiB, 15360 MiB, 0 %, 28.21 W
2026/09/29 14:10:32.984, 3 MiB, 15360 MiB, 0 %, 14.71 W
2026/09/29 14:10:33.992, 3 MiB, 15360 MiB, 0 %, 14.71 W
2026/09/29 14:10:34.999, 3 MiB, 15360 MiB, 0 %, 14.61 W
2026/09/29 14:10:36.007, 2119 MiB, 15360 MiB, 28 %, 28.42 W
2026/09/29 14:10:37.013, 2253 MiB, 15360 MiB, 0 %, 28.32 W
2026/09/29 14:10:38.025, 2253 MiB, 15360 MiB, 0 %, 28.32 W
2026/09/29 14:10:39.034, 2253 MiB, 15360 MiB, 0 %, 28.31 W
2026/09/29 14:10:40.041, 3047 MiB, 15360 MiB, 84 %, 73.73 W
2026/09/29 14:10:41.053, 3389 MiB, 15360 MiB, 73 %, 73.49 W
2026/09/29 14:10:42.057, 3667 MiB, 15360 MiB, 90 %, 72.61 W
2026/09/29 14:10:43.070, 4083 MiB, 15360 MiB, 96 %, 75.49 W
2026/09/29 14:10:44.078, 4083 MiB, 15360 MiB, 94 %, 68.29 W
2026/09/29 14:10:45.084, 4083 MiB, 15360 MiB, 97 %, 63.77 W
2026/09/29 14:10:46.089, 4329 MiB, 15360 MiB, 96 %, 63.38 W
2026/09/29 14:10:47.095, 4329 MiB, 15360 MiB, 97 %, 69.72 W
2026/09/29 14:10:48.100, 4329 MiB, 15360 MiB, 95 %, 68.49 W
2026/09/29 14:10:49.106, 4329 MiB, 15360 MiB, 96 %, 68.15 W
2026/09/29 14:10:50.114, 4329 MiB, 15360 MiB, 63 %, 70.01 W
2026/09/29 14:10:51.126, 4329 MiB, 15360 MiB, 64 %, 33.41 W
2026/09/29 14:10:52.155, 4329 MiB, 15360 MiB, 64 %, 34.99 W
2026/09/29 14:10:53.162, 4329 MiB, 15360 MiB, 82 %, 58.35 W
2026/09/29 14:10:54.169, 4329 MiB, 15360 MiB, 83 %, 65.10 W
2026/09/29 14:10:55.180, 4329 MiB, 15360 MiB, 67 %, 70.40 W
2026/09/29 14:10:56.191, 4329 MiB, 15360 MiB, 82 %, 72.12 W
2026/09/29 14:10:57.204, 4329 MiB, 15360 MiB, 79 %, 71.53 W
2026/09/29 14:10:58.217, 4329 MiB, 15360 MiB, 88 %, 75.64 W
2026/09/29 14:10:59.228, 4329 MiB, 15360 MiB, 83 %, 69.66 W
2026/09/29 14:11:00.241, 4329 MiB, 15360 MiB, 76 %, 65.89 W
2026/09/29 14:11:01.256, 4329 MiB, 15360 MiB, 97 %, 67.16 W
2026/09/29 14:11:02.264, 4329 MiB, 15360 MiB, 97 %, 73.00 W
2026/09/29 14:11:03.274, 4329 MiB, 15360 MiB, 77 %, 62.18 W
2026/09/29 14:11:04.293, 4329 MiB, 15360 MiB, 96 %, 58.52 W
2026/09/29 14:11:05.301, 4329 MiB, 15360 MiB, 52 %, 70.59 W
2026/09/29 14:11:06.311, 4329 MiB, 15360 MiB, 90 %, 66.14 W
2026/09/29 14:11:07.321, 4329 MiB, 15360 MiB, 97 %, 66.73 W
2026/09/29 14:11:08.332, 4329 MiB, 15360 MiB, 95 %, 64.03 W
2026/09/29 14:11:09.340, 4329 MiB, 15360 MiB, 99 %, 62.01 W
2026/09/29 14:11:10.346, 4329 MiB, 15360 MiB, 86 %, 76.03 W
2026/09/29 14:11:11.353, 4329 MiB, 15360 MiB, 80 %, 61.71 W
2026/09/29 14:11:12.360, 4329 MiB, 15360 MiB, 85 %, 73.24 W
2026/09/29 14:11:13.375, 4329 MiB, 15360 MiB, 74 %, 75.34 W
2026/09/29 14:11:14.385, 4329 MiB, 15360 MiB, 83 %, 70.79 W
2026/09/29 14:11:15.400, 4329 MiB, 15360 MiB, 80 %, 36.15 W
2026/09/29 14:11:16.413, 4329 MiB, 15360 MiB, 69 %, 34.97 W
2026/09/29 14:11:17.429, 4329 MiB, 15360 MiB, 68 %, 47.28 W
2026/09/29 14:11:18.454, 4329 MiB, 15360 MiB, 71 %, 71.87 W
2026/09/29 14:11:19.460, 4329 MiB, 15360 MiB, 80 %, 78.96 W
2026/09/29 14:11:20.469, 4329 MiB, 15360 MiB, 88 %, 66.53 W
2026/09/29 14:11:21.480, 4329 MiB, 15360 MiB, 95 %, 68.29 W
2026/09/29 14:11:22.485, 4329 MiB, 15360 MiB, 97 %, 63.73 W
2026/09/29 14:11:23.491, 4329 MiB, 15360 MiB, 97 %, 65.45 W
2026/09/29 14:11:24.503, 4329 MiB, 15360 MiB, 96 %, 62.16 W
2026/09/29 14:11:25.509, 4329 MiB, 15360 MiB, 97 %, 65.79 W
2026/09/29 14:11:26.514, 4329 MiB, 15360 MiB, 96 %, 68.19 W
2026/09/29 14:11:27.521, 4329 MiB, 15360 MiB, 99 %, 65.59 W
2026/09/29 14:11:28.527, 4329 MiB, 15360 MiB, 92 %, 63.48 W
2026/09/29 14:11:29.540, 4329 MiB, 15360 MiB, 95 %, 62.67 W
2026/09/29 14:11:30.554, 4329 MiB, 15360 MiB, 44 %, 87.05 W
2026/09/29 14:11:31.563, 4329 MiB, 15360 MiB, 83 %, 33.43 W
2026/09/29 14:11:32.572, 4329 MiB, 15360 MiB, 93 %, 78.37 W
2026/09/29 14:11:33.583, 4329 MiB, 15360 MiB, 83 %, 42.49 W
2026/09/29 14:11:34.588, 4329 MiB, 15360 MiB, 82 %, 38.03 W
2026/09/29 14:11:35.597, 4329 MiB, 15360 MiB, 83 %, 84.85 W
2026/09/29 14:11:36.610, 4329 MiB, 15360 MiB, 77 %, 63.87 W
2026/09/29 14:11:37.620, 4329 MiB, 15360 MiB, 82 %, 65.30 W
2026/09/29 14:11:38.630, 4329 MiB, 15360 MiB, 99 %, 75.20 W
2026/09/29 14:11:39.644, 4329 MiB, 15360 MiB, 72 %, 38.81 W
2026/09/29 14:11:40.654, 4329 MiB, 15360 MiB, 80 %, 56.13 W
2026/09/29 14:11:41.668, 4329 MiB, 15360 MiB, 54 %, 56.69 W
2026/09/29 14:11:42.690, 4329 MiB, 15360 MiB, 56 %, 67.26 W
2026/09/29 14:11:43.701, 4329 MiB, 15360 MiB, 93 %, 66.49 W
2026/09/29 14:11:44.706, 4329 MiB, 15360 MiB, 93 %, 63.57 W
2026/09/29 14:11:45.718, 4329 MiB, 15360 MiB, 97 %, 66.02 W
2026/09/29 14:11:46.728, 4329 MiB, 15360 MiB, 99 %, 58.35 W
2026/09/29 14:11:47.743, 4329 MiB, 15360 MiB, 96 %, 66.71 W
2026/09/29 14:11:48.749, 4329 MiB, 15360 MiB, 96 %, 68.35 W
2026/09/29 14:11:49.754, 4329 MiB, 15360 MiB, 94 %, 73.29 W
2026/09/29 14:11:50.760, 4329 MiB, 15360 MiB, 96 %, 64.55 W
2026/09/29 14:11:51.768, 4329 MiB, 15360 MiB, 73 %, 71.63 W
2026/09/29 14:11:52.778, 4329 MiB, 15360 MiB, 83 %, 77.44 W
2026/09/29 14:11:53.808, 4329 MiB, 15360 MiB, 66 %, 54.07 W
2026/09/29 14:11:54.831, 4329 MiB, 15360 MiB, 64 %, 96.10 W
2026/09/29 14:11:55.843, 4329 MiB, 15360 MiB, 53 %, 75.78 W
2026/09/29 14:11:56.853, 4329 MiB, 15360 MiB, 71 %, 68.04 W
2026/09/29 14:11:57.859, 4329 MiB, 15360 MiB, 81 %, 66.77 W
2026/09/29 14:11:58.864, 4329 MiB, 15360 MiB, 83 %, 40.37 W
2026/09/29 14:11:59.868, 4329 MiB, 15360 MiB, 83 %, 37.14 W
2026/09/29 14:12:00.873, 4329 MiB, 15360 MiB, 42 %, 37.24 W
2026/09/29 14:12:01.879, 0 MiB, 15360 MiB, 0 %, 35.19 W
2026/09/29 14:12:02.916, 0 MiB, 15360 MiB, 0 %, 39.19 W
2026/09/29 14:12:03.922, 0 MiB, 15360 MiB, 0 %, 28.80 W
2026/09/29 14:12:04.927, 0 MiB, 15360 MiB, 0 %, 28.60 W
2026/09/29 14:12:05.933, 0 MiB, 15360 MiB, 0 %, 28.32 W
2026/09/29 14:12:06.939, 0 MiB, 15360 MiB, 0 %, 28.32 W
2026/09/29 14:12:07.944, 0 MiB, 15360 MiB, 0 %, 17.38 W
2026/09/29 14:12:08.960, 0 MiB, 15360 MiB, 0 %, 11.05 W
2026/09/29 14:12:09.968, 0 MiB, 15360 MiB, 0 %, 10.45 W
2026/09/29 14:12:10.977, 0 MiB, 15360 MiB, 0 %, 10.45 W
2026/09/29 14:12:11.984, 0 MiB, 15360 MiB, 0 %, 10.45 W
2026/09/29 14:12:12.993, 0 MiB, 15360 MiB, 0 %, 10.45 W
2026/09/29 14:12:14.000, 3 MiB, 15360 MiB, 0 %, 10.35 W
2026/09/29 14:12:15.008, 537 MiB, 15360 MiB, 0 %, 28.23 W
2026/09/29 14:12:16.015, 989 MiB, 15360 MiB, 0 %, 28.32 W
2026/09/29 14:12:17.020, 1025 MiB, 15360 MiB, 0 %, 28.42 W
2026/09/29 14:12:18.026, 1025 MiB, 15360 MiB, 0 %, 28.23 W
2026/09/29 14:12:19.031, 1039 MiB, 15360 MiB, 6 %, 28.60 W
2026/09/29 14:12:20.043, 1041 MiB, 15360 MiB, 24 %, 30.38 W
2026/09/29 14:12:21.052, 1041 MiB, 15360 MiB, 22 %, 29.40 W
2026/09/29 14:12:22.062, 1041 MiB, 15360 MiB, 30 %, 33.03 W
2026/09/29 14:12:23.067, 1041 MiB, 15360 MiB, 32 %, 30.48 W
2026/09/29 14:12:24.081, 1043 MiB, 15360 MiB, 32 %, 32.93 W
2026/09/29 14:12:25.095, 1043 MiB, 15360 MiB, 32 %, 30.28 W
2026/09/29 14:12:26.100, 1043 MiB, 15360 MiB, 31 %, 29.99 W
2026/09/29 14:12:27.107, 1043 MiB, 15360 MiB, 31 %, 33.35 W
2026/09/29 14:12:28.112, 1043 MiB, 15360 MiB, 31 %, 32.32 W
2026/09/29 14:12:29.118, 1043 MiB, 15360 MiB, 31 %, 32.54 W
2026/09/29 14:12:30.123, 1043 MiB, 15360 MiB, 30 %, 34.77 W
2026/09/29 14:12:31.128, 1043 MiB, 15360 MiB, 32 %, 31.45 W
2026/09/29 14:12:32.134, 1043 MiB, 15360 MiB, 23 %, 30.28 W
2026/09/29 14:12:33.144, 1043 MiB, 15360 MiB, 23 %, 30.56 W
2026/09/29 14:12:34.165, 1043 MiB, 15360 MiB, 21 %, 30.09 W
2026/09/29 14:12:35.170, 1043 MiB, 15360 MiB, 32 %, 31.16 W
2026/09/29 14:12:36.175, 1043 MiB, 15360 MiB, 33 %, 30.86 W
2026/09/29 14:12:37.182, 1043 MiB, 15360 MiB, 32 %, 31.16 W
2026/09/29 14:12:38.190, 1043 MiB, 15360 MiB, 32 %, 30.48 W
2026/09/29 14:12:39.195, 1043 MiB, 15360 MiB, 32 %, 30.98 W
2026/09/29 14:12:40.200, 1043 MiB, 15360 MiB, 32 %, 35.50 W
2026/09/29 14:12:41.205, 1043 MiB, 15360 MiB, 31 %, 31.57 W
2026/09/29 14:12:42.210, 1043 MiB, 15360 MiB, 30 %, 29.89 W
2026/09/29 14:12:43.214, 1043 MiB, 15360 MiB, 25 %, 30.58 W
2026/09/29 14:12:44.221, 1043 MiB, 15360 MiB, 28 %, 30.09 W
2026/09/29 14:12:45.232, 1043 MiB, 15360 MiB, 24 %, 29.89 W
2026/09/29 14:12:46.244, 1063 MiB, 15360 MiB, 22 %, 29.99 W
2026/09/29 14:12:47.251, 1063 MiB, 15360 MiB, 28 %, 32.44 W
2026/09/29 14:12:48.257, 1063 MiB, 15360 MiB, 30 %, 30.66 W
2026/09/29 14:12:49.262, 1063 MiB, 15360 MiB, 31 %, 30.56 W
2026/09/29 14:12:50.267, 1063 MiB, 15360 MiB, 29 %, 31.45 W
2026/09/29 14:12:51.272, 1063 MiB, 15360 MiB, 30 %, 36.27 W
2026/09/29 14:12:52.277, 1063 MiB, 15360 MiB, 32 %, 34.30 W
2026/09/29 14:12:53.282, 1063 MiB, 15360 MiB, 32 %, 30.76 W
2026/09/29 14:12:54.287, 1063 MiB, 15360 MiB, 33 %, 29.79 W
2026/09/29 14:12:55.292, 1063 MiB, 15360 MiB, 33 %, 30.76 W
2026/09/29 14:12:56.298, 1063 MiB, 15360 MiB, 36 %, 32.34 W
2026/09/29 14:12:57.303, 1063 MiB, 15360 MiB, 24 %, 32.44 W
2026/09/29 14:12:58.317, 1063 MiB, 15360 MiB, 26 %, 31.35 W
2026/09/29 14:12:59.324, 1063 MiB, 15360 MiB, 19 %, 29.99 W
2026/09/29 14:13:00.329, 1063 MiB, 15360 MiB, 32 %, 34.12 W
2026/09/29 14:13:01.335, 1063 MiB, 15360 MiB, 31 %, 30.56 W
2026/09/29 14:13:02.345, 1063 MiB, 15360 MiB, 32 %, 30.58 W
2026/09/29 14:13:03.350, 1063 MiB, 15360 MiB, 30 %, 31.95 W
2026/09/29 14:13:04.355, 1063 MiB, 15360 MiB, 42 %, 30.38 W
2026/09/29 14:13:05.360, 1063 MiB, 15360 MiB, 29 %, 30.78 W
2026/09/29 14:13:06.365, 1063 MiB, 15360 MiB, 32 %, 30.66 W
2026/09/29 14:13:07.370, 1063 MiB, 15360 MiB, 32 %, 30.88 W
2026/09/29 14:13:08.377, 1063 MiB, 15360 MiB, 33 %, 30.68 W
2026/09/29 14:13:09.382, 1063 MiB, 15360 MiB, 32 %, 29.79 W
2026/09/29 14:13:10.390, 1063 MiB, 15360 MiB, 24 %, 33.63 W
2026/09/29 14:13:11.405, 1063 MiB, 15360 MiB, 21 %, 29.79 W
2026/09/29 14:13:12.412, 1063 MiB, 15360 MiB, 32 %, 30.38 W
2026/09/29 14:13:13.417, 1063 MiB, 15360 MiB, 25 %, 30.38 W
2026/09/29 14:13:14.423, 1063 MiB, 15360 MiB, 33 %, 32.54 W
2026/09/29 14:13:15.428, 1063 MiB, 15360 MiB, 30 %, 30.58 W
2026/09/29 14:13:16.433, 1063 MiB, 15360 MiB, 33 %, 33.23 W
2026/09/29 14:13:17.438, 1063 MiB, 15360 MiB, 32 %, 30.58 W
2026/09/29 14:13:18.443, 1063 MiB, 15360 MiB, 32 %, 30.28 W
2026/09/29 14:13:19.448, 1063 MiB, 15360 MiB, 32 %, 30.58 W
2026/09/29 14:13:20.453, 1063 MiB, 15360 MiB, 32 %, 30.78 W
2026/09/29 14:13:21.458, 1063 MiB, 15360 MiB, 30 %, 30.58 W
2026/09/29 14:13:22.464, 1063 MiB, 15360 MiB, 23 %, 29.59 W
2026/09/29 14:13:23.475, 1063 MiB, 15360 MiB, 29 %, 29.89 W
2026/09/29 14:13:24.485, 1063 MiB, 15360 MiB, 22 %, 30.98 W
2026/09/29 14:13:25.495, 1063 MiB, 15360 MiB, 32 %, 30.19 W
2026/09/29 14:13:26.512, 1063 MiB, 15360 MiB, 33 %, 35.28 W
2026/09/29 14:13:27.517, 1063 MiB, 15360 MiB, 31 %, 30.37 W
2026/09/29 14:13:28.522, 1063 MiB, 15360 MiB, 32 %, 32.74 W
2026/09/29 14:13:29.527, 1063 MiB, 15360 MiB, 30 %, 30.96 W
2026/09/29 14:13:30.532, 1063 MiB, 15360 MiB, 30 %, 30.48 W
2026/09/29 14:13:31.537, 1063 MiB, 15360 MiB, 31 %, 30.58 W
2026/09/29 14:13:32.543, 1063 MiB, 15360 MiB, 33 %, 31.65 W
2026/09/29 14:13:33.548, 1063 MiB, 15360 MiB, 33 %, 31.75 W
2026/09/29 14:13:34.553, 1063 MiB, 15360 MiB, 34 %, 30.48 W
2026/09/29 14:13:35.559, 1063 MiB, 15360 MiB, 25 %, 29.89 W
2026/09/29 14:13:36.574, 1063 MiB, 15360 MiB, 22 %, 34.47 W
2026/09/29 14:13:37.586, 1063 MiB, 15360 MiB, 28 %, 30.68 W
2026/09/29 14:13:38.593, 1063 MiB, 15360 MiB, 33 %, 32.22 W
2026/09/29 14:13:39.601, 1063 MiB, 15360 MiB, 33 %, 31.75 W
2026/09/29 14:13:40.608, 1063 MiB, 15360 MiB, 32 %, 30.66 W
2026/09/29 14:13:41.614, 1063 MiB, 15360 MiB, 33 %, 30.88 W
2026/09/29 14:13:42.620, 1063 MiB, 15360 MiB, 32 %, 30.78 W
2026/09/29 14:13:43.625, 1063 MiB, 15360 MiB, 32 %, 34.59 W
2026/09/29 14:13:44.630, 1063 MiB, 15360 MiB, 31 %, 30.68 W
2026/09/29 14:13:45.635, 1063 MiB, 15360 MiB, 31 %, 30.38 W
2026/09/29 14:13:46.640, 1063 MiB, 15360 MiB, 31 %, 30.56 W
2026/09/29 14:13:47.646, 1063 MiB, 15360 MiB, 21 %, 30.27 W
2026/09/29 14:13:48.662, 1063 MiB, 15360 MiB, 23 %, 30.09 W
2026/09/29 14:13:49.670, 1063 MiB, 15360 MiB, 25 %, 30.09 W
2026/09/29 14:13:50.676, 1063 MiB, 15360 MiB, 32 %, 30.09 W
2026/09/29 14:13:51.683, 1063 MiB, 15360 MiB, 32 %, 30.28 W
2026/09/29 14:13:52.688, 1063 MiB, 15360 MiB, 33 %, 30.68 W
2026/09/29 14:13:53.694, 1063 MiB, 15360 MiB, 32 %, 34.10 W
2026/09/29 14:13:54.700, 1063 MiB, 15360 MiB, 31 %, 30.48 W
2026/09/29 14:13:55.709, 1063 MiB, 15360 MiB, 32 %, 31.65 W
2026/09/29 14:13:56.717, 1063 MiB, 15360 MiB, 32 %, 30.86 W
2026/09/29 14:13:57.722, 1063 MiB, 15360 MiB, 32 %, 30.66 W
2026/09/29 14:13:58.727, 1063 MiB, 15360 MiB, 32 %, 30.38 W
2026/09/29 14:13:59.732, 1063 MiB, 15360 MiB, 32 %, 35.68 W
2026/09/29 14:14:00.738, 1063 MiB, 15360 MiB, 25 %, 30.28 W
2026/09/29 14:14:01.748, 1063 MiB, 15360 MiB, 23 %, 32.14 W
2026/09/29 14:14:02.759, 1063 MiB, 15360 MiB, 27 %, 33.13 W
2026/09/29 14:14:03.765, 1063 MiB, 15360 MiB, 31 %, 32.24 W
2026/09/29 14:14:04.771, 1063 MiB, 15360 MiB, 30 %, 30.48 W
2026/09/29 14:14:05.778, 1063 MiB, 15360 MiB, 31 %, 30.66 W
2026/09/29 14:14:06.783, 1063 MiB, 15360 MiB, 32 %, 30.38 W
2026/09/29 14:14:07.788, 1063 MiB, 15360 MiB, 32 %, 30.68 W
2026/09/29 14:14:08.793, 1063 MiB, 15360 MiB, 31 %, 31.85 W
2026/09/29 14:14:09.798, 1063 MiB, 15360 MiB, 31 %, 31.17 W
2026/09/29 14:14:10.804, 1063 MiB, 15360 MiB, 32 %, 30.96 W
2026/09/29 14:14:11.809, 1063 MiB, 15360 MiB, 31 %, 30.88 W
2026/09/29 14:14:12.815, 1063 MiB, 15360 MiB, 23 %, 29.79 W
2026/09/29 14:14:13.827, 1063 MiB, 15360 MiB, 24 %, 30.28 W
2026/09/29 14:14:14.836, 1063 MiB, 15360 MiB, 23 %, 30.09 W
2026/09/29 14:14:15.847, 1063 MiB, 15360 MiB, 31 %, 30.56 W
2026/09/29 14:14:16.852, 1063 MiB, 15360 MiB, 32 %, 30.78 W
2026/09/29 14:14:17.857, 1063 MiB, 15360 MiB, 33 %, 34.32 W
2026/09/29 14:14:18.864, 1063 MiB, 15360 MiB, 32 %, 32.64 W
2026/09/29 14:14:19.869, 1063 MiB, 15360 MiB, 31 %, 31.65 W
2026/09/29 14:14:20.876, 1063 MiB, 15360 MiB, 30 %, 35.88 W
2026/09/29 14:14:21.882, 1063 MiB, 15360 MiB, 30 %, 31.14 W
2026/09/29 14:14:22.887, 1063 MiB, 15360 MiB, 32 %, 33.21 W
2026/09/29 14:14:23.893, 1063 MiB, 15360 MiB, 28 %, 30.17 W
2026/09/29 14:14:24.899, 1063 MiB, 15360 MiB, 29 %, 30.37 W
2026/09/29 14:14:25.906, 1063 MiB, 15360 MiB, 23 %, 30.28 W
2026/09/29 14:14:26.918, 1063 MiB, 15360 MiB, 25 %, 29.30 W
2026/09/29 14:14:27.933, 1063 MiB, 15360 MiB, 20 %, 29.59 W
2026/09/29 14:14:28.942, 1063 MiB, 15360 MiB, 31 %, 35.09 W
2026/09/29 14:14:29.946, 1063 MiB, 15360 MiB, 31 %, 32.24 W
2026/09/29 14:14:30.951, 1063 MiB, 15360 MiB, 33 %, 30.58 W
2026/09/29 14:14:31.958, 1063 MiB, 15360 MiB, 32 %, 31.06 W
2026/09/29 14:14:32.963, 1063 MiB, 15360 MiB, 33 %, 30.58 W
2026/09/29 14:14:33.968, 1063 MiB, 15360 MiB, 31 %, 30.96 W
2026/09/29 14:14:34.973, 1063 MiB, 15360 MiB, 32 %, 31.95 W
2026/09/29 14:14:35.978, 1063 MiB, 15360 MiB, 38 %, 30.78 W
2026/09/29 14:14:36.983, 1063 MiB, 15360 MiB, 31 %, 30.78 W
2026/09/29 14:14:37.988, 1063 MiB, 15360 MiB, 32 %, 29.69 W
2026/09/29 14:14:39.000, 1063 MiB, 15360 MiB, 25 %, 33.53 W
2026/09/29 14:14:40.015, 1063 MiB, 15360 MiB, 22 %, 29.99 W
2026/09/29 14:14:41.025, 1063 MiB, 15360 MiB, 32 %, 32.22 W
2026/09/29 14:14:42.030, 1063 MiB, 15360 MiB, 32 %, 32.44 W
2026/09/29 14:14:43.035, 1063 MiB, 15360 MiB, 33 %, 39.97 W
2026/09/29 14:14:44.040, 1063 MiB, 15360 MiB, 31 %, 30.37 W
2026/09/29 14:14:45.045, 1063 MiB, 15360 MiB, 27 %, 31.26 W
2026/09/29 14:14:46.051, 1063 MiB, 15360 MiB, 32 %, 30.58 W
2026/09/29 14:14:47.056, 1063 MiB, 15360 MiB, 33 %, 33.63 W
2026/09/29 14:14:48.061, 1063 MiB, 15360 MiB, 31 %, 30.96 W
2026/09/29 14:14:49.066, 1063 MiB, 15360 MiB, 30 %, 30.38 W
2026/09/29 14:14:50.071, 1063 MiB, 15360 MiB, 30 %, 31.75 W
2026/09/29 14:14:51.077, 1063 MiB, 15360 MiB, 23 %, 29.99 W
2026/09/29 14:14:52.092, 1063 MiB, 15360 MiB, 23 %, 29.89 W
2026/09/29 14:14:53.102, 1063 MiB, 15360 MiB, 18 %, 30.38 W
2026/09/29 14:14:54.113, 1063 MiB, 15360 MiB, 29 %, 30.58 W
2026/09/29 14:14:55.118, 1063 MiB, 15360 MiB, 29 %, 30.66 W
2026/09/29 14:14:56.123, 1063 MiB, 15360 MiB, 29 %, 30.88 W
2026/09/29 14:14:57.130, 1063 MiB, 15360 MiB, 30 %, 30.19 W
2026/09/29 14:14:58.136, 1063 MiB, 15360 MiB, 30 %, 30.76 W
2026/09/29 14:14:59.141, 1063 MiB, 15360 MiB, 30 %, 31.16 W
2026/09/29 14:15:00.159, 1063 MiB, 15360 MiB, 33 %, 30.66 W
2026/09/29 14:15:01.164, 1063 MiB, 15360 MiB, 32 %, 31.06 W
2026/09/29 14:15:02.169, 1063 MiB, 15360 MiB, 33 %, 31.75 W
2026/09/29 14:15:03.175, 1063 MiB, 15360 MiB, 33 %, 32.24 W
2026/09/29 14:15:04.186, 1063 MiB, 15360 MiB, 25 %, 30.56 W
2026/09/29 14:15:05.200, 1063 MiB, 15360 MiB, 23 %, 30.86 W
2026/09/29 14:15:06.213, 1063 MiB, 15360 MiB, 33 %, 31.75 W
2026/09/29 14:15:07.219, 1063 MiB, 15360 MiB, 34 %, 31.65 W
2026/09/29 14:15:08.223, 1063 MiB, 15360 MiB, 33 %, 32.93 W
2026/09/29 14:15:09.229, 1063 MiB, 15360 MiB, 31 %, 31.75 W
2026/09/29 14:15:10.234, 1063 MiB, 15360 MiB, 31 %, 31.17 W
2026/09/29 14:15:11.239, 1063 MiB, 15360 MiB, 32 %, 31.55 W
2026/09/29 14:15:12.245, 1063 MiB, 15360 MiB, 32 %, 31.27 W
2026/09/29 14:15:13.250, 1063 MiB, 15360 MiB, 33 %, 31.06 W
2026/09/29 14:15:14.255, 1063 MiB, 15360 MiB, 31 %, 33.31 W
2026/09/29 14:15:15.260, 1063 MiB, 15360 MiB, 27 %, 30.28 W
2026/09/29 14:15:16.266, 1063 MiB, 15360 MiB, 24 %, 30.28 W
2026/09/29 14:15:17.284, 1063 MiB, 15360 MiB, 26 %, 30.47 W
2026/09/29 14:15:18.302, 1063 MiB, 15360 MiB, 20 %, 30.66 W
2026/09/29 14:15:19.313, 1063 MiB, 15360 MiB, 29 %, 31.16 W
2026/09/29 14:15:20.317, 1063 MiB, 15360 MiB, 30 %, 31.35 W
2026/09/29 14:15:21.323, 1063 MiB, 15360 MiB, 30 %, 31.17 W
2026/09/29 14:15:22.328, 1063 MiB, 15360 MiB, 30 %, 30.88 W
2026/09/29 14:15:23.333, 1063 MiB, 15360 MiB, 33 %, 33.43 W
2026/09/29 14:15:24.339, 1063 MiB, 15360 MiB, 29 %, 30.96 W
2026/09/29 14:15:25.346, 1063 MiB, 15360 MiB, 32 %, 30.58 W
2026/09/29 14:15:26.351, 1063 MiB, 15360 MiB, 33 %, 33.51 W
2026/09/29 14:15:27.356, 1063 MiB, 15360 MiB, 32 %, 30.48 W
2026/09/29 14:15:28.361, 1063 MiB, 15360 MiB, 33 %, 32.92 W
2026/09/29 14:15:29.366, 1063 MiB, 15360 MiB, 25 %, 30.96 W
2026/09/29 14:15:30.377, 1063 MiB, 15360 MiB, 22 %, 33.61 W
2026/09/29 14:15:31.385, 1063 MiB, 15360 MiB, 26 %, 31.35 W
2026/09/29 14:15:32.391, 1063 MiB, 15360 MiB, 33 %, 32.05 W
2026/09/29 14:15:33.396, 1063 MiB, 15360 MiB, 32 %, 35.58 W
2026/09/29 14:15:34.402, 1063 MiB, 15360 MiB, 32 %, 30.47 W
2026/09/29 14:15:35.406, 1063 MiB, 15360 MiB, 33 %, 31.17 W
2026/09/29 14:15:36.411, 1063 MiB, 15360 MiB, 32 %, 32.03 W
2026/09/29 14:15:37.418, 1063 MiB, 15360 MiB, 31 %, 32.84 W
2026/09/29 14:15:38.423, 1063 MiB, 15360 MiB, 31 %, 34.00 W
2026/09/29 14:15:39.429, 1063 MiB, 15360 MiB, 33 %, 30.88 W
2026/09/29 14:15:40.435, 1063 MiB, 15360 MiB, 32 %, 30.56 W
2026/09/29 14:15:41.441, 1063 MiB, 15360 MiB, 23 %, 30.27 W
2026/09/29 14:15:42.456, 1063 MiB, 15360 MiB, 26 %, 31.55 W
2026/09/29 14:15:43.473, 1063 MiB, 15360 MiB, 21 %, 33.01 W
2026/09/29 14:15:44.483, 1063 MiB, 15360 MiB, 32 %, 34.79 W
2026/09/29 14:15:45.488, 1063 MiB, 15360 MiB, 32 %, 34.00 W
2026/09/29 14:15:46.493, 1063 MiB, 15360 MiB, 30 %, 30.86 W
2026/09/29 14:15:47.498, 1063 MiB, 15360 MiB, 31 %, 30.78 W
2026/09/29 14:15:48.503, 1063 MiB, 15360 MiB, 32 %, 31.16 W
2026/09/29 14:15:49.508, 1063 MiB, 15360 MiB, 33 %, 31.26 W
2026/09/29 14:15:50.515, 1063 MiB, 15360 MiB, 32 %, 30.88 W
2026/09/29 14:15:51.521, 1063 MiB, 15360 MiB, 27 %, 35.19 W
2026/09/29 14:15:52.527, 1063 MiB, 15360 MiB, 29 %, 30.76 W
2026/09/29 14:15:53.536, 1063 MiB, 15360 MiB, 29 %, 34.30 W
2026/09/29 14:15:54.542, 1063 MiB, 15360 MiB, 22 %, 34.69 W
2026/09/29 14:15:55.558, 1063 MiB, 15360 MiB, 23 %, 29.99 W
2026/09/29 14:15:56.565, 1063 MiB, 15360 MiB, 28 %, 31.26 W
2026/09/29 14:15:57.570, 1063 MiB, 15360 MiB, 30 %, 33.13 W
2026/09/29 14:15:58.575, 1063 MiB, 15360 MiB, 32 %, 32.82 W
2026/09/29 14:15:59.589, 1063 MiB, 15360 MiB, 32 %, 32.24 W
2026/09/29 14:16:00.594, 1063 MiB, 15360 MiB, 33 %, 32.93 W
2026/09/29 14:16:01.599, 1063 MiB, 15360 MiB, 32 %, 32.84 W
2026/09/29 14:16:02.604, 1063 MiB, 15360 MiB, 33 %, 32.05 W
2026/09/29 14:16:03.609, 1063 MiB, 15360 MiB, 33 %, 32.92 W
2026/09/29 14:16:04.614, 1063 MiB, 15360 MiB, 32 %, 33.61 W
2026/09/29 14:16:05.622, 1063 MiB, 15360 MiB, 33 %, 30.88 W
2026/09/29 14:16:06.628, 1063 MiB, 15360 MiB, 23 %, 34.99 W
2026/09/29 14:16:07.636, 1063 MiB, 15360 MiB, 27 %, 31.45 W
2026/09/29 14:16:08.646, 1063 MiB, 15360 MiB, 25 %, 29.77 W
2026/09/29 14:16:09.659, 1063 MiB, 15360 MiB, 32 %, 30.68 W
2026/09/29 14:16:10.665, 1063 MiB, 15360 MiB, 32 %, 30.58 W
2026/09/29 14:16:11.670, 1063 MiB, 15360 MiB, 33 %, 32.05 W
2026/09/29 14:16:12.675, 1063 MiB, 15360 MiB, 33 %, 31.26 W
2026/09/29 14:16:13.680, 1063 MiB, 15360 MiB, 33 %, 30.76 W
2026/09/29 14:16:14.686, 1063 MiB, 15360 MiB, 34 %, 32.82 W
2026/09/29 14:16:15.691, 1063 MiB, 15360 MiB, 31 %, 34.59 W
2026/09/29 14:16:16.696, 1063 MiB, 15360 MiB, 33 %, 32.05 W
2026/09/29 14:16:17.701, 1063 MiB, 15360 MiB, 34 %, 30.86 W
2026/09/29 14:16:18.706, 1063 MiB, 15360 MiB, 33 %, 33.90 W
2026/09/29 14:16:19.712, 1063 MiB, 15360 MiB, 24 %, 30.76 W
2026/09/29 14:16:20.737, 1063 MiB, 15360 MiB, 22 %, 30.09 W
2026/09/29 14:16:21.744, 1063 MiB, 15360 MiB, 32 %, 31.26 W
2026/09/29 14:16:22.751, 1063 MiB, 15360 MiB, 32 %, 31.85 W
2026/09/29 14:16:23.757, 1063 MiB, 15360 MiB, 31 %, 30.86 W
2026/09/29 14:16:24.762, 1063 MiB, 15360 MiB, 30 %, 33.43 W
2026/09/29 14:16:25.767, 1063 MiB, 15360 MiB, 28 %, 33.43 W
2026/09/29 14:16:26.772, 1063 MiB, 15360 MiB, 31 %, 31.75 W
2026/09/29 14:16:27.777, 1063 MiB, 15360 MiB, 32 %, 29.87 W
2026/09/29 14:16:28.782, 1063 MiB, 15360 MiB, 33 %, 32.22 W
2026/09/29 14:16:29.798, 1063 MiB, 15360 MiB, 32 %, 33.41 W
2026/09/29 14:16:30.814, 1063 MiB, 15360 MiB, 32 %, 33.63 W
2026/09/29 14:16:31.820, 1063 MiB, 15360 MiB, 21 %, 30.09 W
2026/09/29 14:16:32.831, 1063 MiB, 15360 MiB, 26 %, 30.37 W
2026/09/29 14:16:33.840, 1063 MiB, 15360 MiB, 25 %, 33.51 W
2026/09/29 14:16:34.851, 1063 MiB, 15360 MiB, 33 %, 31.26 W
2026/09/29 14:16:35.856, 1063 MiB, 15360 MiB, 33 %, 30.78 W
2026/09/29 14:16:36.861, 1063 MiB, 15360 MiB, 32 %, 32.34 W
2026/09/29 14:16:37.866, 1063 MiB, 15360 MiB, 33 %, 30.76 W
2026/09/29 14:16:38.872, 1063 MiB, 15360 MiB, 33 %, 30.76 W
2026/09/29 14:16:39.878, 1063 MiB, 15360 MiB, 32 %, 31.85 W
2026/09/29 14:16:40.883, 1063 MiB, 15360 MiB, 33 %, 30.76 W
2026/09/29 14:16:41.889, 1063 MiB, 15360 MiB, 33 %, 31.75 W
2026/09/29 14:16:42.895, 1063 MiB, 15360 MiB, 42 %, 33.31 W
2026/09/29 14:16:43.900, 1063 MiB, 15360 MiB, 28 %, 30.58 W
2026/09/29 14:16:44.906, 1063 MiB, 15360 MiB, 24 %, 30.07 W
2026/09/29 14:16:45.918, 1063 MiB, 15360 MiB, 24 %, 30.19 W
2026/09/29 14:16:46.929, 1063 MiB, 15360 MiB, 19 %, 30.09 W
2026/09/29 14:16:47.939, 1063 MiB, 15360 MiB, 29 %, 33.90 W
2026/09/29 14:16:48.944, 1063 MiB, 15360 MiB, 30 %, 31.06 W
2026/09/29 14:16:49.949, 1063 MiB, 15360 MiB, 31 %, 31.27 W
2026/09/29 14:16:50.954, 1063 MiB, 15360 MiB, 29 %, 34.59 W
2026/09/29 14:16:51.959, 1063 MiB, 15360 MiB, 29 %, 34.69 W
2026/09/29 14:16:52.964, 1063 MiB, 15360 MiB, 31 %, 34.71 W
2026/09/29 14:16:53.969, 1063 MiB, 15360 MiB, 32 %, 35.78 W
2026/09/29 14:16:54.976, 1063 MiB, 15360 MiB, 30 %, 30.68 W
2026/09/29 14:16:55.981, 1063 MiB, 15360 MiB, 32 %, 31.26 W
2026/09/29 14:16:56.986, 1063 MiB, 15360 MiB, 32 %, 30.86 W
2026/09/29 14:16:57.992, 1063 MiB, 15360 MiB, 24 %, 30.48 W
2026/09/29 14:16:59.003, 1063 MiB, 15360 MiB, 22 %, 32.93 W
2026/09/29 14:17:00.013, 1063 MiB, 15360 MiB, 30 %, 30.96 W
2026/09/29 14:17:01.018, 1063 MiB, 15360 MiB, 27 %, 31.75 W
2026/09/29 14:17:02.022, 1063 MiB, 15360 MiB, 34 %, 31.06 W
2026/09/29 14:17:03.028, 1063 MiB, 15360 MiB, 32 %, 30.86 W
2026/09/29 14:17:04.033, 1063 MiB, 15360 MiB, 33 %, 31.45 W
2026/09/29 14:17:05.037, 1063 MiB, 15360 MiB, 34 %, 33.98 W
2026/09/29 14:17:06.044, 1063 MiB, 15360 MiB, 33 %, 30.78 W
2026/09/29 14:17:07.049, 1063 MiB, 15360 MiB, 30 %, 30.58 W
2026/09/29 14:17:08.054, 1063 MiB, 15360 MiB, 32 %, 30.58 W
2026/09/29 14:17:09.060, 1063 MiB, 15360 MiB, 31 %, 32.34 W
2026/09/29 14:17:10.067, 1063 MiB, 15360 MiB, 24 %, 30.56 W
2026/09/29 14:17:11.083, 1063 MiB, 15360 MiB, 25 %, 30.27 W
2026/09/29 14:17:12.099, 1063 MiB, 15360 MiB, 19 %, 30.86 W
2026/09/29 14:17:13.111, 1063 MiB, 15360 MiB, 32 %, 30.86 W
2026/09/29 14:17:14.116, 1063 MiB, 15360 MiB, 32 %, 30.66 W
2026/09/29 14:17:15.126, 1063 MiB, 15360 MiB, 32 %, 34.51 W
2026/09/29 14:17:16.130, 1063 MiB, 15360 MiB, 31 %, 31.37 W
2026/09/29 14:17:17.137, 1063 MiB, 15360 MiB, 32 %, 30.96 W
2026/09/29 14:17:18.142, 1063 MiB, 15360 MiB, 32 %, 30.56 W
2026/09/29 14:17:19.147, 1063 MiB, 15360 MiB, 32 %, 30.76 W
2026/09/29 14:17:20.152, 1063 MiB, 15360 MiB, 32 %, 32.92 W
2026/09/29 14:17:21.157, 1063 MiB, 15360 MiB, 28 %, 32.05 W
2026/09/29 14:17:22.162, 1063 MiB, 15360 MiB, 28 %, 31.75 W
2026/09/29 14:17:23.169, 1063 MiB, 15360 MiB, 24 %, 30.37 W
2026/09/29 14:17:24.175, 1063 MiB, 15360 MiB, 21 %, 30.58 W
2026/09/29 14:17:25.186, 1063 MiB, 15360 MiB, 29 %, 29.79 W
2026/09/29 14:17:26.190, 1063 MiB, 15360 MiB, 38 %, 41.72 W
2026/09/29 14:17:27.197, 1063 MiB, 15360 MiB, 33 %, 32.84 W
2026/09/29 14:17:28.203, 1063 MiB, 15360 MiB, 33 %, 32.74 W
2026/09/29 14:17:29.210, 1063 MiB, 15360 MiB, 32 %, 31.55 W
2026/09/29 14:17:30.215, 1063 MiB, 15360 MiB, 32 %, 31.45 W
2026/09/29 14:17:31.220, 1063 MiB, 15360 MiB, 27 %, 31.06 W
2026/09/29 14:17:32.227, 1063 MiB, 15360 MiB, 33 %, 34.10 W
2026/09/29 14:17:33.232, 1063 MiB, 15360 MiB, 32 %, 32.74 W
2026/09/29 14:17:34.237, 1063 MiB, 15360 MiB, 32 %, 31.85 W
2026/09/29 14:17:35.244, 1063 MiB, 15360 MiB, 22 %, 30.47 W
2026/09/29 14:17:36.254, 1063 MiB, 15360 MiB, 24 %, 30.47 W
2026/09/29 14:17:37.265, 1063 MiB, 15360 MiB, 25 %, 30.09 W
2026/09/29 14:17:38.279, 1063 MiB, 15360 MiB, 38 %, 30.86 W
2026/09/29 14:17:39.284, 1063 MiB, 15360 MiB, 32 %, 30.68 W
2026/09/29 14:17:40.289, 1063 MiB, 15360 MiB, 32 %, 30.76 W
2026/09/29 14:17:41.294, 1063 MiB, 15360 MiB, 32 %, 35.76 W
2026/09/29 14:17:42.298, 1063 MiB, 15360 MiB, 32 %, 30.66 W
2026/09/29 14:17:43.304, 1063 MiB, 15360 MiB, 32 %, 30.76 W
2026/09/29 14:17:44.312, 1063 MiB, 15360 MiB, 31 %, 30.78 W
2026/09/29 14:17:45.317, 1063 MiB, 15360 MiB, 32 %, 30.76 W
2026/09/29 14:17:46.322, 1063 MiB, 15360 MiB, 32 %, 34.49 W
2026/09/29 14:17:47.327, 1063 MiB, 15360 MiB, 31 %, 31.06 W
2026/09/29 14:17:48.333, 1063 MiB, 15360 MiB, 20 %, 30.48 W
2026/09/29 14:17:49.346, 1063 MiB, 15360 MiB, 23 %, 30.19 W
2026/09/29 14:17:50.355, 1063 MiB, 15360 MiB, 20 %, 30.86 W
2026/09/29 14:17:51.360, 1063 MiB, 15360 MiB, 30 %, 34.89 W
2026/09/29 14:17:52.365, 1063 MiB, 15360 MiB, 30 %, 32.14 W
2026/09/29 14:17:53.370, 1063 MiB, 15360 MiB, 31 %, 31.55 W
2026/09/29 14:17:54.376, 1063 MiB, 15360 MiB, 33 %, 33.21 W
2026/09/29 14:17:55.382, 1063 MiB, 15360 MiB, 30 %, 30.98 W
2026/09/29 14:17:56.391, 1063 MiB, 15360 MiB, 31 %, 30.86 W
2026/09/29 14:17:57.396, 1063 MiB, 15360 MiB, 31 %, 34.38 W
2026/09/29 14:17:58.404, 1063 MiB, 15360 MiB, 34 %, 30.98 W
2026/09/29 14:17:59.412, 1063 MiB, 15360 MiB, 31 %, 30.66 W
2026/09/29 14:18:00.418, 1063 MiB, 15360 MiB, 20 %, 30.17 W
2026/09/29 14:18:01.431, 1063 MiB, 15360 MiB, 20 %, 29.59 W
2026/09/29 14:18:02.439, 1063 MiB, 15360 MiB, 24 %, 30.07 W
2026/09/29 14:18:03.449, 1063 MiB, 15360 MiB, 33 %, 33.01 W
2026/09/29 14:18:04.454, 1063 MiB, 15360 MiB, 33 %, 30.68 W
2026/09/29 14:18:05.460, 1063 MiB, 15360 MiB, 33 %, 34.57 W
2026/09/29 14:18:06.464, 1063 MiB, 15360 MiB, 32 %, 31.55 W
2026/09/29 14:18:07.469, 1063 MiB, 15360 MiB, 34 %, 30.66 W
2026/09/29 14:18:08.474, 1063 MiB, 15360 MiB, 33 %, 30.55 W
2026/09/29 14:18:09.479, 1063 MiB, 15360 MiB, 30 %, 31.35 W
2026/09/29 14:18:10.484, 1063 MiB, 15360 MiB, 32 %, 31.75 W
2026/09/29 14:18:11.489, 1063 MiB, 15360 MiB, 38 %, 30.76 W
2026/09/29 14:18:12.494, 1063 MiB, 15360 MiB, 28 %, 30.28 W
2026/09/29 14:18:13.501, 1063 MiB, 15360 MiB, 22 %, 30.47 W
2026/09/29 14:18:14.511, 1063 MiB, 15360 MiB, 24 %, 29.99 W
2026/09/29 14:18:15.522, 1063 MiB, 15360 MiB, 19 %, 29.69 W
2026/09/29 14:18:16.527, 1063 MiB, 15360 MiB, 30 %, 31.35 W
2026/09/29 14:18:17.531, 1063 MiB, 15360 MiB, 30 %, 33.80 W
2026/09/29 14:18:18.537, 1063 MiB, 15360 MiB, 30 %, 30.19 W
2026/09/29 14:18:19.541, 1063 MiB, 15360 MiB, 36 %, 33.92 W
2026/09/29 14:18:20.546, 1063 MiB, 15360 MiB, 29 %, 30.48 W
2026/09/29 14:18:21.551, 1063 MiB, 15360 MiB, 30 %, 30.47 W
2026/09/29 14:18:22.558, 1063 MiB, 15360 MiB, 29 %, 30.56 W
2026/09/29 14:18:23.563, 1063 MiB, 15360 MiB, 28 %, 31.85 W
2026/09/29 14:18:24.569, 1063 MiB, 15360 MiB, 28 %, 31.55 W
2026/09/29 14:18:25.574, 1063 MiB, 15360 MiB, 26 %, 29.99 W
2026/09/29 14:18:26.587, 1063 MiB, 15360 MiB, 20 %, 29.79 W
2026/09/29 14:18:27.599, 1063 MiB, 15360 MiB, 20 %, 29.40 W
2026/09/29 14:18:28.608, 1063 MiB, 15360 MiB, 29 %, 32.74 W
2026/09/29 14:18:29.612, 1063 MiB, 15360 MiB, 30 %, 31.26 W
2026/09/29 14:18:30.619, 1063 MiB, 15360 MiB, 30 %, 31.95 W
2026/09/29 14:18:31.624, 1063 MiB, 15360 MiB, 27 %, 29.89 W
2026/09/29 14:18:32.632, 1063 MiB, 15360 MiB, 30 %, 30.56 W
2026/09/29 14:18:33.645, 1063 MiB, 15360 MiB, 31 %, 30.37 W
2026/09/29 14:18:34.651, 1063 MiB, 15360 MiB, 30 %, 31.45 W
2026/09/29 14:18:35.655, 1063 MiB, 15360 MiB, 30 %, 30.88 W
2026/09/29 14:18:36.662, 1063 MiB, 15360 MiB, 29 %, 30.78 W
2026/09/29 14:18:37.667, 1063 MiB, 15360 MiB, 29 %, 31.95 W
2026/09/29 14:18:38.673, 1063 MiB, 15360 MiB, 19 %, 30.09 W
2026/09/29 14:18:39.683, 1063 MiB, 15360 MiB, 24 %, 30.38 W
2026/09/29 14:18:40.693, 1063 MiB, 15360 MiB, 22 %, 29.48 W
2026/09/29 14:18:41.702, 1063 MiB, 15360 MiB, 30 %, 31.55 W
2026/09/29 14:18:42.708, 1063 MiB, 15360 MiB, 29 %, 30.68 W
2026/09/29 14:18:43.714, 1063 MiB, 15360 MiB, 29 %, 30.86 W
2026/09/29 14:18:44.719, 1063 MiB, 15360 MiB, 29 %, 30.74 W
2026/09/29 14:18:45.727, 1063 MiB, 15360 MiB, 28 %, 30.66 W
2026/09/29 14:18:46.733, 1063 MiB, 15360 MiB, 29 %, 31.16 W
2026/09/29 14:18:47.738, 1063 MiB, 15360 MiB, 30 %, 30.76 W
2026/09/29 14:18:48.744, 1063 MiB, 15360 MiB, 29 %, 31.93 W
2026/09/29 14:18:49.754, 1063 MiB, 15360 MiB, 30 %, 30.78 W
2026/09/29 14:18:50.760, 1063 MiB, 15360 MiB, 30 %, 30.17 W
2026/09/29 14:18:51.766, 1063 MiB, 15360 MiB, 23 %, 30.09 W
2026/09/29 14:18:52.776, 1063 MiB, 15360 MiB, 20 %, 30.07 W
2026/09/29 14:18:53.784, 1063 MiB, 15360 MiB, 30 %, 30.66 W
2026/09/29 14:18:54.791, 1063 MiB, 15360 MiB, 28 %, 31.35 W
2026/09/29 14:18:55.796, 1063 MiB, 15360 MiB, 28 %, 31.65 W
2026/09/29 14:18:56.801, 1063 MiB, 15360 MiB, 28 %, 34.59 W
2026/09/29 14:18:57.806, 1063 MiB, 15360 MiB, 29 %, 30.47 W
2026/09/29 14:18:58.811, 1063 MiB, 15360 MiB, 28 %, 30.96 W
2026/09/29 14:18:59.816, 1063 MiB, 15360 MiB, 29 %, 32.05 W
2026/09/29 14:19:00.821, 1063 MiB, 15360 MiB, 29 %, 32.72 W
2026/09/29 14:19:01.826, 1063 MiB, 15360 MiB, 29 %, 30.68 W
2026/09/29 14:19:02.831, 1063 MiB, 15360 MiB, 28 %, 29.79 W
2026/09/29 14:19:03.837, 1063 MiB, 15360 MiB, 22 %, 29.79 W
2026/09/29 14:19:04.849, 1063 MiB, 15360 MiB, 24 %, 30.48 W
2026/09/29 14:19:05.857, 1063 MiB, 15360 MiB, 19 %, 29.79 W
2026/09/29 14:19:06.863, 1063 MiB, 15360 MiB, 29 %, 30.37 W
2026/09/29 14:19:07.868, 1063 MiB, 15360 MiB, 29 %, 30.56 W
2026/09/29 14:19:08.875, 1063 MiB, 15360 MiB, 28 %, 31.95 W
2026/09/29 14:19:09.880, 1063 MiB, 15360 MiB, 29 %, 30.17 W
2026/09/29 14:19:10.885, 1063 MiB, 15360 MiB, 30 %, 30.78 W
2026/09/29 14:19:11.891, 1063 MiB, 15360 MiB, 29 %, 30.47 W
2026/09/29 14:19:12.896, 1063 MiB, 15360 MiB, 30 %, 30.76 W
2026/09/29 14:19:13.901, 1063 MiB, 15360 MiB, 30 %, 31.55 W
2026/09/29 14:19:14.906, 1063 MiB, 15360 MiB, 29 %, 30.37 W
2026/09/29 14:19:15.911, 1063 MiB, 15360 MiB, 28 %, 30.37 W
2026/09/29 14:19:16.918, 1063 MiB, 15360 MiB, 23 %, 31.35 W
2026/09/29 14:19:17.929, 1063 MiB, 15360 MiB, 20 %, 32.34 W
2026/09/29 14:19:18.941, 1063 MiB, 15360 MiB, 30 %, 30.37 W
2026/09/29 14:19:19.949, 1063 MiB, 15360 MiB, 29 %, 30.96 W
2026/09/29 14:19:20.954, 1063 MiB, 15360 MiB, 30 %, 30.76 W
2026/09/29 14:19:21.959, 1063 MiB, 15360 MiB, 29 %, 30.27 W
2026/09/29 14:19:22.964, 1063 MiB, 15360 MiB, 28 %, 30.07 W
2026/09/29 14:19:23.969, 1063 MiB, 15360 MiB, 28 %, 30.68 W
2026/09/29 14:19:24.974, 1063 MiB, 15360 MiB, 28 %, 30.76 W
2026/09/29 14:19:25.979, 1063 MiB, 15360 MiB, 28 %, 31.55 W
2026/09/29 14:19:26.984, 1063 MiB, 15360 MiB, 27 %, 33.41 W
2026/09/29 14:19:27.991, 1063 MiB, 15360 MiB, 29 %, 31.95 W
2026/09/29 14:19:28.997, 1063 MiB, 15360 MiB, 20 %, 29.77 W
2026/09/29 14:19:30.006, 1063 MiB, 15360 MiB, 23 %, 29.77 W
2026/09/29 14:19:31.016, 1063 MiB, 15360 MiB, 23 %, 29.68 W
2026/09/29 14:19:32.031, 1063 MiB, 15360 MiB, 25 %, 30.28 W
2026/09/29 14:19:33.039, 1063 MiB, 15360 MiB, 23 %, 29.87 W
2026/09/29 14:19:34.054, 1063 MiB, 15360 MiB, 30 %, 34.40 W
2026/09/29 14:19:35.059, 1063 MiB, 15360 MiB, 29 %, 33.01 W
2026/09/29 14:19:36.064, 1063 MiB, 15360 MiB, 29 %, 32.24 W
2026/09/29 14:19:37.069, 1063 MiB, 15360 MiB, 29 %, 32.72 W
2026/09/29 14:19:38.074, 1063 MiB, 15360 MiB, 29 %, 30.66 W
2026/09/29 14:19:39.079, 1063 MiB, 15360 MiB, 28 %, 32.44 W
2026/09/29 14:19:40.086, 1063 MiB, 15360 MiB, 27 %, 30.58 W
2026/09/29 14:19:41.091, 1063 MiB, 15360 MiB, 30 %, 30.86 W
2026/09/29 14:19:42.098, 1063 MiB, 15360 MiB, 22 %, 30.86 W
2026/09/29 14:19:43.115, 1063 MiB, 15360 MiB, 20 %, 29.89 W
2026/09/29 14:19:44.123, 1063 MiB, 15360 MiB, 29 %, 35.26 W
2026/09/29 14:19:45.128, 1063 MiB, 15360 MiB, 29 %, 35.78 W
2026/09/29 14:19:46.133, 1063 MiB, 15360 MiB, 29 %, 30.66 W
2026/09/29 14:19:47.138, 1063 MiB, 15360 MiB, 29 %, 30.58 W
2026/09/29 14:19:48.144, 1063 MiB, 15360 MiB, 37 %, 30.37 W
2026/09/29 14:19:49.150, 1063 MiB, 15360 MiB, 29 %, 30.66 W
2026/09/29 14:19:50.155, 1063 MiB, 15360 MiB, 29 %, 30.66 W
2026/09/29 14:19:51.160, 1063 MiB, 15360 MiB, 30 %, 31.95 W
2026/09/29 14:19:52.165, 1063 MiB, 15360 MiB, 30 %, 32.24 W
2026/09/29 14:19:53.170, 1063 MiB, 15360 MiB, 30 %, 32.54 W
2026/09/29 14:19:54.176, 1063 MiB, 15360 MiB, 21 %, 29.99 W
2026/09/29 14:19:55.191, 1063 MiB, 15360 MiB, 24 %, 31.43 W
2026/09/29 14:19:56.201, 1063 MiB, 15360 MiB, 18 %, 30.56 W
2026/09/29 14:19:57.213, 1063 MiB, 15360 MiB, 26 %, 30.56 W
2026/09/29 14:19:58.218, 1063 MiB, 15360 MiB, 28 %, 30.56 W
2026/09/29 14:19:59.223, 1063 MiB, 15360 MiB, 28 %, 30.56 W
2026/09/29 14:20:00.227, 1063 MiB, 15360 MiB, 28 %, 30.76 W
2026/09/29 14:20:01.232, 1063 MiB, 15360 MiB, 27 %, 31.85 W
2026/09/29 14:20:02.237, 1063 MiB, 15360 MiB, 30 %, 29.59 W
2026/09/29 14:20:03.242, 1063 MiB, 15360 MiB, 30 %, 30.27 W
2026/09/29 14:20:04.248, 1063 MiB, 15360 MiB, 30 %, 30.47 W
2026/09/29 14:20:05.253, 1063 MiB, 15360 MiB, 36 %, 32.52 W
2026/09/29 14:20:06.263, 1063 MiB, 15360 MiB, 30 %, 31.16 W
2026/09/29 14:20:07.272, 1063 MiB, 15360 MiB, 22 %, 30.48 W
2026/09/29 14:20:08.284, 1063 MiB, 15360 MiB, 21 %, 30.17 W
2026/09/29 14:20:09.295, 1063 MiB, 15360 MiB, 29 %, 30.86 W
2026/09/29 14:20:10.300, 1063 MiB, 15360 MiB, 29 %, 30.86 W
2026/09/29 14:20:11.305, 1063 MiB, 15360 MiB, 29 %, 31.55 W
2026/09/29 14:20:12.310, 1063 MiB, 15360 MiB, 30 %, 30.96 W
2026/09/29 14:20:13.316, 1063 MiB, 15360 MiB, 30 %, 32.05 W
2026/09/29 14:20:14.322, 1063 MiB, 15360 MiB, 28 %, 31.16 W
2026/09/29 14:20:15.329, 1063 MiB, 15360 MiB, 29 %, 31.85 W
2026/09/29 14:20:16.334, 1063 MiB, 15360 MiB, 28 %, 30.76 W
2026/09/29 14:20:17.339, 1063 MiB, 15360 MiB, 28 %, 34.59 W
2026/09/29 14:20:18.344, 1063 MiB, 15360 MiB, 30 %, 32.34 W
2026/09/29 14:20:19.350, 1063 MiB, 15360 MiB, 20 %, 30.96 W
2026/09/29 14:20:20.364, 1063 MiB, 15360 MiB, 22 %, 30.38 W
2026/09/29 14:20:21.374, 1063 MiB, 15360 MiB, 22 %, 29.59 W
2026/09/29 14:20:22.385, 1063 MiB, 15360 MiB, 30 %, 30.66 W
2026/09/29 14:20:23.391, 1063 MiB, 15360 MiB, 30 %, 31.16 W
2026/09/29 14:20:24.397, 1063 MiB, 15360 MiB, 30 %, 32.64 W
2026/09/29 14:20:25.402, 1063 MiB, 15360 MiB, 31 %, 31.75 W
2026/09/29 14:20:26.407, 1063 MiB, 15360 MiB, 40 %, 37.43 W
2026/09/29 14:20:27.412, 1063 MiB, 15360 MiB, 30 %, 30.37 W
2026/09/29 14:20:28.417, 1063 MiB, 15360 MiB, 29 %, 32.84 W
2026/09/29 14:20:29.421, 1063 MiB, 15360 MiB, 27 %, 31.75 W
2026/09/29 14:20:30.426, 1063 MiB, 15360 MiB, 27 %, 31.26 W
2026/09/29 14:20:31.431, 1063 MiB, 15360 MiB, 28 %, 31.45 W
2026/09/29 14:20:32.438, 1063 MiB, 15360 MiB, 22 %, 29.89 W
2026/09/29 14:20:33.449, 1063 MiB, 15360 MiB, 19 %, 32.24 W
2026/09/29 14:20:34.458, 1063 MiB, 15360 MiB, 32 %, 30.47 W
2026/09/29 14:20:35.464, 1063 MiB, 15360 MiB, 30 %, 31.45 W
2026/09/29 14:20:36.478, 1063 MiB, 15360 MiB, 31 %, 30.58 W
2026/09/29 14:20:37.483, 1063 MiB, 15360 MiB, 30 %, 30.56 W
2026/09/29 14:20:38.490, 1063 MiB, 15360 MiB, 30 %, 30.47 W
2026/09/29 14:20:39.498, 1063 MiB, 15360 MiB, 30 %, 30.56 W
2026/09/29 14:20:40.506, 1063 MiB, 15360 MiB, 30 %, 30.47 W
2026/09/29 14:20:41.514, 1063 MiB, 15360 MiB, 31 %, 30.56 W
2026/09/29 14:20:42.523, 1063 MiB, 15360 MiB, 30 %, 30.66 W
2026/09/29 14:20:43.533, 1063 MiB, 15360 MiB, 30 %, 31.37 W
2026/09/29 14:20:44.540, 1063 MiB, 15360 MiB, 22 %, 29.89 W
2026/09/29 14:20:45.551, 1063 MiB, 15360 MiB, 24 %, 29.89 W
2026/09/29 14:20:46.562, 1063 MiB, 15360 MiB, 18 %, 29.58 W
2026/09/29 14:20:47.569, 1063 MiB, 15360 MiB, 30 %, 30.96 W
2026/09/29 14:20:48.575, 1063 MiB, 15360 MiB, 30 %, 30.76 W
2026/09/29 14:20:49.580, 1063 MiB, 15360 MiB, 30 %, 30.56 W
2026/09/29 14:20:50.585, 1063 MiB, 15360 MiB, 30 %, 31.06 W
2026/09/29 14:20:51.590, 1063 MiB, 15360 MiB, 30 %, 30.76 W
2026/09/29 14:20:52.595, 1063 MiB, 15360 MiB, 30 %, 32.82 W
2026/09/29 14:20:53.600, 1063 MiB, 15360 MiB, 29 %, 30.58 W
2026/09/29 14:20:54.605, 1063 MiB, 15360 MiB, 31 %, 33.11 W
2026/09/29 14:20:55.612, 1063 MiB, 15360 MiB, 30 %, 33.31 W
2026/09/29 14:20:56.617, 1063 MiB, 15360 MiB, 29 %, 30.48 W
2026/09/29 14:20:57.623, 1063 MiB, 15360 MiB, 22 %, 30.37 W
2026/09/29 14:20:58.633, 1063 MiB, 15360 MiB, 21 %, 29.97 W
2026/09/29 14:20:59.642, 1063 MiB, 15360 MiB, 28 %, 30.66 W
2026/09/29 14:21:00.648, 1063 MiB, 15360 MiB, 28 %, 30.66 W
2026/09/29 14:21:01.653, 1063 MiB, 15360 MiB, 27 %, 32.42 W
2026/09/29 14:21:02.657, 1063 MiB, 15360 MiB, 29 %, 31.24 W
2026/09/29 14:21:03.663, 1063 MiB, 15360 MiB, 30 %, 32.72 W
2026/09/29 14:21:04.668, 1063 MiB, 15360 MiB, 31 %, 30.27 W
2026/09/29 14:21:05.672, 1063 MiB, 15360 MiB, 31 %, 30.56 W
2026/09/29 14:21:06.678, 1063 MiB, 15360 MiB, 30 %, 30.07 W
2026/09/29 14:21:07.683, 1063 MiB, 15360 MiB, 27 %, 29.79 W
2026/09/29 14:21:08.688, 1063 MiB, 15360 MiB, 30 %, 29.89 W
2026/09/29 14:21:09.700, 1063 MiB, 15360 MiB, 20 %, 29.87 W
2026/09/29 14:21:10.717, 1063 MiB, 15360 MiB, 23 %, 31.65 W
2026/09/29 14:21:11.724, 1063 MiB, 15360 MiB, 19 %, 29.69 W
2026/09/29 14:21:12.736, 1063 MiB, 15360 MiB, 30 %, 30.66 W
2026/09/29 14:21:13.741, 1063 MiB, 15360 MiB, 30 %, 33.19 W
2026/09/29 14:21:14.746, 1063 MiB, 15360 MiB, 34 %, 30.15 W
2026/09/29 14:21:15.751, 1063 MiB, 15360 MiB, 29 %, 33.01 W
2026/09/29 14:21:16.756, 1063 MiB, 15360 MiB, 31 %, 31.47 W
2026/09/29 14:21:17.761, 1063 MiB, 15360 MiB, 30 %, 30.56 W
2026/09/29 14:21:18.766, 1063 MiB, 15360 MiB, 29 %, 31.16 W
2026/09/29 14:21:19.771, 1063 MiB, 15360 MiB, 30 %, 31.65 W
2026/09/29 14:21:20.779, 1063 MiB, 15360 MiB, 30 %, 31.16 W
2026/09/29 14:21:21.785, 1063 MiB, 15360 MiB, 31 %, 30.76 W
2026/09/29 14:21:22.796, 1063 MiB, 15360 MiB, 23 %, 30.58 W
2026/09/29 14:21:23.805, 1063 MiB, 15360 MiB, 22 %, 30.19 W
2026/09/29 14:21:24.821, 1063 MiB, 15360 MiB, 30 %, 31.35 W
2026/09/29 14:21:25.826, 1063 MiB, 15360 MiB, 30 %, 31.16 W
2026/09/29 14:21:26.832, 1063 MiB, 15360 MiB, 27 %, 34.99 W
2026/09/29 14:21:27.837, 1063 MiB, 15360 MiB, 28 %, 31.35 W
2026/09/29 14:21:28.844, 1063 MiB, 15360 MiB, 29 %, 30.98 W
2026/09/29 14:21:29.848, 1063 MiB, 15360 MiB, 30 %, 31.45 W
2026/09/29 14:21:30.853, 1063 MiB, 15360 MiB, 30 %, 31.55 W
2026/09/29 14:21:31.858, 1065 MiB, 15360 MiB, 29 %, 30.96 W
2026/09/29 14:21:32.863, 1065 MiB, 15360 MiB, 26 %, 30.86 W
2026/09/29 14:21:33.868, 1065 MiB, 15360 MiB, 28 %, 30.68 W
2026/09/29 14:21:34.873, 1065 MiB, 15360 MiB, 21 %, 30.19 W
2026/09/29 14:21:35.885, 1065 MiB, 15360 MiB, 22 %, 30.47 W
2026/09/29 14:21:36.898, 1065 MiB, 15360 MiB, 20 %, 29.97 W
2026/09/29 14:21:37.904, 1065 MiB, 15360 MiB, 30 %, 31.35 W
2026/09/29 14:21:38.909, 1065 MiB, 15360 MiB, 30 %, 33.31 W
2026/09/29 14:21:39.924, 1065 MiB, 15360 MiB, 31 %, 34.89 W
2026/09/29 14:21:40.937, 1065 MiB, 15360 MiB, 30 %, 30.66 W
2026/09/29 14:21:41.944, 1065 MiB, 15360 MiB, 31 %, 30.86 W
2026/09/29 14:21:42.949, 1065 MiB, 15360 MiB, 31 %, 30.47 W
2026/09/29 14:21:43.955, 1065 MiB, 15360 MiB, 31 %, 36.47 W
2026/09/29 14:21:44.960, 1065 MiB, 15360 MiB, 30 %, 31.95 W
2026/09/29 14:21:45.965, 1065 MiB, 15360 MiB, 30 %, 35.07 W
2026/09/29 14:21:46.970, 1065 MiB, 15360 MiB, 28 %, 29.99 W
2026/09/29 14:21:47.980, 1065 MiB, 15360 MiB, 22 %, 30.38 W
2026/09/29 14:21:48.990, 1065 MiB, 15360 MiB, 21 %, 29.97 W
2026/09/29 14:21:50.005, 1065 MiB, 15360 MiB, 30 %, 32.54 W
2026/09/29 14:21:51.012, 1065 MiB, 15360 MiB, 30 %, 31.93 W
2026/09/29 14:21:52.017, 1065 MiB, 15360 MiB, 30 %, 31.83 W
2026/09/29 14:21:53.023, 1065 MiB, 15360 MiB, 30 %, 32.42 W
2026/09/29 14:21:54.028, 1065 MiB, 15360 MiB, 30 %, 34.40 W
2026/09/29 14:21:55.033, 1065 MiB, 15360 MiB, 31 %, 33.53 W
2026/09/29 14:21:56.038, 1065 MiB, 15360 MiB, 30 %, 30.47 W
2026/09/29 14:21:57.042, 1065 MiB, 15360 MiB, 30 %, 30.66 W
2026/09/29 14:21:58.049, 1065 MiB, 15360 MiB, 27 %, 30.76 W
2026/09/29 14:21:59.055, 1065 MiB, 15360 MiB, 29 %, 30.76 W
2026/09/29 14:22:00.062, 1065 MiB, 15360 MiB, 22 %, 29.77 W
2026/09/29 14:22:01.071, 1065 MiB, 15360 MiB, 20 %, 30.28 W
2026/09/29 14:22:02.080, 1065 MiB, 15360 MiB, 21 %, 30.47 W
2026/09/29 14:22:03.085, 1065 MiB, 15360 MiB, 28 %, 32.05 W
2026/09/29 14:22:04.090, 1065 MiB, 15360 MiB, 27 %, 33.31 W
2026/09/29 14:22:05.096, 1065 MiB, 15360 MiB, 27 %, 33.59 W
2026/09/29 14:22:06.101, 1065 MiB, 15360 MiB, 27 %, 30.58 W
2026/09/29 14:22:07.106, 1065 MiB, 15360 MiB, 27 %, 30.07 W
2026/09/29 14:22:08.113, 1065 MiB, 15360 MiB, 26 %, 30.09 W
2026/09/29 14:22:09.118, 1065 MiB, 15360 MiB, 28 %, 30.66 W
2026/09/29 14:22:10.123, 1065 MiB, 15360 MiB, 29 %, 31.65 W
2026/09/29 14:22:11.132, 1065 MiB, 15360 MiB, 29 %, 30.28 W
2026/09/29 14:22:12.141, 1065 MiB, 15360 MiB, 24 %, 29.89 W
2026/09/29 14:22:13.155, 1065 MiB, 15360 MiB, 23 %, 30.58 W
2026/09/29 14:22:14.171, 1065 MiB, 15360 MiB, 23 %, 33.51 W
2026/09/29 14:22:15.185, 1065 MiB, 15360 MiB, 29 %, 30.58 W
2026/09/29 14:22:16.191, 1065 MiB, 15360 MiB, 29 %, 31.26 W
2026/09/29 14:22:17.198, 1065 MiB, 15360 MiB, 30 %, 31.06 W
2026/09/29 14:22:18.207, 1065 MiB, 15360 MiB, 39 %, 30.37 W
2026/09/29 14:22:19.212, 1065 MiB, 15360 MiB, 30 %, 30.38 W
2026/09/29 14:22:20.218, 1065 MiB, 15360 MiB, 30 %, 30.17 W
2026/09/29 14:22:21.224, 1065 MiB, 15360 MiB, 30 %, 30.37 W
2026/09/29 14:22:22.236, 1065 MiB, 15360 MiB, 30 %, 32.05 W
2026/09/29 14:22:23.241, 1065 MiB, 15360 MiB, 30 %, 31.65 W
2026/09/29 14:22:24.246, 1065 MiB, 15360 MiB, 30 %, 31.26 W
2026/09/29 14:22:25.252, 1065 MiB, 15360 MiB, 23 %, 33.80 W
2026/09/29 14:22:26.264, 1065 MiB, 15360 MiB, 29 %, 30.66 W
2026/09/29 14:22:27.271, 1065 MiB, 15360 MiB, 19 %, 30.37 W
2026/09/29 14:22:28.277, 1065 MiB, 15360 MiB, 29 %, 30.56 W
2026/09/29 14:22:29.281, 1065 MiB, 15360 MiB, 30 %, 30.27 W
2026/09/29 14:22:30.286, 1065 MiB, 15360 MiB, 29 %, 30.07 W
2026/09/29 14:22:31.291, 1065 MiB, 15360 MiB, 28 %, 30.96 W
2026/09/29 14:22:32.296, 1065 MiB, 15360 MiB, 29 %, 31.55 W
2026/09/29 14:22:33.301, 1065 MiB, 15360 MiB, 28 %, 32.44 W
2026/09/29 14:22:34.306, 1065 MiB, 15360 MiB, 36 %, 30.47 W
2026/09/29 14:22:35.311, 1065 MiB, 15360 MiB, 28 %, 30.68 W
2026/09/29 14:22:36.316, 1065 MiB, 15360 MiB, 28 %, 32.64 W
2026/09/29 14:22:37.322, 1065 MiB, 15360 MiB, 29 %, 29.77 W
2026/09/29 14:22:38.332, 1065 MiB, 15360 MiB, 23 %, 30.86 W
2026/09/29 14:22:39.343, 1065 MiB, 15360 MiB, 23 %, 29.99 W
2026/09/29 14:22:40.353, 1065 MiB, 15360 MiB, 31 %, 29.99 W
2026/09/29 14:22:41.358, 1065 MiB, 15360 MiB, 30 %, 30.86 W
2026/09/29 14:22:42.375, 1065 MiB, 15360 MiB, 30 %, 35.09 W
2026/09/29 14:22:43.379, 1065 MiB, 15360 MiB, 30 %, 34.69 W
2026/09/29 14:22:44.384, 1065 MiB, 15360 MiB, 31 %, 33.31 W
2026/09/29 14:22:45.389, 1065 MiB, 15360 MiB, 38 %, 36.86 W
2026/09/29 14:22:46.396, 1065 MiB, 15360 MiB, 30 %, 30.38 W
2026/09/29 14:22:47.401, 1065 MiB, 15360 MiB, 29 %, 30.58 W
2026/09/29 14:22:48.407, 1065 MiB, 15360 MiB, 29 %, 30.47 W
2026/09/29 14:22:49.412, 1065 MiB, 15360 MiB, 29 %, 31.06 W
2026/09/29 14:22:50.418, 1065 MiB, 15360 MiB, 24 %, 30.37 W
2026/09/29 14:22:51.431, 1065 MiB, 15360 MiB, 21 %, 30.47 W
2026/09/29 14:22:52.440, 1065 MiB, 15360 MiB, 25 %, 30.37 W
2026/09/29 14:22:53.445, 1065 MiB, 15360 MiB, 30 %, 30.76 W
2026/09/29 14:22:54.450, 1065 MiB, 15360 MiB, 29 %, 30.96 W
2026/09/29 14:22:55.455, 1065 MiB, 15360 MiB, 30 %, 31.55 W
2026/09/29 14:22:56.460, 1065 MiB, 15360 MiB, 30 %, 31.06 W
2026/09/29 14:22:57.465, 1065 MiB, 15360 MiB, 29 %, 30.94 W
2026/09/29 14:22:58.471, 1065 MiB, 15360 MiB, 28 %, 30.09 W
2026/09/29 14:22:59.476, 1065 MiB, 15360 MiB, 30 %, 32.74 W
2026/09/29 14:23:00.481, 1065 MiB, 15360 MiB, 29 %, 34.57 W
2026/09/29 14:23:01.487, 1065 MiB, 15360 MiB, 30 %, 30.47 W
2026/09/29 14:23:02.493, 1065 MiB, 15360 MiB, 21 %, 29.79 W
2026/09/29 14:23:03.505, 1065 MiB, 15360 MiB, 23 %, 30.58 W
2026/09/29 14:23:04.520, 1065 MiB, 15360 MiB, 23 %, 29.97 W
2026/09/29 14:23:05.530, 1065 MiB, 15360 MiB, 27 %, 31.16 W
2026/09/29 14:23:06.535, 1065 MiB, 15360 MiB, 28 %, 31.65 W
2026/09/29 14:23:07.540, 1065 MiB, 15360 MiB, 27 %, 34.10 W
2026/09/29 14:23:08.545, 1065 MiB, 15360 MiB, 28 %, 32.14 W
2026/09/29 14:23:09.551, 1065 MiB, 15360 MiB, 28 %, 32.54 W
2026/09/29 14:23:10.556, 1065 MiB, 15360 MiB, 25 %, 30.17 W
2026/09/29 14:23:11.561, 1065 MiB, 15360 MiB, 29 %, 30.48 W
2026/09/29 14:23:12.567, 1065 MiB, 15360 MiB, 29 %, 30.27 W
2026/09/29 14:23:13.572, 1065 MiB, 15360 MiB, 30 %, 30.27 W
2026/09/29 14:23:14.578, 1065 MiB, 15360 MiB, 30 %, 30.56 W
2026/09/29 14:23:15.584, 1065 MiB, 15360 MiB, 22 %, 29.99 W
2026/09/29 14:23:16.597, 1065 MiB, 15360 MiB, 21 %, 30.17 W
2026/09/29 14:23:17.607, 1065 MiB, 15360 MiB, 23 %, 30.56 W
2026/09/29 14:23:18.613, 1065 MiB, 15360 MiB, 30 %, 30.47 W
2026/09/29 14:23:19.618, 1065 MiB, 15360 MiB, 30 %, 30.86 W
2026/09/29 14:23:20.623, 1065 MiB, 15360 MiB, 30 %, 35.56 W
2026/09/29 14:23:21.628, 1065 MiB, 15360 MiB, 29 %, 30.47 W
2026/09/29 14:23:22.633, 1065 MiB, 15360 MiB, 29 %, 32.62 W
2026/09/29 14:23:23.638, 1065 MiB, 15360 MiB, 30 %, 31.63 W
2026/09/29 14:23:24.644, 1065 MiB, 15360 MiB, 30 %, 31.26 W
2026/09/29 14:23:25.650, 1065 MiB, 15360 MiB, 29 %, 30.96 W
2026/09/29 14:23:26.655, 1065 MiB, 15360 MiB, 29 %, 31.26 W
2026/09/29 14:23:27.663, 1065 MiB, 15360 MiB, 23 %, 31.75 W
2026/09/29 14:23:28.673, 1065 MiB, 15360 MiB, 24 %, 30.56 W
2026/09/29 14:23:29.682, 1065 MiB, 15360 MiB, 23 %, 32.13 W
2026/09/29 14:23:30.696, 1065 MiB, 15360 MiB, 30 %, 30.76 W
2026/09/29 14:23:31.700, 1065 MiB, 15360 MiB, 28 %, 30.47 W
2026/09/29 14:23:32.705, 1065 MiB, 15360 MiB, 30 %, 31.16 W
2026/09/29 14:23:33.710, 1065 MiB, 15360 MiB, 30 %, 31.06 W
2026/09/29 14:23:34.715, 1065 MiB, 15360 MiB, 31 %, 31.26 W
2026/09/29 14:23:35.720, 1065 MiB, 15360 MiB, 30 %, 30.76 W
2026/09/29 14:23:36.725, 1065 MiB, 15360 MiB, 30 %, 31.75 W
2026/09/29 14:23:37.730, 1065 MiB, 15360 MiB, 31 %, 31.85 W
2026/09/29 14:23:38.735, 1065 MiB, 15360 MiB, 27 %, 30.37 W
2026/09/29 14:23:39.740, 1065 MiB, 15360 MiB, 27 %, 33.61 W
2026/09/29 14:23:40.746, 1065 MiB, 15360 MiB, 22 %, 29.87 W
2026/09/29 14:23:41.764, 1065 MiB, 15360 MiB, 20 %, 30.19 W
2026/09/29 14:23:42.776, 1065 MiB, 15360 MiB, 27 %, 30.07 W
2026/09/29 14:23:43.782, 1065 MiB, 15360 MiB, 29 %, 30.78 W
2026/09/29 14:23:44.788, 1065 MiB, 15360 MiB, 30 %, 30.37 W
2026/09/29 14:23:45.800, 1065 MiB, 15360 MiB, 30 %, 30.96 W
2026/09/29 14:23:46.808, 1065 MiB, 15360 MiB, 29 %, 31.35 W
2026/09/29 14:23:47.813, 1065 MiB, 15360 MiB, 30 %, 30.66 W
2026/09/29 14:23:48.818, 1065 MiB, 15360 MiB, 30 %, 30.76 W
2026/09/29 14:23:49.823, 1065 MiB, 15360 MiB, 30 %, 30.56 W
2026/09/29 14:23:50.828, 1065 MiB, 15360 MiB, 30 %, 31.16 W
2026/09/29 14:23:51.833, 1065 MiB, 15360 MiB, 30 %, 30.76 W
2026/09/29 14:23:52.839, 1065 MiB, 15360 MiB, 21 %, 30.27 W
2026/09/29 14:23:53.854, 1065 MiB, 15360 MiB, 23 %, 30.37 W
2026/09/29 14:23:54.863, 1065 MiB, 15360 MiB, 20 %, 31.45 W
2026/09/29 14:23:55.875, 1065 MiB, 15360 MiB, 30 %, 31.43 W
2026/09/29 14:23:56.882, 1065 MiB, 15360 MiB, 30 %, 33.92 W
2026/09/29 14:23:57.889, 1065 MiB, 15360 MiB, 29 %, 30.37 W
2026/09/29 14:23:58.895, 1065 MiB, 15360 MiB, 29 %, 30.27 W
2026/09/29 14:23:59.900, 1065 MiB, 15360 MiB, 29 %, 30.66 W
2026/09/29 14:24:00.905, 1065 MiB, 15360 MiB, 29 %, 32.93 W
2026/09/29 14:24:01.909, 1065 MiB, 15360 MiB, 29 %, 34.40 W
2026/09/29 14:24:02.914, 1065 MiB, 15360 MiB, 29 %, 30.27 W
2026/09/29 14:24:03.921, 1065 MiB, 15360 MiB, 30 %, 30.17 W
2026/09/29 14:24:04.926, 1065 MiB, 15360 MiB, 30 %, 30.37 W
2026/09/29 14:24:05.932, 1065 MiB, 15360 MiB, 22 %, 29.79 W
2026/09/29 14:24:06.947, 1065 MiB, 15360 MiB, 19 %, 33.11 W
2026/09/29 14:24:07.965, 1065 MiB, 15360 MiB, 28 %, 30.17 W
2026/09/29 14:24:08.971, 1065 MiB, 15360 MiB, 27 %, 30.37 W
2026/09/29 14:24:09.976, 1065 MiB, 15360 MiB, 28 %, 30.07 W
2026/09/29 14:24:10.982, 1065 MiB, 15360 MiB, 28 %, 30.48 W
2026/09/29 14:24:11.987, 1065 MiB, 15360 MiB, 29 %, 32.34 W
2026/09/29 14:24:12.992, 1065 MiB, 15360 MiB, 29 %, 34.10 W
2026/09/29 14:24:13.997, 1065 MiB, 15360 MiB, 30 %, 32.14 W
2026/09/29 14:24:15.002, 1065 MiB, 15360 MiB, 30 %, 30.76 W
2026/09/29 14:24:16.007, 1065 MiB, 15360 MiB, 29 %, 33.61 W
2026/09/29 14:24:17.012, 1065 MiB, 15360 MiB, 31 %, 34.00 W
2026/09/29 14:24:18.018, 1065 MiB, 15360 MiB, 21 %, 29.89 W
2026/09/29 14:24:19.030, 1065 MiB, 15360 MiB, 23 %, 29.87 W
2026/09/29 14:24:20.040, 1065 MiB, 15360 MiB, 20 %, 33.80 W
2026/09/29 14:24:21.050, 1065 MiB, 15360 MiB, 29 %, 30.66 W
2026/09/29 14:24:22.055, 1065 MiB, 15360 MiB, 29 %, 30.88 W
2026/09/29 14:24:23.060, 1065 MiB, 15360 MiB, 29 %, 30.56 W
2026/09/29 14:24:24.064, 1065 MiB, 15360 MiB, 30 %, 30.66 W
2026/09/29 14:24:25.069, 1065 MiB, 15360 MiB, 29 %, 30.37 W
2026/09/29 14:24:26.074, 1065 MiB, 15360 MiB, 28 %, 30.37 W
2026/09/29 14:24:27.079, 1065 MiB, 15360 MiB, 28 %, 30.68 W
2026/09/29 14:24:28.084, 1065 MiB, 15360 MiB, 29 %, 30.56 W
2026/09/29 14:24:29.091, 1065 MiB, 15360 MiB, 27 %, 30.27 W
2026/09/29 14:24:30.096, 1065 MiB, 15360 MiB, 28 %, 34.30 W
2026/09/29 14:24:31.102, 1065 MiB, 15360 MiB, 23 %, 30.27 W
2026/09/29 14:24:32.118, 1065 MiB, 15360 MiB, 21 %, 30.37 W
2026/09/29 14:24:33.126, 1065 MiB, 15360 MiB, 30 %, 30.76 W
2026/09/29 14:24:34.131, 1065 MiB, 15360 MiB, 30 %, 31.45 W
2026/09/29 14:24:35.136, 1065 MiB, 15360 MiB, 30 %, 31.45 W
2026/09/29 14:24:36.141, 1065 MiB, 15360 MiB, 30 %, 31.04 W
2026/09/29 14:24:37.146, 1065 MiB, 15360 MiB, 31 %, 30.96 W
2026/09/29 14:24:38.151, 1065 MiB, 15360 MiB, 31 %, 31.06 W
2026/09/29 14:24:39.156, 1065 MiB, 15360 MiB, 31 %, 31.45 W
2026/09/29 14:24:40.161, 1065 MiB, 15360 MiB, 30 %, 30.96 W
2026/09/29 14:24:41.166, 1065 MiB, 15360 MiB, 28 %, 30.48 W
2026/09/29 14:24:42.172, 1065 MiB, 15360 MiB, 28 %, 30.66 W
2026/09/29 14:24:43.180, 1065 MiB, 15360 MiB, 20 %, 30.17 W
2026/09/29 14:24:44.190, 1065 MiB, 15360 MiB, 22 %, 30.19 W
2026/09/29 14:24:45.201, 1065 MiB, 15360 MiB, 19 %, 30.07 W
2026/09/29 14:24:46.210, 1065 MiB, 15360 MiB, 29 %, 30.56 W
2026/09/29 14:24:47.219, 1065 MiB, 15360 MiB, 30 %, 30.27 W
2026/09/29 14:24:48.225, 1065 MiB, 15360 MiB, 29 %, 30.47 W
2026/09/29 14:24:49.230, 1065 MiB, 15360 MiB, 30 %, 31.16 W
2026/09/29 14:24:50.237, 1065 MiB, 15360 MiB, 28 %, 30.47 W
2026/09/29 14:24:51.243, 1065 MiB, 15360 MiB, 30 %, 30.37 W
2026/09/29 14:24:52.248, 1065 MiB, 15360 MiB, 30 %, 30.66 W
2026/09/29 14:24:53.253, 1065 MiB, 15360 MiB, 30 %, 30.47 W
2026/09/29 14:24:54.258, 1065 MiB, 15360 MiB, 30 %, 32.03 W
2026/09/29 14:24:55.263, 1065 MiB, 15360 MiB, 30 %, 32.72 W
2026/09/29 14:24:56.269, 1065 MiB, 15360 MiB, 23 %, 29.97 W
2026/09/29 14:24:57.279, 1065 MiB, 15360 MiB, 20 %, 30.37 W
2026/09/29 14:24:58.291, 1065 MiB, 15360 MiB, 29 %, 31.65 W
2026/09/29 14:24:59.297, 1065 MiB, 15360 MiB, 30 %, 31.65 W
2026/09/29 14:25:00.302, 1065 MiB, 15360 MiB, 28 %, 36.27 W
2026/09/29 14:25:01.307, 1065 MiB, 15360 MiB, 30 %, 34.28 W
2026/09/29 14:25:02.312, 1065 MiB, 15360 MiB, 29 %, 30.76 W
2026/09/29 14:25:03.317, 1065 MiB, 15360 MiB, 29 %, 30.47 W
2026/09/29 14:25:04.322, 1065 MiB, 15360 MiB, 29 %, 30.96 W
2026/09/29 14:25:05.327, 1065 MiB, 15360 MiB, 29 %, 30.47 W
2026/09/29 14:25:06.332, 1065 MiB, 15360 MiB, 30 %, 30.37 W
2026/09/29 14:25:07.337, 1065 MiB, 15360 MiB, 27 %, 31.85 W
2026/09/29 14:25:08.343, 1065 MiB, 15360 MiB, 20 %, 30.58 W
2026/09/29 14:25:09.357, 1065 MiB, 15360 MiB, 22 %, 29.97 W
2026/09/29 14:25:10.369, 1065 MiB, 15360 MiB, 20 %, 29.97 W
2026/09/29 14:25:11.378, 1065 MiB, 15360 MiB, 30 %, 30.76 W
2026/09/29 14:25:12.383, 1065 MiB, 15360 MiB, 30 %, 29.77 W
2026/09/29 14:25:13.388, 1065 MiB, 15360 MiB, 30 %, 30.27 W
2026/09/29 14:25:14.393, 1065 MiB, 15360 MiB, 29 %, 35.56 W
2026/09/29 14:25:15.398, 1065 MiB, 15360 MiB, 28 %, 30.56 W
2026/09/29 14:25:16.404, 1065 MiB, 15360 MiB, 29 %, 30.56 W
2026/09/29 14:25:17.418, 1065 MiB, 15360 MiB, 28 %, 32.05 W
2026/09/29 14:25:18.430, 1065 MiB, 15360 MiB, 31 %, 30.86 W
2026/09/29 14:25:19.435, 1065 MiB, 15360 MiB, 36 %, 30.19 W
2026/09/29 14:25:20.441, 1065 MiB, 15360 MiB, 35 %, 31.73 W
2026/09/29 14:25:21.448, 1065 MiB, 15360 MiB, 28 %, 32.13 W
2026/09/29 14:25:22.464, 1065 MiB, 15360 MiB, 18 %, 32.24 W
2026/09/29 14:25:23.478, 1065 MiB, 15360 MiB, 33 %, 32.74 W
2026/09/29 14:25:24.483, 1065 MiB, 15360 MiB, 30 %, 30.76 W
2026/09/29 14:25:25.489, 1065 MiB, 15360 MiB, 29 %, 30.47 W
2026/09/29 14:25:26.495, 1065 MiB, 15360 MiB, 30 %, 30.86 W
2026/09/29 14:25:27.500, 1065 MiB, 15360 MiB, 35 %, 30.66 W
2026/09/29 14:25:28.506, 1065 MiB, 15360 MiB, 36 %, 34.38 W
2026/09/29 14:25:29.512, 1065 MiB, 15360 MiB, 37 %, 33.88 W
2026/09/29 14:25:30.517, 1065 MiB, 15360 MiB, 43 %, 32.62 W
2026/09/29 14:25:31.522, 1065 MiB, 15360 MiB, 33 %, 30.76 W
2026/09/29 14:25:32.527, 1065 MiB, 15360 MiB, 36 %, 31.06 W
2026/09/29 14:25:33.533, 1065 MiB, 15360 MiB, 24 %, 31.16 W
2026/09/29 14:25:34.547, 1065 MiB, 15360 MiB, 26 %, 30.86 W
2026/09/29 14:25:35.557, 1065 MiB, 15360 MiB, 20 %, 30.38 W
2026/09/29 14:25:36.566, 1065 MiB, 15360 MiB, 33 %, 31.85 W
2026/09/29 14:25:37.572, 1065 MiB, 15360 MiB, 28 %, 33.23 W
2026/09/29 14:25:38.578, 1065 MiB, 15360 MiB, 32 %, 32.72 W
2026/09/29 14:25:39.583, 1065 MiB, 15360 MiB, 32 %, 32.92 W
2026/09/29 14:25:40.590, 1065 MiB, 15360 MiB, 34 %, 30.76 W
2026/09/29 14:25:41.595, 1065 MiB, 15360 MiB, 34 %, 32.72 W
2026/09/29 14:25:42.600, 1065 MiB, 15360 MiB, 34 %, 30.47 W
2026/09/29 14:25:43.605, 1065 MiB, 15360 MiB, 32 %, 34.20 W
2026/09/29 14:25:44.610, 1065 MiB, 15360 MiB, 38 %, 33.80 W
2026/09/29 14:25:45.615, 1065 MiB, 15360 MiB, 34 %, 33.41 W
2026/09/29 14:25:46.621, 1065 MiB, 15360 MiB, 22 %, 32.62 W
2026/09/29 14:25:47.636, 1065 MiB, 15360 MiB, 27 %, 30.86 W
2026/09/29 14:25:48.649, 1065 MiB, 15360 MiB, 37 %, 35.09 W
2026/09/29 14:25:49.654, 1065 MiB, 15360 MiB, 30 %, 30.56 W
2026/09/29 14:25:50.659, 1065 MiB, 15360 MiB, 27 %, 31.45 W
2026/09/29 14:25:51.665, 1065 MiB, 15360 MiB, 30 %, 32.24 W
2026/09/29 14:25:52.671, 1065 MiB, 15360 MiB, 30 %, 31.55 W
2026/09/29 14:25:53.676, 1065 MiB, 15360 MiB, 30 %, 32.44 W
2026/09/29 14:25:54.682, 1065 MiB, 15360 MiB, 31 %, 31.26 W
2026/09/29 14:25:55.687, 1065 MiB, 15360 MiB, 30 %, 31.06 W
2026/09/29 14:25:56.692, 1065 MiB, 15360 MiB, 38 %, 33.11 W
2026/09/29 14:25:57.697, 1065 MiB, 15360 MiB, 30 %, 34.20 W
2026/09/29 14:25:58.704, 1065 MiB, 15360 MiB, 21 %, 29.89 W
2026/09/29 14:25:59.713, 1065 MiB, 15360 MiB, 24 %, 30.07 W
2026/09/29 14:26:00.724, 1065 MiB, 15360 MiB, 20 %, 30.96 W
2026/09/29 14:26:01.730, 1065 MiB, 15360 MiB, 35 %, 31.06 W
2026/09/29 14:26:02.735, 1065 MiB, 15360 MiB, 34 %, 30.47 W
2026/09/29 14:26:03.740, 1065 MiB, 15360 MiB, 30 %, 30.48 W
2026/09/29 14:26:04.745, 1065 MiB, 15360 MiB, 30 %, 30.96 W
2026/09/29 14:26:05.750, 1065 MiB, 15360 MiB, 29 %, 30.76 W
2026/09/29 14:26:06.759, 1065 MiB, 15360 MiB, 35 %, 33.61 W
2026/09/29 14:26:07.766, 1065 MiB, 15360 MiB, 35 %, 32.03 W
2026/09/29 14:26:08.771, 1065 MiB, 15360 MiB, 31 %, 34.30 W
2026/09/29 14:26:09.776, 1065 MiB, 15360 MiB, 31 %, 32.32 W
2026/09/29 14:26:10.782, 1065 MiB, 15360 MiB, 29 %, 31.85 W
2026/09/29 14:26:11.790, 1065 MiB, 15360 MiB, 25 %, 30.28 W
2026/09/29 14:26:12.800, 1065 MiB, 15360 MiB, 19 %, 29.97 W
2026/09/29 14:26:13.814, 1065 MiB, 15360 MiB, 31 %, 31.65 W
2026/09/29 14:26:14.818, 1065 MiB, 15360 MiB, 31 %, 30.96 W
2026/09/29 14:26:15.823, 1065 MiB, 15360 MiB, 29 %, 33.21 W
2026/09/29 14:26:16.828, 1065 MiB, 15360 MiB, 29 %, 30.56 W
2026/09/29 14:26:17.834, 1065 MiB, 15360 MiB, 32 %, 31.16 W
2026/09/29 14:26:18.846, 1065 MiB, 15360 MiB, 32 %, 31.16 W
2026/09/29 14:26:19.851, 1065 MiB, 15360 MiB, 31 %, 31.35 W
2026/09/29 14:26:20.857, 1065 MiB, 15360 MiB, 37 %, 34.30 W
2026/09/29 14:26:21.863, 1065 MiB, 15360 MiB, 32 %, 31.85 W
2026/09/29 14:26:22.868, 1065 MiB, 15360 MiB, 32 %, 30.96 W
2026/09/29 14:26:23.873, 1065 MiB, 15360 MiB, 24 %, 30.27 W
2026/09/29 14:26:24.884, 1065 MiB, 15360 MiB, 29 %, 33.53 W
2026/09/29 14:26:25.898, 1065 MiB, 15360 MiB, 26 %, 31.95 W
2026/09/29 14:26:26.911, 1065 MiB, 15360 MiB, 30 %, 30.28 W
2026/09/29 14:26:27.917, 1065 MiB, 15360 MiB, 30 %, 30.27 W
2026/09/29 14:26:28.922, 1065 MiB, 15360 MiB, 29 %, 30.37 W
2026/09/29 14:26:29.927, 1065 MiB, 15360 MiB, 30 %, 30.47 W
2026/09/29 14:26:30.932, 1065 MiB, 15360 MiB, 30 %, 30.47 W
2026/09/29 14:26:31.938, 1065 MiB, 15360 MiB, 29 %, 33.21 W
2026/09/29 14:26:32.943, 1065 MiB, 15360 MiB, 29 %, 33.01 W
2026/09/29 14:26:33.948, 1065 MiB, 15360 MiB, 29 %, 32.32 W
2026/09/29 14:26:34.953, 1065 MiB, 15360 MiB, 30 %, 31.83 W
2026/09/29 14:26:35.960, 1065 MiB, 15360 MiB, 30 %, 33.03 W
2026/09/29 14:26:36.972, 1065 MiB, 15360 MiB, 22 %, 30.47 W
2026/09/29 14:26:37.985, 1065 MiB, 15360 MiB, 20 %, 30.38 W
2026/09/29 14:26:38.996, 1065 MiB, 15360 MiB, 29 %, 34.59 W
2026/09/29 14:26:40.001, 1065 MiB, 15360 MiB, 28 %, 32.34 W
2026/09/29 14:26:41.006, 1065 MiB, 15360 MiB, 28 %, 31.16 W
2026/09/29 14:26:42.011, 1065 MiB, 15360 MiB, 28 %, 31.08 W
2026/09/29 14:26:43.016, 1065 MiB, 15360 MiB, 28 %, 32.32 W
2026/09/29 14:26:44.024, 1065 MiB, 15360 MiB, 29 %, 31.55 W
2026/09/29 14:26:45.030, 1065 MiB, 15360 MiB, 28 %, 33.23 W
2026/09/29 14:26:46.035, 1065 MiB, 15360 MiB, 28 %, 32.52 W
2026/09/29 14:26:47.040, 1065 MiB, 15360 MiB, 28 %, 30.38 W
2026/09/29 14:26:48.045, 1065 MiB, 15360 MiB, 29 %, 30.66 W
2026/09/29 14:26:49.054, 1065 MiB, 15360 MiB, 19 %, 30.27 W
2026/09/29 14:26:50.071, 1065 MiB, 15360 MiB, 28 %, 30.27 W
2026/09/29 14:26:51.084, 1065 MiB, 15360 MiB, 19 %, 29.77 W
2026/09/29 14:26:52.092, 1065 MiB, 15360 MiB, 29 %, 30.28 W
2026/09/29 14:26:53.097, 1065 MiB, 15360 MiB, 29 %, 30.35 W
2026/09/29 14:26:54.102, 1065 MiB, 15360 MiB, 29 %, 35.09 W
2026/09/29 14:26:55.107, 1065 MiB, 15360 MiB, 30 %, 30.56 W
2026/09/29 14:26:56.112, 1065 MiB, 15360 MiB, 30 %, 31.06 W
2026/09/29 14:26:57.118, 1065 MiB, 15360 MiB, 30 %, 30.58 W
2026/09/29 14:26:58.123, 1065 MiB, 15360 MiB, 29 %, 32.84 W
2026/09/29 14:26:59.128, 1065 MiB, 15360 MiB, 29 %, 33.01 W
2026/09/29 14:27:00.133, 1065 MiB, 15360 MiB, 31 %, 31.85 W
2026/09/29 14:27:01.138, 1065 MiB, 15360 MiB, 30 %, 32.44 W
2026/09/29 14:27:02.144, 1065 MiB, 15360 MiB, 22 %, 30.17 W
2026/09/29 14:27:03.157, 1065 MiB, 15360 MiB, 21 %, 32.14 W
2026/09/29 14:27:04.169, 1065 MiB, 15360 MiB, 30 %, 30.37 W
2026/09/29 14:27:05.174, 1065 MiB, 15360 MiB, 30 %, 34.00 W
2026/09/29 14:27:06.179, 1065 MiB, 15360 MiB, 30 %, 33.78 W
2026/09/29 14:27:07.184, 1065 MiB, 15360 MiB, 29 %, 30.66 W
2026/09/29 14:27:08.189, 1065 MiB, 15360 MiB, 29 %, 31.06 W
2026/09/29 14:27:09.194, 1065 MiB, 15360 MiB, 29 %, 32.62 W
2026/09/29 14:27:10.199, 1065 MiB, 15360 MiB, 29 %, 33.59 W
2026/09/29 14:27:11.204, 1065 MiB, 15360 MiB, 30 %, 32.05 W
2026/09/29 14:27:12.209, 1065 MiB, 15360 MiB, 34 %, 33.13 W
2026/09/29 14:27:13.214, 1065 MiB, 15360 MiB, 31 %, 30.56 W
2026/09/29 14:27:14.220, 1065 MiB, 15360 MiB, 19 %, 31.55 W
2026/09/29 14:27:15.234, 1065 MiB, 15360 MiB, 22 %, 30.19 W
2026/09/29 14:27:16.244, 1065 MiB, 15360 MiB, 19 %, 30.09 W
2026/09/29 14:27:17.254, 1065 MiB, 15360 MiB, 28 %, 31.16 W
2026/09/29 14:27:18.258, 1065 MiB, 15360 MiB, 29 %, 30.56 W
2026/09/29 14:27:19.263, 1065 MiB, 15360 MiB, 30 %, 31.16 W
2026/09/29 14:27:20.268, 1065 MiB, 15360 MiB, 30 %, 30.66 W
2026/09/29 14:27:21.273, 1065 MiB, 15360 MiB, 30 %, 31.06 W
2026/09/29 14:27:22.281, 1065 MiB, 15360 MiB, 30 %, 32.72 W
2026/09/29 14:27:23.289, 1065 MiB, 15360 MiB, 30 %, 32.72 W
2026/09/29 14:27:24.294, 1065 MiB, 15360 MiB, 29 %, 33.80 W
2026/09/29 14:27:25.299, 1065 MiB, 15360 MiB, 29 %, 33.41 W
2026/09/29 14:27:26.304, 1065 MiB, 15360 MiB, 30 %, 30.56 W
2026/09/29 14:27:27.309, 1065 MiB, 15360 MiB, 24 %, 30.27 W
2026/09/29 14:27:28.320, 1065 MiB, 15360 MiB, 21 %, 30.27 W
2026/09/29 14:27:29.330, 1065 MiB, 15360 MiB, 35 %, 30.86 W
2026/09/29 14:27:30.336, 1065 MiB, 15360 MiB, 29 %, 30.27 W
2026/09/29 14:27:31.341, 1065 MiB, 15360 MiB, 30 %, 30.56 W
2026/09/29 14:27:32.346, 1065 MiB, 15360 MiB, 29 %, 30.66 W
2026/09/29 14:27:33.350, 1065 MiB, 15360 MiB, 30 %, 30.86 W
2026/09/29 14:27:34.355, 1065 MiB, 15360 MiB, 29 %, 30.47 W
2026/09/29 14:27:35.361, 1065 MiB, 15360 MiB, 29 %, 34.89 W
2026/09/29 14:27:36.366, 1065 MiB, 15360 MiB, 30 %, 32.92 W
2026/09/29 14:27:37.371, 1065 MiB, 15360 MiB, 25 %, 30.48 W
2026/09/29 14:27:38.376, 1065 MiB, 15360 MiB, 30 %, 30.96 W
2026/09/29 14:27:39.381, 1065 MiB, 15360 MiB, 20 %, 31.16 W
2026/09/29 14:27:40.393, 1065 MiB, 15360 MiB, 24 %, 33.11 W
2026/09/29 14:27:41.403, 1065 MiB, 15360 MiB, 20 %, 29.79 W
2026/09/29 14:27:42.412, 1065 MiB, 15360 MiB, 32 %, 31.06 W
2026/09/29 14:27:43.418, 1065 MiB, 15360 MiB, 30 %, 32.93 W
2026/09/29 14:27:44.424, 1065 MiB, 15360 MiB, 30 %, 34.47 W
2026/09/29 14:27:45.429, 1065 MiB, 15360 MiB, 29 %, 30.47 W
2026/09/29 14:27:46.434, 1065 MiB, 15360 MiB, 27 %, 30.56 W
2026/09/29 14:27:47.441, 1065 MiB, 15360 MiB, 27 %, 33.11 W
2026/09/29 14:27:48.446, 1065 MiB, 15360 MiB, 28 %, 32.92 W
2026/09/29 14:27:49.451, 1065 MiB, 15360 MiB, 27 %, 31.83 W
2026/09/29 14:27:50.456, 1065 MiB, 15360 MiB, 27 %, 32.64 W
2026/09/29 14:27:51.463, 1065 MiB, 15360 MiB, 28 %, 32.32 W
2026/09/29 14:27:52.468, 1065 MiB, 15360 MiB, 23 %, 30.27 W
2026/09/29 14:27:53.479, 1065 MiB, 15360 MiB, 21 %, 30.07 W
2026/09/29 14:27:54.489, 1065 MiB, 15360 MiB, 30 %, 31.95 W
2026/09/29 14:27:55.495, 1065 MiB, 15360 MiB, 30 %, 31.75 W
2026/09/29 14:27:56.500, 1065 MiB, 15360 MiB, 30 %, 31.55 W
2026/09/29 14:27:57.505, 1065 MiB, 15360 MiB, 30 %, 31.26 W
2026/09/29 14:27:58.510, 1065 MiB, 15360 MiB, 30 %, 31.17 W
2026/09/29 14:27:59.515, 1065 MiB, 15360 MiB, 30 %, 30.56 W
2026/09/29 14:28:00.520, 1065 MiB, 15360 MiB, 30 %, 30.86 W
2026/09/29 14:28:01.525, 1065 MiB, 15360 MiB, 29 %, 30.37 W
2026/09/29 14:28:02.530, 1065 MiB, 15360 MiB, 27 %, 34.22 W
2026/09/29 14:28:03.535, 1065 MiB, 15360 MiB, 29 %, 30.27 W
2026/09/29 14:28:04.543, 1065 MiB, 15360 MiB, 22 %, 30.27 W
2026/09/29 14:28:05.559, 1065 MiB, 15360 MiB, 24 %, 29.87 W
2026/09/29 14:28:06.568, 1065 MiB, 15360 MiB, 20 %, 30.66 W
2026/09/29 14:28:07.573, 1065 MiB, 15360 MiB, 30 %, 35.28 W
2026/09/29 14:28:08.578, 1065 MiB, 15360 MiB, 30 %, 31.16 W
2026/09/29 14:28:09.583, 1065 MiB, 15360 MiB, 30 %, 30.58 W
2026/09/29 14:28:10.588, 1065 MiB, 15360 MiB, 29 %, 30.56 W
2026/09/29 14:28:11.593, 1065 MiB, 15360 MiB, 30 %, 30.37 W
2026/09/29 14:28:12.598, 1065 MiB, 15360 MiB, 30 %, 30.47 W
2026/09/29 14:28:13.603, 1065 MiB, 15360 MiB, 30 %, 30.47 W
2026/09/29 14:28:14.608, 1065 MiB, 15360 MiB, 30 %, 30.66 W
2026/09/29 14:28:15.613, 1065 MiB, 15360 MiB, 28 %, 30.47 W
2026/09/29 14:28:16.619, 1065 MiB, 15360 MiB, 28 %, 30.76 W
2026/09/29 14:28:17.629, 1065 MiB, 15360 MiB, 22 %, 31.35 W
2026/09/29 14:28:18.640, 1065 MiB, 15360 MiB, 20 %, 30.58 W
2026/09/29 14:28:19.649, 1065 MiB, 15360 MiB, 30 %, 31.95 W
2026/09/29 14:28:20.655, 1065 MiB, 15360 MiB, 30 %, 31.65 W
2026/09/29 14:28:21.660, 1065 MiB, 15360 MiB, 30 %, 30.76 W
2026/09/29 14:28:22.664, 1065 MiB, 15360 MiB, 30 %, 29.89 W
2026/09/29 14:28:23.671, 1065 MiB, 15360 MiB, 30 %, 30.37 W
2026/09/29 14:28:24.679, 1065 MiB, 15360 MiB, 31 %, 30.47 W
2026/09/29 14:28:25.691, 1065 MiB, 15360 MiB, 30 %, 33.59 W
2026/09/29 14:28:26.698, 1065 MiB, 15360 MiB, 30 %, 32.05 W
2026/09/29 14:28:27.703, 1065 MiB, 15360 MiB, 30 %, 31.16 W
2026/09/29 14:28:28.708, 1065 MiB, 15360 MiB, 30 %, 30.96 W
2026/09/29 14:28:29.713, 1065 MiB, 15360 MiB, 23 %, 31.16 W
2026/09/29 14:28:30.724, 1065 MiB, 15360 MiB, 24 %, 30.07 W
2026/09/29 14:28:31.739, 1065 MiB, 15360 MiB, 25 %, 30.96 W
2026/09/29 14:28:32.744, 1065 MiB, 15360 MiB, 31 %, 31.17 W
2026/09/29 14:28:33.749, 1065 MiB, 15360 MiB, 31 %, 30.88 W
2026/09/29 14:28:34.754, 1065 MiB, 15360 MiB, 31 %, 30.76 W
2026/09/29 14:28:35.761, 1065 MiB, 15360 MiB, 32 %, 30.86 W
2026/09/29 14:28:36.766, 1065 MiB, 15360 MiB, 30 %, 31.95 W
2026/09/29 14:28:37.771, 1065 MiB, 15360 MiB, 30 %, 30.86 W
2026/09/29 14:28:38.775, 1065 MiB, 15360 MiB, 29 %, 34.89 W
2026/09/29 14:28:39.780, 1065 MiB, 15360 MiB, 30 %, 31.45 W
2026/09/29 14:28:40.787, 1065 MiB, 15360 MiB, 30 %, 30.56 W
2026/09/29 14:28:41.794, 1065 MiB, 15360 MiB, 22 %, 33.51 W
2026/09/29 14:28:42.808, 1065 MiB, 15360 MiB, 24 %, 29.97 W
2026/09/29 14:28:43.816, 1065 MiB, 15360 MiB, 22 %, 29.87 W
2026/09/29 14:28:44.824, 1065 MiB, 15360 MiB, 30 %, 30.78 W
2026/09/29 14:28:45.830, 1065 MiB, 15360 MiB, 30 %, 32.22 W
2026/09/29 14:28:46.835, 1065 MiB, 15360 MiB, 30 %, 30.76 W
2026/09/29 14:28:47.840, 1065 MiB, 15360 MiB, 30 %, 33.31 W
2026/09/29 14:28:48.845, 1065 MiB, 15360 MiB, 29 %, 32.72 W
2026/09/29 14:28:49.850, 1065 MiB, 15360 MiB, 27 %, 32.22 W
2026/09/29 14:28:50.855, 1065 MiB, 15360 MiB, 29 %, 30.86 W
2026/09/29 14:28:51.860, 1065 MiB, 15360 MiB, 28 %, 30.37 W
2026/09/29 14:28:52.865, 1065 MiB, 15360 MiB, 29 %, 31.75 W
2026/09/29 14:28:53.870, 1065 MiB, 15360 MiB, 29 %, 30.37 W
2026/09/29 14:28:54.878, 1065 MiB, 15360 MiB, 23 %, 30.37 W
2026/09/29 14:28:55.888, 1065 MiB, 15360 MiB, 21 %, 34.38 W
2026/09/29 14:28:56.898, 1065 MiB, 15360 MiB, 23 %, 30.56 W
2026/09/29 14:28:57.909, 1065 MiB, 15360 MiB, 30 %, 33.21 W
2026/09/29 14:28:58.913, 1065 MiB, 15360 MiB, 30 %, 33.31 W
2026/09/29 14:28:59.918, 1065 MiB, 15360 MiB, 30 %, 32.03 W
2026/09/29 14:29:00.924, 1065 MiB, 15360 MiB, 33 %, 34.30 W
2026/09/29 14:29:01.929, 1065 MiB, 15360 MiB, 33 %, 32.54 W
2026/09/29 14:29:02.934, 1065 MiB, 15360 MiB, 38 %, 30.96 W
2026/09/29 14:29:03.939, 1065 MiB, 15360 MiB, 33 %, 32.90 W
2026/09/29 14:29:04.944, 1065 MiB, 15360 MiB, 32 %, 31.45 W
2026/09/29 14:29:05.950, 1065 MiB, 15360 MiB, 32 %, 30.96 W
2026/09/29 14:29:06.957, 1065 MiB, 15360 MiB, 26 %, 30.27 W
2026/09/29 14:29:07.971, 1065 MiB, 15360 MiB, 26 %, 32.74 W
2026/09/29 14:29:08.985, 1065 MiB, 15360 MiB, 23 %, 32.14 W
2026/09/29 14:29:09.994, 1065 MiB, 15360 MiB, 33 %, 31.06 W
2026/09/29 14:29:10.999, 1065 MiB, 15360 MiB, 33 %, 34.30 W
2026/09/29 14:29:12.004, 1065 MiB, 15360 MiB, 33 %, 31.26 W
2026/09/29 14:29:13.010, 1065 MiB, 15360 MiB, 33 %, 33.90 W
2026/09/29 14:29:14.016, 1065 MiB, 15360 MiB, 37 %, 32.92 W
2026/09/29 14:29:15.021, 1065 MiB, 15360 MiB, 32 %, 31.45 W
2026/09/29 14:29:16.026, 1065 MiB, 15360 MiB, 35 %, 33.80 W
2026/09/29 14:29:17.031, 1065 MiB, 15360 MiB, 32 %, 31.95 W
2026/09/29 14:29:18.036, 1065 MiB, 15360 MiB, 31 %, 30.86 W
2026/09/29 14:29:19.041, 1065 MiB, 15360 MiB, 30 %, 33.88 W
2026/09/29 14:29:20.047, 1065 MiB, 15360 MiB, 23 %, 30.66 W
2026/09/29 14:29:21.065, 1065 MiB, 15360 MiB, 24 %, 30.28 W
2026/09/29 14:29:22.076, 1065 MiB, 15360 MiB, 25 %, 31.06 W
2026/09/29 14:29:23.081, 1065 MiB, 15360 MiB, 28 %, 30.96 W
2026/09/29 14:29:24.086, 1065 MiB, 15360 MiB, 29 %, 31.16 W
2026/09/29 14:29:25.091, 1065 MiB, 15360 MiB, 30 %, 33.80 W
2026/09/29 14:29:26.096, 1065 MiB, 15360 MiB, 30 %, 31.26 W
2026/09/29 14:29:27.101, 1065 MiB, 15360 MiB, 30 %, 30.86 W
2026/09/29 14:29:28.107, 1065 MiB, 15360 MiB, 29 %, 30.96 W
2026/09/29 14:29:29.114, 1065 MiB, 15360 MiB, 33 %, 30.96 W
2026/09/29 14:29:30.120, 1065 MiB, 15360 MiB, 33 %, 31.06 W
2026/09/29 14:29:31.129, 1065 MiB, 15360 MiB, 33 %, 32.14 W
2026/09/29 14:29:32.136, 1065 MiB, 15360 MiB, 29 %, 30.76 W
2026/09/29 14:29:33.144, 1065 MiB, 15360 MiB, 26 %, 30.38 W
2026/09/29 14:29:34.159, 1065 MiB, 15360 MiB, 25 %, 30.47 W
2026/09/29 14:29:35.169, 1065 MiB, 15360 MiB, 32 %, 32.92 W
2026/09/29 14:29:36.174, 1065 MiB, 15360 MiB, 32 %, 31.73 W
2026/09/29 14:29:37.179, 1065 MiB, 15360 MiB, 32 %, 35.26 W
2026/09/29 14:29:38.184, 1065 MiB, 15360 MiB, 32 %, 31.75 W
2026/09/29 14:29:39.189, 1065 MiB, 15360 MiB, 36 %, 31.45 W
2026/09/29 14:29:40.194, 1065 MiB, 15360 MiB, 32 %, 30.96 W
2026/09/29 14:29:41.199, 1065 MiB, 15360 MiB, 32 %, 34.30 W
2026/09/29 14:29:42.204, 1065 MiB, 15360 MiB, 32 %, 34.59 W
2026/09/29 14:29:43.209, 1065 MiB, 15360 MiB, 32 %, 31.65 W
2026/09/29 14:29:44.215, 1065 MiB, 15360 MiB, 32 %, 30.96 W
2026/09/29 14:29:45.221, 1065 MiB, 15360 MiB, 25 %, 30.27 W
2026/09/29 14:29:46.231, 1065 MiB, 15360 MiB, 25 %, 30.27 W
2026/09/29 14:29:47.245, 1065 MiB, 15360 MiB, 19 %, 30.76 W
2026/09/29 14:29:48.251, 1065 MiB, 15360 MiB, 32 %, 31.16 W
2026/09/29 14:29:49.256, 1065 MiB, 15360 MiB, 33 %, 30.96 W
2026/09/29 14:29:50.262, 1065 MiB, 15360 MiB, 32 %, 32.03 W
2026/09/29 14:29:51.268, 1065 MiB, 15360 MiB, 31 %, 31.35 W
2026/09/29 14:29:52.272, 1065 MiB, 15360 MiB, 29 %, 31.45 W
2026/09/29 14:29:53.277, 1065 MiB, 15360 MiB, 30 %, 30.86 W
2026/09/29 14:29:54.283, 1065 MiB, 15360 MiB, 31 %, 33.21 W
2026/09/29 14:29:55.289, 1065 MiB, 15360 MiB, 30 %, 30.86 W
2026/09/29 14:29:56.294, 1065 MiB, 15360 MiB, 31 %, 36.07 W
2026/09/29 14:29:57.300, 1065 MiB, 15360 MiB, 36 %, 31.75 W
2026/09/29 14:29:58.309, 1065 MiB, 15360 MiB, 25 %, 30.76 W
2026/09/29 14:29:59.319, 1065 MiB, 15360 MiB, 23 %, 33.21 W
2026/09/29 14:30:00.326, 1065 MiB, 15360 MiB, 33 %, 33.41 W
2026/09/29 14:30:01.331, 1065 MiB, 15360 MiB, 32 %, 30.96 W
2026/09/29 14:30:02.336, 1065 MiB, 15360 MiB, 33 %, 32.44 W
2026/09/29 14:30:03.341, 1065 MiB, 15360 MiB, 33 %, 31.26 W
2026/09/29 14:30:04.345, 1065 MiB, 15360 MiB, 33 %, 30.86 W
2026/09/29 14:30:05.350, 1065 MiB, 15360 MiB, 34 %, 30.66 W
2026/09/29 14:30:06.355, 1065 MiB, 15360 MiB, 33 %, 32.05 W
2026/09/29 14:30:07.362, 1065 MiB, 15360 MiB, 33 %, 30.76 W
2026/09/29 14:30:08.366, 1065 MiB, 15360 MiB, 33 %, 32.92 W
2026/09/29 14:30:09.371, 1065 MiB, 15360 MiB, 32 %, 31.85 W
2026/09/29 14:30:10.377, 1065 MiB, 15360 MiB, 25 %, 30.86 W
2026/09/29 14:30:11.392, 1065 MiB, 15360 MiB, 23 %, 30.56 W
2026/09/29 14:30:12.400, 1065 MiB, 15360 MiB, 22 %, 30.09 W
2026/09/29 14:30:13.406, 1065 MiB, 15360 MiB, 33 %, 31.45 W
2026/09/29 14:30:14.411, 1065 MiB, 15360 MiB, 33 %, 31.06 W
2026/09/29 14:30:15.415, 1065 MiB, 15360 MiB, 32 %, 30.96 W
2026/09/29 14:30:16.421, 1065 MiB, 15360 MiB, 31 %, 30.86 W
2026/09/29 14:30:17.426, 1065 MiB, 15360 MiB, 32 %, 30.96 W
2026/09/29 14:30:18.433, 1065 MiB, 15360 MiB, 32 %, 31.16 W
2026/09/29 14:30:19.438, 1065 MiB, 15360 MiB, 33 %, 33.01 W
2026/09/29 14:30:20.443, 1065 MiB, 15360 MiB, 33 %, 31.26 W
2026/09/29 14:30:21.448, 1065 MiB, 15360 MiB, 32 %, 34.97 W
2026/09/29 14:30:22.453, 1065 MiB, 15360 MiB, 28 %, 32.62 W
2026/09/29 14:30:23.460, 1065 MiB, 15360 MiB, 25 %, 30.56 W
2026/09/29 14:30:24.474, 1065 MiB, 15360 MiB, 21 %, 30.47 W
2026/09/29 14:30:25.486, 1065 MiB, 15360 MiB, 31 %, 33.01 W
2026/09/29 14:30:26.491, 1065 MiB, 15360 MiB, 30 %, 31.85 W
2026/09/29 14:30:27.496, 1065 MiB, 15360 MiB, 31 %, 30.96 W
2026/09/29 14:30:28.501, 1065 MiB, 15360 MiB, 33 %, 33.71 W
2026/09/29 14:30:29.507, 1065 MiB, 15360 MiB, 33 %, 30.47 W
2026/09/29 14:30:30.519, 1065 MiB, 15360 MiB, 34 %, 33.01 W
2026/09/29 14:30:31.534, 1065 MiB, 15360 MiB, 33 %, 31.55 W
2026/09/29 14:30:32.539, 1065 MiB, 15360 MiB, 37 %, 32.13 W
2026/09/29 14:30:33.544, 1065 MiB, 15360 MiB, 29 %, 30.76 W
2026/09/29 14:30:34.549, 1065 MiB, 15360 MiB, 32 %, 31.06 W
2026/09/29 14:30:35.555, 1065 MiB, 15360 MiB, 25 %, 30.38 W
2026/09/29 14:30:36.568, 1065 MiB, 15360 MiB, 24 %, 30.17 W
2026/09/29 14:30:37.576, 1065 MiB, 15360 MiB, 21 %, 30.86 W
2026/09/29 14:30:38.581, 1065 MiB, 15360 MiB, 32 %, 34.30 W
2026/09/29 14:30:39.586, 1065 MiB, 15360 MiB, 37 %, 33.13 W
2026/09/29 14:30:40.592, 1065 MiB, 15360 MiB, 33 %, 31.24 W
2026/09/29 14:30:41.597, 1065 MiB, 15360 MiB, 33 %, 31.26 W
2026/09/29 14:30:42.602, 1065 MiB, 15360 MiB, 36 %, 34.77 W
2026/09/29 14:30:43.607, 1065 MiB, 15360 MiB, 31 %, 30.84 W
2026/09/29 14:30:44.612, 1065 MiB, 15360 MiB, 33 %, 32.82 W
2026/09/29 14:30:45.617, 1065 MiB, 15360 MiB, 32 %, 34.40 W
2026/09/29 14:30:46.622, 1065 MiB, 15360 MiB, 33 %, 31.93 W
2026/09/29 14:30:47.628, 1065 MiB, 15360 MiB, 30 %, 29.99 W
2026/09/29 14:30:48.642, 1065 MiB, 15360 MiB, 25 %, 31.06 W
2026/09/29 14:30:49.652, 1065 MiB, 15360 MiB, 24 %, 30.66 W
2026/09/29 14:30:50.659, 1065 MiB, 15360 MiB, 31 %, 33.63 W
2026/09/29 14:30:51.664, 1065 MiB, 15360 MiB, 30 %, 31.63 W
2026/09/29 14:30:52.669, 1065 MiB, 15360 MiB, 28 %, 32.05 W
2026/09/29 14:30:53.674, 1065 MiB, 15360 MiB, 40 %, 33.01 W
2026/09/29 14:30:54.679, 1065 MiB, 15360 MiB, 28 %, 30.47 W
2026/09/29 14:30:55.684, 1065 MiB, 15360 MiB, 27 %, 30.96 W
2026/09/29 14:30:56.689, 1065 MiB, 15360 MiB, 26 %, 32.54 W
2026/09/29 14:30:57.694, 1065 MiB, 15360 MiB, 30 %, 32.82 W
2026/09/29 14:30:58.699, 1065 MiB, 15360 MiB, 30 %, 34.00 W
2026/09/29 14:30:59.704, 1065 MiB, 15360 MiB, 31 %, 30.74 W
2026/09/29 14:31:00.710, 1065 MiB, 15360 MiB, 24 %, 36.05 W
2026/09/29 14:31:01.719, 1065 MiB, 15360 MiB, 23 %, 31.26 W
2026/09/29 14:31:02.729, 1065 MiB, 15360 MiB, 18 %, 33.01 W
2026/09/29 14:31:03.734, 1065 MiB, 15360 MiB, 28 %, 30.76 W
2026/09/29 14:31:04.740, 1065 MiB, 15360 MiB, 40 %, 32.24 W
2026/09/29 14:31:05.745, 1065 MiB, 15360 MiB, 29 %, 35.66 W
2026/09/29 14:31:06.751, 1065 MiB, 15360 MiB, 30 %, 34.87 W
2026/09/29 14:31:07.757, 1065 MiB, 15360 MiB, 28 %, 30.86 W
2026/09/29 14:31:08.763, 1065 MiB, 15360 MiB, 31 %, 30.76 W
2026/09/29 14:31:09.768, 1065 MiB, 15360 MiB, 30 %, 31.65 W
2026/09/29 14:31:10.773, 1065 MiB, 15360 MiB, 30 %, 30.94 W
2026/09/29 14:31:11.779, 1065 MiB, 15360 MiB, 30 %, 31.75 W
2026/09/29 14:31:12.786, 1065 MiB, 15360 MiB, 19 %, 30.56 W
2026/09/29 14:31:13.794, 1065 MiB, 15360 MiB, 24 %, 30.66 W
2026/09/29 14:31:14.805, 1065 MiB, 15360 MiB, 23 %, 30.76 W
2026/09/29 14:31:15.818, 1065 MiB, 15360 MiB, 29 %, 34.10 W
2026/09/29 14:31:16.823, 1065 MiB, 15360 MiB, 30 %, 30.47 W
2026/09/29 14:31:17.830, 1065 MiB, 15360 MiB, 29 %, 30.66 W
2026/09/29 14:31:18.838, 1065 MiB, 15360 MiB, 43 %, 31.16 W
2026/09/29 14:31:19.845, 1065 MiB, 15360 MiB, 28 %, 31.45 W
2026/09/29 14:31:20.851, 1065 MiB, 15360 MiB, 43 %, 31.06 W
2026/09/29 14:31:21.857, 1065 MiB, 15360 MiB, 27 %, 30.88 W
2026/09/29 14:31:22.862, 1065 MiB, 15360 MiB, 44 %, 30.56 W
2026/09/29 14:31:23.867, 1065 MiB, 15360 MiB, 27 %, 33.31 W
2026/09/29 14:31:24.873, 1065 MiB, 15360 MiB, 31 %, 31.06 W
2026/09/29 14:31:25.880, 1065 MiB, 15360 MiB, 22 %, 30.56 W
2026/09/29 14:31:26.889, 1065 MiB, 15360 MiB, 20 %, 30.47 W
2026/09/29 14:31:27.899, 1065 MiB, 15360 MiB, 27 %, 34.67 W
2026/09/29 14:31:28.903, 1065 MiB, 15360 MiB, 26 %, 30.66 W
2026/09/29 14:31:29.910, 1065 MiB, 15360 MiB, 29 %, 31.26 W
2026/09/29 14:31:30.914, 1065 MiB, 15360 MiB, 28 %, 30.96 W
2026/09/29 14:31:31.921, 1065 MiB, 15360 MiB, 30 %, 31.26 W
2026/09/29 14:31:32.926, 1065 MiB, 15360 MiB, 31 %, 30.47 W
2026/09/29 14:31:33.932, 1065 MiB, 15360 MiB, 30 %, 30.96 W
2026/09/29 14:31:34.939, 1065 MiB, 15360 MiB, 44 %, 32.14 W
2026/09/29 14:31:35.949, 1065 MiB, 15360 MiB, 28 %, 36.79 W
2026/09/29 14:31:36.955, 1065 MiB, 15360 MiB, 30 %, 34.57 W
2026/09/29 14:31:37.961, 1065 MiB, 15360 MiB, 20 %, 30.17 W
2026/09/29 14:31:38.975, 1065 MiB, 15360 MiB, 24 %, 30.76 W
2026/09/29 14:31:39.991, 1065 MiB, 15360 MiB, 23 %, 30.17 W
2026/09/29 14:31:41.007, 1065 MiB, 15360 MiB, 39 %, 31.06 W
2026/09/29 14:31:42.011, 1065 MiB, 15360 MiB, 29 %, 31.55 W
2026/09/29 14:31:43.016, 1065 MiB, 15360 MiB, 40 %, 34.47 W
2026/09/29 14:31:44.021, 1065 MiB, 15360 MiB, 30 %, 34.20 W
2026/09/29 14:31:45.026, 1065 MiB, 15360 MiB, 31 %, 33.31 W
2026/09/29 14:31:46.031, 1065 MiB, 15360 MiB, 30 %, 31.16 W
2026/09/29 14:31:47.036, 1065 MiB, 15360 MiB, 27 %, 31.55 W
2026/09/29 14:31:48.041, 1065 MiB, 15360 MiB, 31 %, 31.55 W
2026/09/29 14:31:49.046, 1065 MiB, 15360 MiB, 31 %, 30.74 W
2026/09/29 14:31:50.053, 1065 MiB, 15360 MiB, 31 %, 30.76 W
2026/09/29 14:31:51.059, 1065 MiB, 15360 MiB, 24 %, 30.56 W
2026/09/29 14:31:52.070, 1065 MiB, 15360 MiB, 19 %, 31.06 W
2026/09/29 14:31:53.080, 1065 MiB, 15360 MiB, 18 %, 32.82 W
2026/09/29 14:31:54.089, 1065 MiB, 15360 MiB, 30 %, 30.37 W
2026/09/29 14:31:55.096, 1065 MiB, 15360 MiB, 44 %, 31.65 W
2026/09/29 14:31:56.107, 1065 MiB, 15360 MiB, 27 %, 30.76 W
2026/09/29 14:31:57.112, 1065 MiB, 15360 MiB, 29 %, 30.96 W
2026/09/29 14:31:58.117, 1065 MiB, 15360 MiB, 29 %, 30.96 W
2026/09/29 14:31:59.122, 1065 MiB, 15360 MiB, 26 %, 31.95 W
2026/09/29 14:32:00.128, 1065 MiB, 15360 MiB, 38 %, 35.56 W
2026/09/29 14:32:01.134, 1065 MiB, 15360 MiB, 27 %, 32.54 W
2026/09/29 14:32:02.139, 1065 MiB, 15360 MiB, 28 %, 32.93 W
2026/09/29 14:32:03.145, 1065 MiB, 15360 MiB, 18 %, 29.87 W
2026/09/29 14:32:04.159, 1065 MiB, 15360 MiB, 22 %, 32.05 W
2026/09/29 14:32:05.175, 1065 MiB, 15360 MiB, 22 %, 30.76 W
2026/09/29 14:32:06.186, 1065 MiB, 15360 MiB, 43 %, 32.44 W
2026/09/29 14:32:07.191, 1065 MiB, 15360 MiB, 27 %, 32.92 W
2026/09/29 14:32:08.196, 1065 MiB, 15360 MiB, 29 %, 30.56 W
2026/09/29 14:32:09.201, 1065 MiB, 15360 MiB, 28 %, 30.66 W
2026/09/29 14:32:10.207, 1065 MiB, 15360 MiB, 28 %, 31.16 W
2026/09/29 14:32:11.213, 1065 MiB, 15360 MiB, 30 %, 31.45 W
2026/09/29 14:32:12.218, 1065 MiB, 15360 MiB, 27 %, 32.32 W
2026/09/29 14:32:13.223, 1065 MiB, 15360 MiB, 27 %, 32.05 W
2026/09/29 14:32:14.228, 1065 MiB, 15360 MiB, 29 %, 32.05 W
2026/09/29 14:32:15.233, 1065 MiB, 15360 MiB, 30 %, 31.26 W
2026/09/29 14:32:16.239, 1065 MiB, 15360 MiB, 28 %, 30.37 W
2026/09/29 14:32:17.253, 1065 MiB, 15360 MiB, 22 %, 30.66 W
2026/09/29 14:32:18.260, 1065 MiB, 15360 MiB, 21 %, 31.16 W
2026/09/29 14:32:19.266, 1065 MiB, 15360 MiB, 28 %, 31.43 W
2026/09/29 14:32:20.271, 1065 MiB, 15360 MiB, 28 %, 30.66 W
2026/09/29 14:32:21.278, 1065 MiB, 15360 MiB, 31 %, 31.06 W
2026/09/29 14:32:22.283, 1065 MiB, 15360 MiB, 27 %, 30.66 W
2026/09/29 14:32:23.288, 1065 MiB, 15360 MiB, 28 %, 31.75 W
2026/09/29 14:32:24.295, 1065 MiB, 15360 MiB, 29 %, 34.00 W
2026/09/29 14:32:25.300, 1065 MiB, 15360 MiB, 46 %, 31.63 W
2026/09/29 14:32:26.305, 1065 MiB, 15360 MiB, 29 %, 32.64 W
2026/09/29 14:32:27.310, 1065 MiB, 15360 MiB, 29 %, 32.92 W
2026/09/29 14:32:28.316, 1065 MiB, 15360 MiB, 25 %, 30.47 W
2026/09/29 14:32:29.326, 1065 MiB, 15360 MiB, 25 %, 33.01 W
2026/09/29 14:32:30.343, 1065 MiB, 15360 MiB, 30 %, 33.21 W
2026/09/29 14:32:31.355, 1065 MiB, 15360 MiB, 32 %, 30.96 W
2026/09/29 14:32:32.362, 1065 MiB, 15360 MiB, 31 %, 34.89 W
2026/09/29 14:32:33.369, 1065 MiB, 15360 MiB, 35 %, 35.66 W
2026/09/29 14:32:34.375, 1065 MiB, 15360 MiB, 34 %, 32.32 W
2026/09/29 14:32:35.380, 1065 MiB, 15360 MiB, 30 %, 33.80 W
2026/09/29 14:32:36.386, 1065 MiB, 15360 MiB, 30 %, 31.06 W
2026/09/29 14:32:37.399, 1065 MiB, 15360 MiB, 30 %, 35.83 W
2026/09/29 14:32:38.404, 1065 MiB, 15360 MiB, 30 %, 35.36 W
2026/09/29 14:32:39.409, 1065 MiB, 15360 MiB, 34 %, 31.55 W
2026/09/29 14:32:40.414, 1065 MiB, 15360 MiB, 43 %, 35.17 W
2026/09/29 14:32:41.420, 1065 MiB, 15360 MiB, 36 %, 30.96 W
2026/09/29 14:32:42.436, 1065 MiB, 15360 MiB, 25 %, 31.16 W
2026/09/29 14:32:43.447, 1065 MiB, 15360 MiB, 34 %, 33.53 W
2026/09/29 14:32:44.452, 1065 MiB, 15360 MiB, 34 %, 34.57 W
2026/09/29 14:32:45.457, 1065 MiB, 15360 MiB, 34 %, 31.45 W
2026/09/29 14:32:46.463, 1065 MiB, 15360 MiB, 34 %, 34.00 W
2026/09/29 14:32:47.468, 1065 MiB, 15360 MiB, 46 %, 35.38 W
2026/09/29 14:32:48.473, 1065 MiB, 15360 MiB, 29 %, 33.21 W
2026/09/29 14:32:49.478, 1065 MiB, 15360 MiB, 29 %, 32.82 W
2026/09/29 14:32:50.482, 1065 MiB, 15360 MiB, 32 %, 34.49 W
2026/09/29 14:32:51.488, 1065 MiB, 15360 MiB, 34 %, 31.26 W
2026/09/29 14:32:52.493, 1065 MiB, 15360 MiB, 34 %, 31.45 W
2026/09/29 14:32:53.500, 1065 MiB, 15360 MiB, 22 %, 31.04 W
2026/09/29 14:32:54.512, 1065 MiB, 15360 MiB, 27 %, 30.96 W
2026/09/29 14:32:55.521, 1065 MiB, 15360 MiB, 24 %, 30.47 W
2026/09/29 14:32:56.533, 1065 MiB, 15360 MiB, 34 %, 31.45 W
2026/09/29 14:32:57.538, 1065 MiB, 15360 MiB, 34 %, 32.52 W
2026/09/29 14:32:58.543, 1065 MiB, 15360 MiB, 35 %, 32.05 W
2026/09/29 14:32:59.548, 1065 MiB, 15360 MiB, 33 %, 33.31 W
2026/09/29 14:33:00.552, 1065 MiB, 15360 MiB, 32 %, 32.13 W
2026/09/29 14:33:01.558, 1065 MiB, 15360 MiB, 32 %, 31.65 W
2026/09/29 14:33:02.563, 1065 MiB, 15360 MiB, 32 %, 36.43 W
2026/09/29 14:33:03.571, 1065 MiB, 15360 MiB, 27 %, 35.26 W
2026/09/29 14:33:04.576, 1065 MiB, 15360 MiB, 26 %, 33.53 W
2026/09/29 14:33:05.581, 1065 MiB, 15360 MiB, 27 %, 34.20 W
2026/09/29 14:33:06.587, 1065 MiB, 15360 MiB, 26 %, 30.86 W
2026/09/29 14:33:07.604, 1065 MiB, 15360 MiB, 23 %, 30.76 W
2026/09/29 14:33:08.614, 1065 MiB, 15360 MiB, 32 %, 31.75 W
2026/09/29 14:33:09.621, 1065 MiB, 15360 MiB, 46 %, 32.42 W
2026/09/29 14:33:10.626, 1065 MiB, 15360 MiB, 30 %, 34.30 W
2026/09/29 14:33:11.631, 1065 MiB, 15360 MiB, 34 %, 31.45 W
2026/09/29 14:33:12.636, 1065 MiB, 15360 MiB, 36 %, 31.65 W
2026/09/29 14:33:13.641, 1065 MiB, 15360 MiB, 44 %, 32.13 W
2026/09/29 14:33:14.648, 1065 MiB, 15360 MiB, 30 %, 31.35 W
2026/09/29 14:33:15.653, 1065 MiB, 15360 MiB, 34 %, 31.73 W
2026/09/29 14:33:16.658, 1065 MiB, 15360 MiB, 30 %, 31.55 W
2026/09/29 14:33:17.664, 1065 MiB, 15360 MiB, 38 %, 33.41 W
2026/09/29 14:33:18.671, 1065 MiB, 15360 MiB, 20 %, 30.96 W
2026/09/29 14:33:19.681, 1065 MiB, 15360 MiB, 39 %, 31.06 W
2026/09/29 14:33:20.692, 1065 MiB, 15360 MiB, 25 %, 32.74 W
2026/09/29 14:33:21.702, 1065 MiB, 15360 MiB, 34 %, 42.61 W
2026/09/29 14:33:22.707, 1065 MiB, 15360 MiB, 30 %, 32.82 W
2026/09/29 14:33:23.712, 1065 MiB, 15360 MiB, 28 %, 32.54 W
2026/09/29 14:33:24.717, 1065 MiB, 15360 MiB, 46 %, 33.21 W
2026/09/29 14:33:25.722, 1065 MiB, 15360 MiB, 30 %, 33.69 W
2026/09/29 14:33:26.728, 1065 MiB, 15360 MiB, 31 %, 32.34 W
2026/09/29 14:33:27.733, 1065 MiB, 15360 MiB, 29 %, 31.55 W
2026/09/29 14:33:28.741, 1065 MiB, 15360 MiB, 29 %, 31.45 W
2026/09/29 14:33:29.747, 1065 MiB, 15360 MiB, 30 %, 32.13 W
2026/09/29 14:33:30.753, 1065 MiB, 15360 MiB, 28 %, 32.44 W
2026/09/29 14:33:31.759, 1065 MiB, 15360 MiB, 20 %, 40.19 W
2026/09/29 14:33:32.771, 1065 MiB, 15360 MiB, 23 %, 30.27 W
2026/09/29 14:33:33.784, 1065 MiB, 15360 MiB, 28 %, 32.62 W
2026/09/29 14:33:34.790, 1065 MiB, 15360 MiB, 46 %, 31.85 W
2026/09/29 14:33:35.796, 1065 MiB, 15360 MiB, 31 %, 35.36 W
2026/09/29 14:33:36.801, 1065 MiB, 15360 MiB, 33 %, 31.43 W
2026/09/29 14:33:37.806, 1065 MiB, 15360 MiB, 30 %, 32.52 W
2026/09/29 14:33:38.811, 1065 MiB, 15360 MiB, 28 %, 33.41 W
2026/09/29 14:33:39.816, 1065 MiB, 15360 MiB, 31 %, 30.56 W
2026/09/29 14:33:40.821, 1065 MiB, 15360 MiB, 29 %, 31.26 W
2026/09/29 14:33:41.826, 1065 MiB, 15360 MiB, 30 %, 32.72 W
2026/09/29 14:33:42.841, 1065 MiB, 15360 MiB, 30 %, 32.64 W
2026/09/29 14:33:43.848, 1065 MiB, 15360 MiB, 22 %, 30.56 W
2026/09/29 14:33:44.863, 1065 MiB, 15360 MiB, 23 %, 30.66 W
2026/09/29 14:33:45.878, 1065 MiB, 15360 MiB, 19 %, 31.45 W
2026/09/29 14:33:46.892, 1065 MiB, 15360 MiB, 29 %, 30.56 W
2026/09/29 14:33:47.898, 1065 MiB, 15360 MiB, 30 %, 30.37 W
2026/09/29 14:33:48.905, 1065 MiB, 15360 MiB, 30 %, 30.86 W
2026/09/29 14:33:49.910, 1065 MiB, 15360 MiB, 30 %, 30.66 W
2026/09/29 14:33:50.919, 1065 MiB, 15360 MiB, 30 %, 31.95 W
2026/09/29 14:33:51.928, 1065 MiB, 15360 MiB, 29 %, 32.32 W
2026/09/29 14:33:52.937, 1065 MiB, 15360 MiB, 30 %, 32.14 W
2026/09/29 14:33:53.946, 1065 MiB, 15360 MiB, 28 %, 30.76 W
2026/09/29 14:33:54.952, 1065 MiB, 15360 MiB, 30 %, 31.55 W
2026/09/29 14:33:55.960, 1065 MiB, 15360 MiB, 30 %, 31.35 W
2026/09/29 14:33:56.971, 1065 MiB, 15360 MiB, 23 %, 30.27 W
2026/09/29 14:33:57.983, 1065 MiB, 15360 MiB, 21 %, 30.47 W
2026/09/29 14:33:58.994, 1065 MiB, 15360 MiB, 29 %, 30.56 W
2026/09/29 14:33:59.999, 1065 MiB, 15360 MiB, 35 %, 30.86 W
2026/09/29 14:34:01.011, 1065 MiB, 15360 MiB, 31 %, 32.34 W
2026/09/29 14:34:02.019, 1065 MiB, 15360 MiB, 33 %, 33.13 W
2026/09/29 14:34:03.029, 1065 MiB, 15360 MiB, 28 %, 34.79 W
2026/09/29 14:34:04.035, 1065 MiB, 15360 MiB, 25 %, 30.47 W
2026/09/29 14:34:05.040, 1065 MiB, 15360 MiB, 28 %, 30.47 W
2026/09/29 14:34:06.045, 1065 MiB, 15360 MiB, 27 %, 30.96 W
2026/09/29 14:34:07.050, 1065 MiB, 15360 MiB, 27 %, 31.53 W
2026/09/29 14:34:08.056, 1065 MiB, 15360 MiB, 28 %, 31.45 W
2026/09/29 14:34:09.062, 1065 MiB, 15360 MiB, 21 %, 33.90 W
2026/09/29 14:34:10.074, 1065 MiB, 15360 MiB, 25 %, 31.95 W
2026/09/29 14:34:11.087, 1065 MiB, 15360 MiB, 20 %, 29.89 W
2026/09/29 14:34:12.095, 1065 MiB, 15360 MiB, 29 %, 32.24 W
2026/09/29 14:34:13.113, 1065 MiB, 15360 MiB, 30 %, 31.83 W
2026/09/29 14:34:14.117, 1065 MiB, 15360 MiB, 30 %, 32.74 W
2026/09/29 14:34:15.122, 1065 MiB, 15360 MiB, 30 %, 31.26 W
2026/09/29 14:34:16.127, 1065 MiB, 15360 MiB, 29 %, 34.69 W
2026/09/29 14:34:17.133, 1065 MiB, 15360 MiB, 29 %, 30.76 W
2026/09/29 14:34:18.138, 1065 MiB, 15360 MiB, 30 %, 30.27 W
2026/09/29 14:34:19.143, 1065 MiB, 15360 MiB, 29 %, 30.48 W
2026/09/29 14:34:20.148, 1065 MiB, 15360 MiB, 29 %, 31.16 W
2026/09/29 14:34:21.153, 1065 MiB, 15360 MiB, 29 %, 30.68 W
2026/09/29 14:34:22.159, 1065 MiB, 15360 MiB, 23 %, 30.48 W
2026/09/29 14:34:23.175, 1065 MiB, 15360 MiB, 20 %, 31.45 W
2026/09/29 14:34:24.186, 1065 MiB, 15360 MiB, 27 %, 30.86 W
2026/09/29 14:34:25.191, 1065 MiB, 15360 MiB, 30 %, 30.96 W
2026/09/29 14:34:26.196, 1065 MiB, 15360 MiB, 29 %, 30.96 W
2026/09/29 14:34:27.203, 1065 MiB, 15360 MiB, 35 %, 33.71 W
2026/09/29 14:34:28.208, 1065 MiB, 15360 MiB, 30 %, 30.96 W
2026/09/29 14:34:29.213, 1065 MiB, 15360 MiB, 29 %, 31.45 W
2026/09/29 14:34:30.218, 1065 MiB, 15360 MiB, 30 %, 30.76 W
2026/09/29 14:34:31.223, 1065 MiB, 15360 MiB, 28 %, 30.76 W
2026/09/29 14:34:32.228, 1065 MiB, 15360 MiB, 30 %, 30.86 W
2026/09/29 14:34:33.234, 1065 MiB, 15360 MiB, 30 %, 36.07 W
2026/09/29 14:34:34.240, 1065 MiB, 15360 MiB, 22 %, 31.45 W
2026/09/29 14:34:35.250, 1065 MiB, 15360 MiB, 24 %, 31.55 W
2026/09/29 14:34:36.260, 1065 MiB, 15360 MiB, 17 %, 30.19 W
2026/09/29 14:34:37.268, 1065 MiB, 15360 MiB, 28 %, 30.56 W
2026/09/29 14:34:38.273, 1065 MiB, 15360 MiB, 28 %, 31.65 W
2026/09/29 14:34:39.278, 1065 MiB, 15360 MiB, 27 %, 32.74 W
2026/09/29 14:34:40.283, 1065 MiB, 15360 MiB, 27 %, 32.42 W
2026/09/29 14:34:41.288, 1065 MiB, 15360 MiB, 30 %, 31.06 W
2026/09/29 14:34:42.293, 1065 MiB, 15360 MiB, 30 %, 36.07 W
2026/09/29 14:34:43.298, 1065 MiB, 15360 MiB, 31 %, 31.73 W
2026/09/29 14:34:44.303, 1065 MiB, 15360 MiB, 30 %, 31.26 W
2026/09/29 14:34:45.315, 1065 MiB, 15360 MiB, 28 %, 32.32 W
2026/09/29 14:34:46.323, 1065 MiB, 15360 MiB, 29 %, 30.37 W
2026/09/29 14:34:47.329, 1065 MiB, 15360 MiB, 24 %, 31.26 W
2026/09/29 14:34:48.345, 1065 MiB, 15360 MiB, 20 %, 30.07 W
2026/09/29 14:34:49.355, 1065 MiB, 15360 MiB, 28 %, 31.95 W
2026/09/29 14:34:50.359, 1065 MiB, 15360 MiB, 29 %, 33.03 W
2026/09/29 14:34:51.366, 1065 MiB, 15360 MiB, 29 %, 33.21 W
2026/09/29 14:34:52.371, 1065 MiB, 15360 MiB, 30 %, 32.14 W
2026/09/29 14:34:53.376, 1065 MiB, 15360 MiB, 31 %, 30.76 W
2026/09/29 14:34:54.381, 1065 MiB, 15360 MiB, 27 %, 32.34 W
2026/09/29 14:34:55.386, 1065 MiB, 15360 MiB, 30 %, 33.31 W
2026/09/29 14:34:56.391, 1065 MiB, 15360 MiB, 30 %, 34.59 W
2026/09/29 14:34:57.396, 1065 MiB, 15360 MiB, 30 %, 34.00 W
2026/09/29 14:34:58.401, 1065 MiB, 15360 MiB, 30 %, 33.61 W
2026/09/29 14:34:59.406, 1065 MiB, 15360 MiB, 21 %, 30.86 W
2026/09/29 14:35:00.416, 1065 MiB, 15360 MiB, 24 %, 31.45 W
2026/09/29 14:35:01.428, 1065 MiB, 15360 MiB, 21 %, 30.07 W
2026/09/29 14:35:02.443, 1065 MiB, 15360 MiB, 30 %, 33.31 W
2026/09/29 14:35:03.447, 1065 MiB, 15360 MiB, 29 %, 34.59 W
2026/09/29 14:35:04.452, 1065 MiB, 15360 MiB, 31 %, 31.26 W
2026/09/29 14:35:05.459, 1065 MiB, 15360 MiB, 29 %, 31.16 W
2026/09/29 14:35:06.464, 1065 MiB, 15360 MiB, 29 %, 32.82 W
2026/09/29 14:35:07.469, 1065 MiB, 15360 MiB, 29 %, 30.76 W
2026/09/29 14:35:08.474, 1065 MiB, 15360 MiB, 28 %, 30.66 W
2026/09/29 14:35:09.479, 1065 MiB, 15360 MiB, 27 %, 31.16 W
2026/09/29 14:35:10.484, 1065 MiB, 15360 MiB, 27 %, 32.32 W
2026/09/29 14:35:11.489, 1065 MiB, 15360 MiB, 27 %, 34.97 W
2026/09/29 14:35:12.495, 1065 MiB, 15360 MiB, 26 %, 35.09 W
2026/09/29 14:35:13.507, 1065 MiB, 15360 MiB, 20 %, 30.88 W
2026/09/29 14:35:14.516, 1065 MiB, 15360 MiB, 29 %, 32.80 W
2026/09/29 14:35:15.521, 1065 MiB, 15360 MiB, 29 %, 30.47 W
2026/09/29 14:35:16.525, 1065 MiB, 15360 MiB, 35 %, 30.86 W
2026/09/29 14:35:17.531, 1065 MiB, 15360 MiB, 34 %, 33.80 W
2026/09/29 14:35:18.536, 1065 MiB, 15360 MiB, 29 %, 30.47 W
2026/09/29 14:35:19.541, 1065 MiB, 15360 MiB, 30 %, 30.76 W
2026/09/29 14:35:20.546, 1065 MiB, 15360 MiB, 29 %, 30.38 W
2026/09/29 14:35:21.551, 1065 MiB, 15360 MiB, 30 %, 30.37 W
2026/09/29 14:35:22.556, 1065 MiB, 15360 MiB, 29 %, 30.86 W
2026/09/29 14:35:23.562, 1065 MiB, 15360 MiB, 29 %, 30.48 W
2026/09/29 14:35:24.568, 1065 MiB, 15360 MiB, 23 %, 30.27 W
2026/09/29 14:35:25.583, 1065 MiB, 15360 MiB, 22 %, 30.17 W
2026/09/29 14:35:26.599, 1065 MiB, 15360 MiB, 20 %, 30.47 W
2026/09/29 14:35:27.605, 1065 MiB, 15360 MiB, 31 %, 31.45 W
2026/09/29 14:35:28.612, 1065 MiB, 15360 MiB, 29 %, 31.95 W
2026/09/29 14:35:29.619, 1065 MiB, 15360 MiB, 29 %, 34.59 W
2026/09/29 14:35:30.628, 1065 MiB, 15360 MiB, 30 %, 33.11 W
2026/09/29 14:35:31.634, 1065 MiB, 15360 MiB, 27 %, 30.76 W
2026/09/29 14:35:32.638, 1065 MiB, 15360 MiB, 35 %, 31.16 W
2026/09/29 14:35:33.644, 1065 MiB, 15360 MiB, 30 %, 31.16 W
2026/09/29 14:35:34.651, 1065 MiB, 15360 MiB, 30 %, 31.45 W
2026/09/29 14:35:35.656, 1065 MiB, 15360 MiB, 31 %, 31.65 W
2026/09/29 14:35:36.660, 1065 MiB, 15360 MiB, 30 %, 31.06 W
2026/09/29 14:35:37.667, 1065 MiB, 15360 MiB, 21 %, 29.97 W
2026/09/29 14:35:38.677, 1065 MiB, 15360 MiB, 20 %, 32.22 W
2026/09/29 14:35:39.688, 1065 MiB, 15360 MiB, 30 %, 30.37 W
2026/09/29 14:35:40.692, 1065 MiB, 15360 MiB, 28 %, 30.76 W
2026/09/29 14:35:41.697, 1065 MiB, 15360 MiB, 28 %, 35.09 W
2026/09/29 14:35:42.702, 1065 MiB, 15360 MiB, 30 %, 34.10 W
2026/09/29 14:35:43.707, 1065 MiB, 15360 MiB, 30 %, 30.96 W
2026/09/29 14:35:44.712, 1065 MiB, 15360 MiB, 30 %, 30.56 W
2026/09/29 14:35:45.717, 1065 MiB, 15360 MiB, 30 %, 30.56 W
2026/09/29 14:35:46.722, 1065 MiB, 15360 MiB, 30 %, 31.16 W
2026/09/29 14:35:47.728, 1065 MiB, 15360 MiB, 30 %, 30.66 W
2026/09/29 14:35:48.742, 1065 MiB, 15360 MiB, 30 %, 30.56 W
2026/09/29 14:35:49.752, 1065 MiB, 15360 MiB, 21 %, 30.96 W
2026/09/29 14:35:50.767, 1065 MiB, 15360 MiB, 25 %, 30.17 W
2026/09/29 14:35:51.773, 1065 MiB, 15360 MiB, 19 %, 32.14 W
2026/09/29 14:35:52.784, 1065 MiB, 15360 MiB, 30 %, 31.04 W
2026/09/29 14:35:53.789, 1065 MiB, 15360 MiB, 30 %, 32.74 W
2026/09/29 14:35:54.794, 1065 MiB, 15360 MiB, 30 %, 31.45 W
2026/09/29 14:35:55.800, 1065 MiB, 15360 MiB, 28 %, 33.88 W
2026/09/29 14:35:56.805, 1065 MiB, 15360 MiB, 30 %, 31.06 W
2026/09/29 14:35:57.810, 1065 MiB, 15360 MiB, 30 %, 30.86 W
2026/09/29 14:35:58.815, 1065 MiB, 15360 MiB, 30 %, 36.55 W
2026/09/29 14:35:59.821, 1065 MiB, 15360 MiB, 30 %, 31.35 W
2026/09/29 14:36:00.826, 1065 MiB, 15360 MiB, 30 %, 30.86 W
2026/09/29 14:36:01.831, 1065 MiB, 15360 MiB, 29 %, 30.47 W
2026/09/29 14:36:02.844, 1065 MiB, 15360 MiB, 23 %, 33.33 W
2026/09/29 14:36:03.854, 1065 MiB, 15360 MiB, 21 %, 31.16 W
2026/09/29 14:36:04.863, 1065 MiB, 15360 MiB, 30 %, 30.56 W
2026/09/29 14:36:05.868, 1065 MiB, 15360 MiB, 29 %, 30.76 W
2026/09/29 14:36:06.874, 1065 MiB, 15360 MiB, 29 %, 31.45 W
2026/09/29 14:36:07.880, 1065 MiB, 15360 MiB, 29 %, 31.95 W
2026/09/29 14:36:08.886, 1065 MiB, 15360 MiB, 29 %, 31.43 W
2026/09/29 14:36:09.892, 1065 MiB, 15360 MiB, 29 %, 32.44 W
2026/09/29 14:36:10.897, 1065 MiB, 15360 MiB, 28 %, 33.98 W
2026/09/29 14:36:11.902, 1065 MiB, 15360 MiB, 29 %, 33.01 W
2026/09/29 14:36:12.908, 1065 MiB, 15360 MiB, 28 %, 31.85 W
2026/09/29 14:36:13.913, 1065 MiB, 15360 MiB, 28 %, 30.66 W
2026/09/29 14:36:14.919, 1065 MiB, 15360 MiB, 21 %, 30.09 W
2026/09/29 14:36:15.929, 1065 MiB, 15360 MiB, 26 %, 30.86 W
2026/09/29 14:36:16.938, 1065 MiB, 15360 MiB, 19 %, 29.79 W
2026/09/29 14:36:17.948, 1065 MiB, 15360 MiB, 34 %, 30.27 W
2026/09/29 14:36:18.963, 1065 MiB, 15360 MiB, 29 %, 34.79 W
2026/09/29 14:36:19.975, 1065 MiB, 15360 MiB, 32 %, 30.78 W
2026/09/29 14:36:20.981, 1065 MiB, 15360 MiB, 32 %, 33.61 W
2026/09/29 14:36:21.986, 1065 MiB, 15360 MiB, 31 %, 31.35 W
2026/09/29 14:36:22.991, 1065 MiB, 15360 MiB, 32 %, 35.38 W
2026/09/29 14:36:23.996, 1065 MiB, 15360 MiB, 31 %, 31.95 W
2026/09/29 14:36:25.001, 1065 MiB, 15360 MiB, 31 %, 31.06 W
2026/09/29 14:36:26.006, 1065 MiB, 15360 MiB, 31 %, 31.24 W
2026/09/29 14:36:27.013, 1065 MiB, 15360 MiB, 32 %, 33.59 W
2026/09/29 14:36:28.024, 1065 MiB, 15360 MiB, 25 %, 30.66 W
2026/09/29 14:36:29.034, 1065 MiB, 15360 MiB, 21 %, 30.86 W
2026/09/29 14:36:30.047, 1065 MiB, 15360 MiB, 31 %, 31.75 W
2026/09/29 14:36:31.052, 1065 MiB, 15360 MiB, 32 %, 31.06 W
2026/09/29 14:36:32.058, 1065 MiB, 15360 MiB, 31 %, 31.14 W
2026/09/29 14:36:33.063, 1065 MiB, 15360 MiB, 31 %, 31.06 W
2026/09/29 14:36:34.067, 1065 MiB, 15360 MiB, 29 %, 30.76 W
2026/09/29 14:36:35.073, 1065 MiB, 15360 MiB, 31 %, 33.01 W
2026/09/29 14:36:36.080, 1065 MiB, 15360 MiB, 30 %, 31.06 W
2026/09/29 14:36:37.085, 1065 MiB, 15360 MiB, 30 %, 31.35 W
2026/09/29 14:36:38.090, 1065 MiB, 15360 MiB, 25 %, 30.96 W
2026/09/29 14:36:39.095, 1065 MiB, 15360 MiB, 28 %, 31.06 W
2026/09/29 14:36:40.101, 1065 MiB, 15360 MiB, 25 %, 30.56 W
2026/09/29 14:36:41.114, 1065 MiB, 15360 MiB, 23 %, 30.56 W
2026/09/29 14:36:42.125, 1065 MiB, 15360 MiB, 19 %, 30.66 W
2026/09/29 14:36:43.131, 1065 MiB, 15360 MiB, 30 %, 31.06 W
2026/09/29 14:36:44.136, 1065 MiB, 15360 MiB, 30 %, 30.86 W
2026/09/29 14:36:45.141, 1065 MiB, 15360 MiB, 30 %, 31.06 W
2026/09/29 14:36:46.147, 1065 MiB, 15360 MiB, 31 %, 30.56 W
2026/09/29 14:36:47.152, 1065 MiB, 15360 MiB, 33 %, 31.35 W
2026/09/29 14:36:48.168, 1065 MiB, 15360 MiB, 31 %, 31.45 W
2026/09/29 14:36:49.175, 1065 MiB, 15360 MiB, 31 %, 31.45 W
2026/09/29 14:36:50.180, 1065 MiB, 15360 MiB, 32 %, 31.24 W
2026/09/29 14:36:51.185, 1065 MiB, 15360 MiB, 31 %, 30.96 W
2026/09/29 14:36:52.190, 1065 MiB, 15360 MiB, 31 %, 31.16 W
2026/09/29 14:36:53.196, 1065 MiB, 15360 MiB, 25 %, 30.86 W
2026/09/29 14:36:54.212, 1065 MiB, 15360 MiB, 22 %, 32.42 W
2026/09/29 14:36:55.225, 1065 MiB, 15360 MiB, 32 %, 31.26 W
2026/09/29 14:36:56.230, 1065 MiB, 15360 MiB, 32 %, 31.35 W
2026/09/29 14:36:57.235, 1065 MiB, 15360 MiB, 31 %, 30.86 W
2026/09/29 14:36:58.240, 1065 MiB, 15360 MiB, 30 %, 31.06 W
2026/09/29 14:36:59.247, 1065 MiB, 15360 MiB, 31 %, 30.86 W
2026/09/29 14:37:00.252, 1065 MiB, 15360 MiB, 32 %, 33.80 W
2026/09/29 14:37:01.258, 1065 MiB, 15360 MiB, 32 %, 31.35 W
2026/09/29 14:37:02.263, 1065 MiB, 15360 MiB, 32 %, 31.16 W
2026/09/29 14:37:03.268, 1065 MiB, 15360 MiB, 31 %, 30.86 W
2026/09/29 14:37:04.273, 1065 MiB, 15360 MiB, 32 %, 32.42 W
2026/09/29 14:37:05.280, 1065 MiB, 15360 MiB, 24 %, 30.66 W
2026/09/29 14:37:06.290, 1065 MiB, 15360 MiB, 25 %, 30.66 W
2026/09/29 14:37:07.300, 1065 MiB, 15360 MiB, 19 %, 30.27 W
2026/09/29 14:37:08.313, 1065 MiB, 15360 MiB, 27 %, 32.44 W
2026/09/29 14:37:09.318, 1065 MiB, 15360 MiB, 30 %, 31.95 W
2026/09/29 14:37:10.323, 1065 MiB, 15360 MiB, 34 %, 32.44 W
2026/09/29 14:37:11.328, 1065 MiB, 15360 MiB, 29 %, 31.16 W
2026/09/29 14:37:12.343, 1065 MiB, 15360 MiB, 30 %, 33.31 W
2026/09/29 14:37:13.348, 1065 MiB, 15360 MiB, 30 %, 31.75 W
2026/09/29 14:37:14.353, 1065 MiB, 15360 MiB, 31 %, 33.21 W
2026/09/29 14:37:15.359, 1065 MiB, 15360 MiB, 32 %, 31.16 W
2026/09/29 14:37:16.364, 1065 MiB, 15360 MiB, 31 %, 30.86 W
2026/09/29 14:37:17.370, 1065 MiB, 15360 MiB, 33 %, 33.01 W
2026/09/29 14:37:18.376, 1065 MiB, 15360 MiB, 24 %, 30.48 W
2026/09/29 14:37:19.386, 1065 MiB, 15360 MiB, 21 %, 31.16 W
2026/09/29 14:37:20.400, 1065 MiB, 15360 MiB, 32 %, 31.06 W
2026/09/29 14:37:21.404, 1065 MiB, 15360 MiB, 30 %, 30.86 W
2026/09/29 14:37:22.409, 1065 MiB, 15360 MiB, 33 %, 31.26 W
2026/09/29 14:37:23.414, 1065 MiB, 15360 MiB, 33 %, 30.84 W
2026/09/29 14:37:24.420, 1065 MiB, 15360 MiB, 33 %, 33.31 W
2026/09/29 14:37:25.428, 1065 MiB, 15360 MiB, 33 %, 31.26 W
2026/09/29 14:37:26.433, 1065 MiB, 15360 MiB, 32 %, 36.47 W
2026/09/29 14:37:27.439, 1065 MiB, 15360 MiB, 33 %, 32.22 W
2026/09/29 14:37:28.444, 1065 MiB, 15360 MiB, 32 %, 31.75 W
2026/09/29 14:37:29.449, 1065 MiB, 15360 MiB, 32 %, 33.03 W
2026/09/29 14:37:30.458, 1065 MiB, 15360 MiB, 27 %, 30.86 W
2026/09/29 14:37:31.475, 1065 MiB, 15360 MiB, 23 %, 30.37 W
2026/09/29 14:37:32.488, 1065 MiB, 15360 MiB, 19 %, 29.97 W
2026/09/29 14:37:33.496, 1065 MiB, 15360 MiB, 34 %, 33.49 W
2026/09/29 14:37:34.501, 1065 MiB, 15360 MiB, 32 %, 31.16 W
2026/09/29 14:37:35.506, 1065 MiB, 15360 MiB, 31 %, 31.06 W
2026/09/29 14:37:36.511, 1065 MiB, 15360 MiB, 33 %, 32.54 W
2026/09/29 14:37:37.516, 1065 MiB, 15360 MiB, 33 %, 31.35 W
2026/09/29 14:37:38.521, 1065 MiB, 15360 MiB, 32 %, 31.55 W
2026/09/29 14:37:39.527, 1065 MiB, 15360 MiB, 32 %, 31.16 W
2026/09/29 14:37:40.532, 1065 MiB, 15360 MiB, 32 %, 31.06 W
2026/09/29 14:37:41.537, 1065 MiB, 15360 MiB, 32 %, 36.05 W
2026/09/29 14:37:42.543, 1065 MiB, 15360 MiB, 32 %, 31.95 W
2026/09/29 14:37:43.553, 1065 MiB, 15360 MiB, 23 %, 33.51 W
2026/09/29 14:37:44.569, 1065 MiB, 15360 MiB, 21 %, 30.66 W
2026/09/29 14:37:45.582, 1065 MiB, 15360 MiB, 30 %, 33.21 W
2026/09/29 14:37:46.589, 1065 MiB, 15360 MiB, 32 %, 30.37 W
2026/09/29 14:37:47.594, 1065 MiB, 15360 MiB, 32 %, 31.06 W
2026/09/29 14:37:48.599, 1065 MiB, 15360 MiB, 31 %, 31.14 W
2026/09/29 14:37:49.604, 1065 MiB, 15360 MiB, 31 %, 31.16 W
2026/09/29 14:37:50.610, 1065 MiB, 15360 MiB, 33 %, 31.16 W
2026/09/29 14:37:51.626, 1065 MiB, 15360 MiB, 32 %, 30.96 W
2026/09/29 14:37:52.632, 1065 MiB, 15360 MiB, 31 %, 30.96 W
2026/09/29 14:37:53.637, 1065 MiB, 15360 MiB, 31 %, 35.97 W
2026/09/29 14:37:54.642, 1065 MiB, 15360 MiB, 32 %, 34.00 W
2026/09/29 14:37:55.648, 1065 MiB, 15360 MiB, 29 %, 30.96 W
2026/09/29 14:37:56.664, 1065 MiB, 15360 MiB, 26 %, 30.47 W
2026/09/29 14:37:57.674, 1065 MiB, 15360 MiB, 20 %, 32.62 W
2026/09/29 14:37:58.680, 1065 MiB, 15360 MiB, 32 %, 32.14 W
2026/09/29 14:37:59.685, 1065 MiB, 15360 MiB, 33 %, 31.35 W
2026/09/29 14:38:00.690, 1065 MiB, 15360 MiB, 32 %, 30.88 W
2026/09/29 14:38:01.695, 1065 MiB, 15360 MiB, 33 %, 33.51 W
2026/09/29 14:38:02.700, 1065 MiB, 15360 MiB, 33 %, 31.65 W
2026/09/29 14:38:03.705, 1065 MiB, 15360 MiB, 33 %, 30.56 W
2026/09/29 14:38:04.710, 1065 MiB, 15360 MiB, 33 %, 31.85 W
2026/09/29 14:38:05.715, 1065 MiB, 15360 MiB, 33 %, 31.16 W
2026/09/29 14:38:06.721, 1065 MiB, 15360 MiB, 37 %, 32.92 W
2026/09/29 14:38:07.729, 1065 MiB, 15360 MiB, 32 %, 30.47 W
2026/09/29 14:38:08.737, 1065 MiB, 15360 MiB, 21 %, 31.55 W
2026/09/29 14:38:09.752, 1065 MiB, 15360 MiB, 22 %, 30.56 W
2026/09/29 14:38:10.765, 1065 MiB, 15360 MiB, 32 %, 31.06 W
2026/09/29 14:38:11.770, 1065 MiB, 15360 MiB, 32 %, 31.06 W
2026/09/29 14:38:12.774, 1065 MiB, 15360 MiB, 32 %, 35.93 W
2026/09/29 14:38:13.779, 1065 MiB, 15360 MiB, 31 %, 33.51 W
2026/09/29 14:38:14.786, 1065 MiB, 15360 MiB, 31 %, 33.98 W
2026/09/29 14:38:15.791, 1065 MiB, 15360 MiB, 29 %, 34.18 W
2026/09/29 14:38:16.796, 1065 MiB, 15360 MiB, 34 %, 31.26 W
2026/09/29 14:38:17.800, 1065 MiB, 15360 MiB, 29 %, 31.06 W
2026/09/29 14:38:18.805, 1065 MiB, 15360 MiB, 29 %, 32.22 W
2026/09/29 14:38:19.812, 1065 MiB, 15360 MiB, 28 %, 30.86 W
2026/09/29 14:38:20.818, 1065 MiB, 15360 MiB, 21 %, 29.99 W
2026/09/29 14:38:21.832, 1065 MiB, 15360 MiB, 24 %, 30.27 W
2026/09/29 14:38:22.844, 1065 MiB, 15360 MiB, 19 %, 30.09 W
2026/09/29 14:38:23.850, 1065 MiB, 15360 MiB, 30 %, 32.82 W
2026/09/29 14:38:24.856, 1065 MiB, 15360 MiB, 30 %, 30.66 W
2026/09/29 14:38:25.861, 1065 MiB, 15360 MiB, 29 %, 30.76 W
2026/09/29 14:38:26.866, 1065 MiB, 15360 MiB, 30 %, 30.86 W
2026/09/29 14:38:27.872, 1065 MiB, 15360 MiB, 29 %, 30.96 W
2026/09/29 14:38:28.878, 1065 MiB, 15360 MiB, 30 %, 30.96 W
2026/09/29 14:38:29.884, 1065 MiB, 15360 MiB, 32 %, 33.11 W
2026/09/29 14:38:30.890, 1065 MiB, 15360 MiB, 29 %, 30.86 W
2026/09/29 14:38:31.895, 1065 MiB, 15360 MiB, 29 %, 32.14 W
2026/09/29 14:38:32.901, 1065 MiB, 15360 MiB, 29 %, 33.41 W
2026/09/29 14:38:33.907, 1065 MiB, 15360 MiB, 22 %, 30.66 W
2026/09/29 14:38:34.922, 1065 MiB, 15360 MiB, 20 %, 30.47 W
2026/09/29 14:38:35.932, 1065 MiB, 15360 MiB, 29 %, 30.56 W
2026/09/29 14:38:36.938, 1065 MiB, 15360 MiB, 30 %, 31.06 W
2026/09/29 14:38:37.944, 1065 MiB, 15360 MiB, 29 %, 30.96 W
2026/09/29 14:38:38.949, 1065 MiB, 15360 MiB, 30 %, 31.85 W
2026/09/29 14:38:39.954, 1065 MiB, 15360 MiB, 32 %, 32.05 W
2026/09/29 14:38:40.961, 1065 MiB, 15360 MiB, 30 %, 30.56 W
2026/09/29 14:38:41.965, 1065 MiB, 15360 MiB, 30 %, 31.26 W
2026/09/29 14:38:42.971, 1065 MiB, 15360 MiB, 27 %, 31.16 W
2026/09/29 14:38:43.976, 1065 MiB, 15360 MiB, 26 %, 31.26 W
2026/09/29 14:38:44.981, 1065 MiB, 15360 MiB, 28 %, 31.26 W
2026/09/29 14:38:45.988, 1065 MiB, 15360 MiB, 21 %, 30.56 W
2026/09/29 14:38:47.003, 1065 MiB, 15360 MiB, 22 %, 30.38 W
2026/09/29 14:38:48.018, 1065 MiB, 15360 MiB, 20 %, 30.47 W
2026/09/29 14:38:49.025, 1065 MiB, 15360 MiB, 29 %, 34.69 W
2026/09/29 14:38:50.032, 1065 MiB, 15360 MiB, 29 %, 30.07 W
2026/09/29 14:38:51.036, 1065 MiB, 15360 MiB, 30 %, 30.56 W
2026/09/29 14:38:52.043, 1065 MiB, 15360 MiB, 30 %, 31.06 W
2026/09/29 14:38:53.050, 1065 MiB, 15360 MiB, 29 %, 32.34 W
2026/09/29 14:38:54.066, 1065 MiB, 15360 MiB, 30 %, 31.75 W
2026/09/29 14:38:55.071, 1065 MiB, 15360 MiB, 30 %, 34.10 W
2026/09/29 14:38:56.076, 1065 MiB, 15360 MiB, 30 %, 32.64 W
2026/09/29 14:38:57.080, 1065 MiB, 15360 MiB, 29 %, 34.87 W
2026/09/29 14:38:58.086, 1065 MiB, 15360 MiB, 29 %, 31.83 W
2026/09/29 14:38:59.092, 1065 MiB, 15360 MiB, 28 %, 32.34 W
2026/09/29 14:39:00.108, 1065 MiB, 15360 MiB, 20 %, 30.27 W
2026/09/29 14:39:01.123, 1065 MiB, 15360 MiB, 29 %, 30.76 W
2026/09/29 14:39:02.128, 1065 MiB, 15360 MiB, 30 %, 31.26 W
2026/09/29 14:39:03.133, 1065 MiB, 15360 MiB, 30 %, 31.55 W
2026/09/29 14:39:04.138, 1065 MiB, 15360 MiB, 31 %, 31.85 W
2026/09/29 14:39:05.143, 1065 MiB, 15360 MiB, 30 %, 34.69 W
2026/09/29 14:39:06.148, 1065 MiB, 15360 MiB, 30 %, 30.56 W
2026/09/29 14:39:07.153, 1065 MiB, 15360 MiB, 30 %, 30.96 W
2026/09/29 14:39:08.159, 1065 MiB, 15360 MiB, 30 %, 30.56 W
2026/09/29 14:39:09.164, 1065 MiB, 15360 MiB, 30 %, 30.56 W
2026/09/29 14:39:10.169, 1065 MiB, 15360 MiB, 30 %, 35.28 W
2026/09/29 14:39:11.174, 1065 MiB, 15360 MiB, 23 %, 30.17 W
2026/09/29 14:39:12.185, 1065 MiB, 15360 MiB, 24 %, 30.66 W
2026/09/29 14:39:13.198, 1065 MiB, 15360 MiB, 19 %, 29.79 W
2026/09/29 14:39:14.206, 1065 MiB, 15360 MiB, 27 %, 31.26 W
2026/09/29 14:39:15.211, 1065 MiB, 15360 MiB, 28 %, 31.65 W
2026/09/29 14:39:16.216, 1065 MiB, 15360 MiB, 28 %, 31.55 W
2026/09/29 14:39:17.221, 1065 MiB, 15360 MiB, 27 %, 32.84 W
2026/09/29 14:39:18.227, 1065 MiB, 15360 MiB, 29 %, 33.90 W
2026/09/29 14:39:19.233, 1065 MiB, 15360 MiB, 28 %, 33.01 W
2026/09/29 14:39:20.238, 1065 MiB, 15360 MiB, 29 %, 31.24 W
2026/09/29 14:39:21.243, 1065 MiB, 15360 MiB, 31 %, 30.38 W
2026/09/29 14:39:22.248, 1065 MiB, 15360 MiB, 31 %, 31.65 W
2026/09/29 14:39:23.253, 1065 MiB, 15360 MiB, 30 %, 31.45 W
2026/09/29 14:39:24.260, 1065 MiB, 15360 MiB, 23 %, 30.47 W
2026/09/29 14:39:25.270, 1065 MiB, 15360 MiB, 21 %, 30.17 W
2026/09/29 14:39:26.280, 1065 MiB, 15360 MiB, 26 %, 33.43 W
2026/09/29 14:39:27.285, 1065 MiB, 15360 MiB, 29 %, 32.62 W
2026/09/29 14:39:28.290, 1065 MiB, 15360 MiB, 30 %, 30.47 W
2026/09/29 14:39:29.296, 1065 MiB, 15360 MiB, 30 %, 30.76 W
2026/09/29 14:39:30.300, 1065 MiB, 15360 MiB, 30 %, 31.35 W
2026/09/29 14:39:31.305, 1065 MiB, 15360 MiB, 30 %, 30.86 W
2026/09/29 14:39:32.313, 1065 MiB, 15360 MiB, 30 %, 31.65 W
2026/09/29 14:39:33.318, 1065 MiB, 15360 MiB, 30 %, 30.96 W
2026/09/29 14:39:34.323, 1065 MiB, 15360 MiB, 30 %, 33.41 W
2026/09/29 14:39:35.328, 1065 MiB, 15360 MiB, 30 %, 32.22 W
2026/09/29 14:39:36.333, 1065 MiB, 15360 MiB, 20 %, 29.87 W
2026/09/29 14:39:37.344, 1065 MiB, 15360 MiB, 23 %, 30.86 W
2026/09/29 14:39:38.360, 1065 MiB, 15360 MiB, 23 %, 32.22 W
2026/09/29 14:39:39.370, 1065 MiB, 15360 MiB, 29 %, 33.33 W
2026/09/29 14:39:40.375, 1065 MiB, 15360 MiB, 30 %, 32.13 W
2026/09/29 14:39:41.380, 1065 MiB, 15360 MiB, 30 %, 35.66 W
2026/09/29 14:39:42.385, 1065 MiB, 15360 MiB, 31 %, 30.66 W
2026/09/29 14:39:43.389, 1065 MiB, 15360 MiB, 29 %, 30.96 W
2026/09/29 14:39:44.395, 1065 MiB, 15360 MiB, 28 %, 31.43 W
2026/09/29 14:39:45.399, 1065 MiB, 15360 MiB, 27 %, 36.37 W
2026/09/29 14:39:46.404, 1065 MiB, 15360 MiB, 28 %, 30.47 W
2026/09/29 14:39:47.409, 1065 MiB, 15360 MiB, 28 %, 30.76 W
2026/09/29 14:39:48.415, 1065 MiB, 15360 MiB, 29 %, 30.86 W
2026/09/29 14:39:49.422, 1065 MiB, 15360 MiB, 24 %, 30.47 W
2026/09/29 14:39:50.437, 1065 MiB, 15360 MiB, 20 %, 31.26 W
2026/09/29 14:39:51.445, 1065 MiB, 15360 MiB, 28 %, 34.49 W
2026/09/29 14:39:52.452, 1065 MiB, 15360 MiB, 32 %, 33.71 W
2026/09/29 14:39:53.459, 1065 MiB, 15360 MiB, 29 %, 30.76 W
2026/09/29 14:39:54.466, 1065 MiB, 15360 MiB, 31 %, 30.96 W
2026/09/29 14:39:55.477, 1065 MiB, 15360 MiB, 30 %, 31.08 W
2026/09/29 14:39:56.487, 1065 MiB, 15360 MiB, 29 %, 30.76 W
2026/09/29 14:39:57.494, 1065 MiB, 15360 MiB, 31 %, 30.96 W
2026/09/29 14:39:58.502, 1065 MiB, 15360 MiB, 29 %, 31.26 W
2026/09/29 14:39:59.510, 1065 MiB, 15360 MiB, 30 %, 31.75 W
2026/09/29 14:40:00.519, 1065 MiB, 15360 MiB, 29 %, 33.71 W
2026/09/29 14:40:01.527, 1065 MiB, 15360 MiB, 20 %, 30.07 W
2026/09/29 14:40:02.538, 1065 MiB, 15360 MiB, 23 %, 30.96 W
2026/09/29 14:40:03.552, 1065 MiB, 15360 MiB, 23 %, 30.58 W
2026/09/29 14:40:04.558, 1065 MiB, 15360 MiB, 30 %, 31.06 W
2026/09/29 14:40:05.563, 1065 MiB, 15360 MiB, 30 %, 30.84 W
2026/09/29 14:40:06.568, 1065 MiB, 15360 MiB, 34 %, 30.56 W
2026/09/29 14:40:07.573, 1065 MiB, 15360 MiB, 34 %, 30.86 W
2026/09/29 14:40:08.578, 1065 MiB, 15360 MiB, 30 %, 30.47 W
2026/09/29 14:40:09.583, 1065 MiB, 15360 MiB, 30 %, 30.86 W
2026/09/29 14:40:10.588, 1065 MiB, 15360 MiB, 29 %, 31.45 W
2026/09/29 14:40:11.593, 1065 MiB, 15360 MiB, 30 %, 32.24 W
2026/09/29 14:40:12.599, 1065 MiB, 15360 MiB, 30 %, 31.35 W
2026/09/29 14:40:13.605, 1065 MiB, 15360 MiB, 32 %, 35.88 W
2026/09/29 14:40:14.611, 1065 MiB, 15360 MiB, 23 %, 34.10 W
2026/09/29 14:40:15.627, 1065 MiB, 15360 MiB, 20 %, 34.20 W
2026/09/29 14:40:16.637, 1065 MiB, 15360 MiB, 22 %, 30.56 W
2026/09/29 14:40:17.642, 1065 MiB, 15360 MiB, 28 %, 30.56 W
2026/09/29 14:40:18.647, 1065 MiB, 15360 MiB, 27 %, 30.47 W
2026/09/29 14:40:19.652, 1065 MiB, 15360 MiB, 28 %, 30.56 W
2026/09/29 14:40:20.657, 1065 MiB, 15360 MiB, 28 %, 33.71 W
2026/09/29 14:40:21.662, 1065 MiB, 15360 MiB, 29 %, 30.86 W
2026/09/29 14:40:22.667, 1065 MiB, 15360 MiB, 30 %, 31.45 W
2026/09/29 14:40:23.672, 1065 MiB, 15360 MiB, 29 %, 30.86 W
2026/09/29 14:40:24.677, 1065 MiB, 15360 MiB, 29 %, 31.45 W
2026/09/29 14:40:25.682, 1065 MiB, 15360 MiB, 30 %, 31.14 W
2026/09/29 14:40:26.690, 1065 MiB, 15360 MiB, 25 %, 30.66 W
2026/09/29 14:40:27.702, 1065 MiB, 15360 MiB, 23 %, 30.17 W
2026/09/29 14:40:28.717, 1065 MiB, 15360 MiB, 27 %, 30.27 W
2026/09/29 14:40:29.724, 1065 MiB, 15360 MiB, 30 %, 31.35 W
2026/09/29 14:40:30.729, 1065 MiB, 15360 MiB, 30 %, 30.56 W
2026/09/29 14:40:31.734, 1065 MiB, 15360 MiB, 29 %, 30.86 W
2026/09/29 14:40:32.739, 1065 MiB, 15360 MiB, 30 %, 30.96 W
2026/09/29 14:40:33.744, 1065 MiB, 15360 MiB, 35 %, 32.74 W
2026/09/29 14:40:34.751, 1065 MiB, 15360 MiB, 29 %, 35.88 W
2026/09/29 14:40:35.756, 1065 MiB, 15360 MiB, 30 %, 30.76 W
2026/09/29 14:40:36.763, 1065 MiB, 15360 MiB, 29 %, 30.76 W
2026/09/29 14:40:37.768, 1065 MiB, 15360 MiB, 28 %, 31.35 W
2026/09/29 14:40:38.773, 1065 MiB, 15360 MiB, 26 %, 32.52 W
2026/09/29 14:40:39.779, 1065 MiB, 15360 MiB, 24 %, 30.66 W
2026/09/29 14:40:40.793, 1065 MiB, 15360 MiB, 22 %, 32.92 W
2026/09/29 14:40:41.807, 1065 MiB, 15360 MiB, 25 %, 30.76 W
2026/09/29 14:40:42.812, 1065 MiB, 15360 MiB, 31 %, 30.66 W
2026/09/29 14:40:43.817, 1065 MiB, 15360 MiB, 32 %, 31.06 W
2026/09/29 14:40:44.823, 1065 MiB, 15360 MiB, 30 %, 31.55 W
2026/09/29 14:40:45.829, 1065 MiB, 15360 MiB, 32 %, 30.96 W
2026/09/29 14:40:46.834, 1065 MiB, 15360 MiB, 31 %, 30.96 W
2026/09/29 14:40:47.839, 1065 MiB, 15360 MiB, 32 %, 31.06 W
2026/09/29 14:40:48.844, 1065 MiB, 15360 MiB, 29 %, 32.44 W
2026/09/29 14:40:49.849, 1065 MiB, 15360 MiB, 30 %, 31.45 W
2026/09/29 14:40:50.854, 1065 MiB, 15360 MiB, 28 %, 31.43 W
2026/09/29 14:40:51.860, 1065 MiB, 15360 MiB, 22 %, 30.56 W
2026/09/29 14:40:52.874, 1065 MiB, 15360 MiB, 23 %, 33.01 W
2026/09/29 14:40:53.887, 1065 MiB, 15360 MiB, 25 %, 31.26 W
2026/09/29 14:40:54.900, 1065 MiB, 15360 MiB, 31 %, 31.16 W
2026/09/29 14:40:55.915, 1065 MiB, 15360 MiB, 31 %, 31.06 W
2026/09/29 14:40:56.921, 1065 MiB, 15360 MiB, 31 %, 33.41 W
2026/09/29 14:40:57.926, 1065 MiB, 15360 MiB, 32 %, 32.24 W
2026/09/29 14:40:58.931, 1065 MiB, 15360 MiB, 31 %, 31.04 W
2026/09/29 14:40:59.935, 1065 MiB, 15360 MiB, 32 %, 31.06 W
2026/09/29 14:41:00.940, 1065 MiB, 15360 MiB, 37 %, 30.84 W
2026/09/29 14:41:01.945, 1065 MiB, 15360 MiB, 32 %, 33.41 W
2026/09/29 14:41:02.950, 1065 MiB, 15360 MiB, 32 %, 31.95 W
2026/09/29 14:41:03.955, 1065 MiB, 15360 MiB, 31 %, 31.65 W
2026/09/29 14:41:04.961, 1065 MiB, 15360 MiB, 25 %, 30.66 W
2026/09/29 14:41:05.981, 1065 MiB, 15360 MiB, 23 %, 30.27 W
2026/09/29 14:41:06.986, 1065 MiB, 15360 MiB, 21 %, 32.82 W
2026/09/29 14:41:07.991, 1065 MiB, 15360 MiB, 32 %, 35.38 W
2026/09/29 14:41:08.997, 1065 MiB, 15360 MiB, 37 %, 30.76 W
2026/09/29 14:41:10.002, 1065 MiB, 15360 MiB, 32 %, 31.43 W
2026/09/29 14:41:11.007, 1065 MiB, 15360 MiB, 31 %, 31.16 W
2026/09/29 14:41:12.012, 1065 MiB, 15360 MiB, 31 %, 32.32 W
2026/09/29 14:41:13.017, 1065 MiB, 15360 MiB, 32 %, 35.36 W
2026/09/29 14:41:14.022, 1065 MiB, 15360 MiB, 36 %, 33.31 W
2026/09/29 14:41:15.027, 1065 MiB, 15360 MiB, 31 %, 30.96 W
2026/09/29 14:41:16.032, 1065 MiB, 15360 MiB, 30 %, 30.86 W
2026/09/29 14:41:17.038, 1065 MiB, 15360 MiB, 24 %, 30.37 W
2026/09/29 14:41:18.048, 1065 MiB, 15360 MiB, 23 %, 30.66 W
2026/09/29 14:41:19.060, 1065 MiB, 15360 MiB, 21 %, 30.47 W
2026/09/29 14:41:20.069, 1065 MiB, 15360 MiB, 31 %, 31.65 W
2026/09/29 14:41:21.074, 1065 MiB, 15360 MiB, 30 %, 33.69 W
2026/09/29 14:41:22.079, 1065 MiB, 15360 MiB, 35 %, 32.22 W
2026/09/29 14:41:23.085, 1065 MiB, 15360 MiB, 30 %, 31.16 W
2026/09/29 14:41:24.090, 1065 MiB, 15360 MiB, 31 %, 30.27 W
2026/09/29 14:41:25.095, 1065 MiB, 15360 MiB, 30 %, 31.55 W
2026/09/29 14:41:26.104, 1065 MiB, 15360 MiB, 30 %, 35.48 W
2026/09/29 14:41:27.111, 1065 MiB, 15360 MiB, 36 %, 36.57 W
2026/09/29 14:41:28.124, 1065 MiB, 15360 MiB, 32 %, 32.05 W
2026/09/29 14:41:29.129, 1065 MiB, 15360 MiB, 32 %, 31.93 W
2026/09/29 14:41:30.136, 1065 MiB, 15360 MiB, 25 %, 30.37 W
2026/09/29 14:41:31.146, 1065 MiB, 15360 MiB, 23 %, 30.56 W
2026/09/29 14:41:32.154, 1065 MiB, 15360 MiB, 29 %, 31.16 W
2026/09/29 14:41:33.159, 1065 MiB, 15360 MiB, 36 %, 31.06 W
2026/09/29 14:41:34.164, 1065 MiB, 15360 MiB, 33 %, 32.92 W
2026/09/29 14:41:35.169, 1065 MiB, 15360 MiB, 32 %, 32.54 W
2026/09/29 14:41:36.177, 1065 MiB, 15360 MiB, 32 %, 31.24 W
2026/09/29 14:41:37.182, 1065 MiB, 15360 MiB, 32 %, 30.86 W
2026/09/29 14:41:38.187, 1065 MiB, 15360 MiB, 33 %, 30.96 W
2026/09/29 14:41:39.192, 1065 MiB, 15360 MiB, 33 %, 31.55 W
2026/09/29 14:41:40.196, 1065 MiB, 15360 MiB, 33 %, 34.99 W
2026/09/29 14:41:41.201, 1065 MiB, 15360 MiB, 32 %, 32.34 W
2026/09/29 14:41:42.208, 1065 MiB, 15360 MiB, 21 %, 32.62 W
2026/09/29 14:41:43.223, 1065 MiB, 15360 MiB, 26 %, 32.92 W
2026/09/29 14:41:44.235, 1065 MiB, 15360 MiB, 25 %, 30.56 W
2026/09/29 14:41:45.243, 1065 MiB, 15360 MiB, 31 %, 31.06 W
2026/09/29 14:41:46.248, 1065 MiB, 15360 MiB, 33 %, 31.93 W
2026/09/29 14:41:47.253, 1065 MiB, 15360 MiB, 32 %, 31.06 W
2026/09/29 14:41:48.258, 1065 MiB, 15360 MiB, 31 %, 31.26 W
2026/09/29 14:41:49.263, 1065 MiB, 15360 MiB, 31 %, 33.53 W
2026/09/29 14:41:50.268, 1065 MiB, 15360 MiB, 30 %, 31.26 W
2026/09/29 14:41:51.273, 1065 MiB, 15360 MiB, 30 %, 30.96 W
2026/09/29 14:41:52.278, 1065 MiB, 15360 MiB, 30 %, 32.13 W
2026/09/29 14:41:53.283, 1065 MiB, 15360 MiB, 30 %, 32.22 W
2026/09/29 14:41:54.289, 1065 MiB, 15360 MiB, 30 %, 31.75 W
2026/09/29 14:41:55.295, 1065 MiB, 15360 MiB, 24 %, 32.24 W
2026/09/29 14:41:56.311, 1065 MiB, 15360 MiB, 22 %, 30.88 W
2026/09/29 14:41:57.318, 1065 MiB, 15360 MiB, 22 %, 32.13 W
2026/09/29 14:41:58.323, 1065 MiB, 15360 MiB, 32 %, 31.85 W
2026/09/29 14:41:59.328, 1065 MiB, 15360 MiB, 32 %, 31.16 W
2026/09/29 14:42:00.333, 1065 MiB, 15360 MiB, 32 %, 30.96 W
2026/09/29 14:42:01.338, 1065 MiB, 15360 MiB, 33 %, 30.96 W
2026/09/29 14:42:02.343, 1065 MiB, 15360 MiB, 33 %, 33.11 W
2026/09/29 14:42:03.349, 1065 MiB, 15360 MiB, 32 %, 35.09 W
2026/09/29 14:42:04.354, 1065 MiB, 15360 MiB, 32 %, 33.21 W
2026/09/29 14:42:05.359, 1065 MiB, 15360 MiB, 37 %, 32.74 W
2026/09/29 14:42:06.368, 1065 MiB, 15360 MiB, 32 %, 31.93 W
2026/09/29 14:42:07.374, 1065 MiB, 15360 MiB, 28 %, 30.37 W
2026/09/29 14:42:08.387, 1065 MiB, 15360 MiB, 24 %, 30.96 W
2026/09/29 14:42:09.402, 1065 MiB, 15360 MiB, 22 %, 31.34 W
2026/09/29 14:42:10.415, 1065 MiB, 15360 MiB, 32 %, 33.90 W
2026/09/29 14:42:11.422, 1065 MiB, 15360 MiB, 32 %, 33.61 W
2026/09/29 14:42:12.428, 1065 MiB, 15360 MiB, 32 %, 32.64 W
2026/09/29 14:42:13.433, 1065 MiB, 15360 MiB, 32 %, 33.82 W
2026/09/29 14:42:14.438, 1065 MiB, 15360 MiB, 32 %, 32.05 W
2026/09/29 14:42:15.443, 1065 MiB, 15360 MiB, 37 %, 33.80 W
2026/09/29 14:42:16.449, 1065 MiB, 15360 MiB, 32 %, 34.02 W
2026/09/29 14:42:17.454, 1065 MiB, 15360 MiB, 33 %, 31.73 W
2026/09/29 14:42:18.459, 1065 MiB, 15360 MiB, 30 %, 33.33 W
2026/09/29 14:42:19.464, 1065 MiB, 15360 MiB, 32 %, 35.68 W
2026/09/29 14:42:20.470, 1065 MiB, 15360 MiB, 24 %, 31.95 W
2026/09/29 14:42:21.486, 1065 MiB, 15360 MiB, 22 %, 30.47 W
2026/09/29 14:42:22.496, 1065 MiB, 15360 MiB, 21 %, 35.38 W
2026/09/29 14:42:23.501, 1065 MiB, 15360 MiB, 28 %, 30.68 W
2026/09/29 14:42:24.505, 1065 MiB, 15360 MiB, 29 %, 30.19 W
2026/09/29 14:42:25.510, 1065 MiB, 15360 MiB, 31 %, 30.68 W
2026/09/29 14:42:26.515, 1065 MiB, 15360 MiB, 35 %, 33.01 W
2026/09/29 14:42:27.520, 1065 MiB, 15360 MiB, 32 %, 31.55 W
2026/09/29 14:42:28.525, 1065 MiB, 15360 MiB, 32 %, 31.26 W
2026/09/29 14:42:29.540, 1065 MiB, 15360 MiB, 33 %, 31.55 W
2026/09/29 14:42:30.545, 1065 MiB, 15360 MiB, 32 %, 31.14 W
2026/09/29 14:42:31.550, 1065 MiB, 15360 MiB, 29 %, 33.19 W
2026/09/29 14:42:32.556, 1065 MiB, 15360 MiB, 25 %, 34.08 W
2026/09/29 14:42:33.566, 1065 MiB, 15360 MiB, 22 %, 30.27 W
2026/09/29 14:42:34.581, 1065 MiB, 15360 MiB, 23 %, 30.47 W
2026/09/29 14:42:35.590, 1065 MiB, 15360 MiB, 30 %, 35.68 W
2026/09/29 14:42:36.596, 1065 MiB, 15360 MiB, 30 %, 33.90 W
2026/09/29 14:42:37.602, 1065 MiB, 15360 MiB, 30 %, 32.03 W
2026/09/29 14:42:38.608, 1065 MiB, 15360 MiB, 25 %, 30.78 W
2026/09/29 14:42:39.613, 1065 MiB, 15360 MiB, 29 %, 33.90 W
2026/09/29 14:42:40.618, 1065 MiB, 15360 MiB, 29 %, 30.94 W
2026/09/29 14:42:41.622, 1065 MiB, 15360 MiB, 28 %, 30.96 W
2026/09/29 14:42:42.627, 1065 MiB, 15360 MiB, 30 %, 31.35 W
2026/09/29 14:42:43.634, 1065 MiB, 15360 MiB, 28 %, 31.06 W
2026/09/29 14:42:44.639, 1065 MiB, 15360 MiB, 30 %, 33.13 W
2026/09/29 14:42:45.645, 1065 MiB, 15360 MiB, 22 %, 31.35 W
2026/09/29 14:42:46.661, 1065 MiB, 15360 MiB, 22 %, 30.27 W
2026/09/29 14:42:47.671, 1065 MiB, 15360 MiB, 18 %, 29.87 W
2026/09/29 14:42:48.682, 1065 MiB, 15360 MiB, 29 %, 32.14 W
2026/09/29 14:42:49.687, 1065 MiB, 15360 MiB, 29 %, 31.75 W
2026/09/29 14:42:50.692, 1065 MiB, 15360 MiB, 28 %, 30.76 W
2026/09/29 14:42:51.699, 1065 MiB, 15360 MiB, 26 %, 30.66 W
2026/09/29 14:42:52.704, 1065 MiB, 15360 MiB, 30 %, 30.56 W
2026/09/29 14:42:53.709, 1065 MiB, 15360 MiB, 30 %, 30.66 W
2026/09/29 14:42:54.714, 1065 MiB, 15360 MiB, 30 %, 30.56 W
2026/09/29 14:42:55.719, 1065 MiB, 15360 MiB, 30 %, 30.56 W
2026/09/29 14:42:56.724, 1065 MiB, 15360 MiB, 30 %, 30.17 W
2026/09/29 14:42:57.729, 1065 MiB, 15360 MiB, 30 %, 30.56 W
2026/09/29 14:42:58.743, 1065 MiB, 15360 MiB, 23 %, 30.74 W
2026/09/29 14:42:59.756, 1065 MiB, 15360 MiB, 21 %, 30.66 W
2026/09/29 14:43:00.766, 1065 MiB, 15360 MiB, 30 %, 35.26 W
2026/09/29 14:43:01.771, 1065 MiB, 15360 MiB, 27 %, 30.86 W
2026/09/29 14:43:02.776, 1065 MiB, 15360 MiB, 30 %, 31.26 W
2026/09/29 14:43:03.781, 1065 MiB, 15360 MiB, 29 %, 30.96 W
2026/09/29 14:43:04.786, 1065 MiB, 15360 MiB, 31 %, 31.06 W
2026/09/29 14:43:05.791, 1065 MiB, 15360 MiB, 30 %, 31.27 W
2026/09/29 14:43:06.796, 1065 MiB, 15360 MiB, 35 %, 30.96 W
2026/09/29 14:43:07.801, 1065 MiB, 15360 MiB, 30 %, 30.96 W
2026/09/29 14:43:08.806, 1065 MiB, 15360 MiB, 30 %, 31.16 W
2026/09/29 14:43:09.811, 1065 MiB, 15360 MiB, 30 %, 30.56 W
2026/09/29 14:43:10.817, 1065 MiB, 15360 MiB, 22 %, 33.71 W
2026/09/29 14:43:11.828, 1065 MiB, 15360 MiB, 22 %, 30.07 W
2026/09/29 14:43:12.839, 1065 MiB, 15360 MiB, 19 %, 30.27 W
2026/09/29 14:43:13.850, 1065 MiB, 15360 MiB, 33 %, 33.41 W
2026/09/29 14:43:14.856, 1065 MiB, 15360 MiB, 30 %, 31.16 W
2026/09/29 14:43:15.861, 1065 MiB, 15360 MiB, 28 %, 32.05 W
2026/09/29 14:43:16.866, 1065 MiB, 15360 MiB, 30 %, 32.22 W
2026/09/29 14:43:17.871, 1065 MiB, 15360 MiB, 30 %, 31.73 W
2026/09/29 14:43:18.878, 1065 MiB, 15360 MiB, 29 %, 31.95 W
2026/09/29 14:43:19.885, 1065 MiB, 15360 MiB, 28 %, 32.14 W
2026/09/29 14:43:20.891, 1065 MiB, 15360 MiB, 28 %, 31.53 W
2026/09/29 14:43:21.897, 1065 MiB, 15360 MiB, 28 %, 32.82 W
2026/09/29 14:43:22.903, 1065 MiB, 15360 MiB, 28 %, 32.14 W
2026/09/29 14:43:23.909, 1065 MiB, 15360 MiB, 22 %, 30.37 W
2026/09/29 14:43:24.925, 1065 MiB, 15360 MiB, 20 %, 29.97 W
2026/09/29 14:43:25.937, 1065 MiB, 15360 MiB, 30 %, 30.37 W
2026/09/29 14:43:26.942, 1065 MiB, 15360 MiB, 30 %, 30.56 W
2026/09/29 14:43:27.949, 1065 MiB, 15360 MiB, 30 %, 30.66 W
2026/09/29 14:43:28.958, 1065 MiB, 15360 MiB, 30 %, 30.76 W
2026/09/29 14:43:29.964, 1065 MiB, 15360 MiB, 30 %, 31.16 W
2026/09/29 14:43:30.968, 1065 MiB, 15360 MiB, 30 %, 32.92 W
2026/09/29 14:43:31.973, 1065 MiB, 15360 MiB, 35 %, 30.37 W
2026/09/29 14:43:32.978, 1065 MiB, 15360 MiB, 30 %, 33.31 W
2026/09/29 14:43:33.984, 1065 MiB, 15360 MiB, 29 %, 33.61 W
2026/09/29 14:43:34.989, 1065 MiB, 15360 MiB, 30 %, 32.14 W
2026/09/29 14:43:35.994, 1065 MiB, 15360 MiB, 21 %, 30.78 W
2026/09/29 14:43:37.007, 1065 MiB, 15360 MiB, 24 %, 29.97 W
2026/09/29 14:43:38.018, 1065 MiB, 15360 MiB, 20 %, 30.07 W
2026/09/29 14:43:39.026, 1065 MiB, 15360 MiB, 30 %, 30.76 W
2026/09/29 14:43:40.032, 1065 MiB, 15360 MiB, 30 %, 30.56 W
2026/09/29 14:43:41.038, 1065 MiB, 15360 MiB, 30 %, 30.96 W
2026/09/29 14:43:42.043, 1065 MiB, 15360 MiB, 30 %, 30.76 W
2026/09/29 14:43:43.048, 1065 MiB, 15360 MiB, 30 %, 32.92 W
2026/09/29 14:43:44.053, 1065 MiB, 15360 MiB, 30 %, 32.42 W
2026/09/29 14:43:45.058, 1065 MiB, 15360 MiB, 30 %, 31.55 W
2026/09/29 14:43:46.065, 1065 MiB, 15360 MiB, 31 %, 31.26 W
2026/09/29 14:43:47.069, 1065 MiB, 15360 MiB, 29 %, 31.06 W
2026/09/29 14:43:48.076, 1065 MiB, 15360 MiB, 30 %, 31.16 W
2026/09/29 14:43:49.081, 1065 MiB, 15360 MiB, 23 %, 30.56 W
2026/09/29 14:43:50.092, 1065 MiB, 15360 MiB, 21 %, 30.37 W
2026/09/29 14:43:51.107, 1065 MiB, 15360 MiB, 29 %, 30.56 W
2026/09/29 14:43:52.112, 1065 MiB, 15360 MiB, 29 %, 30.47 W
2026/09/29 14:43:53.117, 1065 MiB, 15360 MiB, 30 %, 30.65 W
2026/09/29 14:43:54.122, 1065 MiB, 15360 MiB, 28 %, 30.76 W
2026/09/29 14:43:55.127, 1065 MiB, 15360 MiB, 28 %, 32.93 W
2026/09/29 14:43:56.132, 1065 MiB, 15360 MiB, 28 %, 33.29 W
2026/09/29 14:43:57.138, 1065 MiB, 15360 MiB, 28 %, 33.59 W
2026/09/29 14:43:58.144, 1065 MiB, 15360 MiB, 28 %, 30.76 W
2026/09/29 14:43:59.149, 1065 MiB, 15360 MiB, 28 %, 31.55 W
2026/09/29 14:44:00.154, 1065 MiB, 15360 MiB, 28 %, 31.06 W
2026/09/29 14:44:01.160, 1065 MiB, 15360 MiB, 22 %, 30.17 W
2026/09/29 14:44:02.172, 1065 MiB, 15360 MiB, 24 %, 30.47 W
2026/09/29 14:44:03.191, 1065 MiB, 15360 MiB, 19 %, 33.90 W
2026/09/29 14:44:04.205, 1065 MiB, 15360 MiB, 31 %, 30.27 W
2026/09/29 14:44:05.210, 1065 MiB, 15360 MiB, 31 %, 33.23 W
2026/09/29 14:44:06.215, 1065 MiB, 15360 MiB, 31 %, 31.45 W
2026/09/29 14:44:07.220, 1065 MiB, 15360 MiB, 31 %, 30.86 W
2026/09/29 14:44:08.225, 1065 MiB, 15360 MiB, 29 %, 31.34 W
2026/09/29 14:44:09.230, 1065 MiB, 15360 MiB, 30 %, 30.96 W
2026/09/29 14:44:10.235, 1065 MiB, 15360 MiB, 30 %, 30.66 W
2026/09/29 14:44:11.240, 1065 MiB, 15360 MiB, 30 %, 35.86 W
2026/09/29 14:44:12.245, 1065 MiB, 15360 MiB, 30 %, 30.66 W
2026/09/29 14:44:13.251, 1065 MiB, 15360 MiB, 30 %, 30.56 W
2026/09/29 14:44:14.258, 1065 MiB, 15360 MiB, 23 %, 35.09 W
2026/09/29 14:44:15.271, 1065 MiB, 15360 MiB, 20 %, 31.35 W
2026/09/29 14:44:16.285, 1065 MiB, 15360 MiB, 29 %, 30.96 W
2026/09/29 14:44:17.289, 1065 MiB, 15360 MiB, 30 %, 31.26 W
2026/09/29 14:44:18.295, 1065 MiB, 15360 MiB, 30 %, 31.06 W
2026/09/29 14:44:19.300, 1065 MiB, 15360 MiB, 31 %, 30.86 W
2026/09/29 14:44:20.305, 1065 MiB, 15360 MiB, 30 %, 31.26 W
2026/09/29 14:44:21.311, 1065 MiB, 15360 MiB, 30 %, 30.76 W
2026/09/29 14:44:22.316, 1065 MiB, 15360 MiB, 30 %, 31.06 W
2026/09/29 14:44:23.321, 1065 MiB, 15360 MiB, 29 %, 30.96 W
2026/09/29 14:44:24.326, 1065 MiB, 15360 MiB, 29 %, 30.86 W
2026/09/29 14:44:25.331, 1065 MiB, 15360 MiB, 29 %, 31.65 W
2026/09/29 14:44:26.337, 1065 MiB, 15360 MiB, 21 %, 30.56 W
2026/09/29 14:44:27.348, 1065 MiB, 15360 MiB, 23 %, 31.75 W
2026/09/29 14:44:28.356, 1065 MiB, 15360 MiB, 19 %, 29.97 W
2026/09/29 14:44:29.364, 1065 MiB, 15360 MiB, 30 %, 30.47 W
2026/09/29 14:44:30.369, 1065 MiB, 15360 MiB, 30 %, 30.17 W
2026/09/29 14:44:31.379, 1065 MiB, 15360 MiB, 34 %, 31.75 W
2026/09/29 14:44:32.385, 1065 MiB, 15360 MiB, 30 %, 31.35 W
2026/09/29 14:44:33.392, 1065 MiB, 15360 MiB, 29 %, 30.96 W
2026/09/29 14:44:34.397, 1065 MiB, 15360 MiB, 30 %, 30.76 W
2026/09/29 14:44:35.404, 1065 MiB, 15360 MiB, 30 %, 30.56 W
2026/09/29 14:44:36.411, 1065 MiB, 15360 MiB, 31 %, 33.69 W
2026/09/29 14:44:37.418, 1065 MiB, 15360 MiB, 30 %, 31.75 W
2026/09/29 14:44:38.426, 1065 MiB, 15360 MiB, 30 %, 31.26 W
2026/09/29 14:44:39.433, 1065 MiB, 15360 MiB, 23 %, 30.27 W
2026/09/29 14:44:40.444, 1065 MiB, 15360 MiB, 20 %, 30.37 W
2026/09/29 14:44:41.459, 1065 MiB, 15360 MiB, 30 %, 30.86 W
2026/09/29 14:44:42.466, 1065 MiB, 15360 MiB, 30 %, 31.45 W
2026/09/29 14:44:43.472, 1065 MiB, 15360 MiB, 31 %, 31.55 W
2026/09/29 14:44:44.478, 1065 MiB, 15360 MiB, 31 %, 33.72 W
2026/09/29 14:44:45.483, 1065 MiB, 15360 MiB, 30 %, 32.72 W
2026/09/29 14:44:46.488, 1065 MiB, 15360 MiB, 31 %, 33.61 W
2026/09/29 14:44:47.493, 1065 MiB, 15360 MiB, 31 %, 31.75 W
2026/09/29 14:44:48.498, 1065 MiB, 15360 MiB, 31 %, 30.86 W
2026/09/29 14:44:49.502, 1065 MiB, 15360 MiB, 29 %, 31.26 W
2026/09/29 14:44:50.507, 1065 MiB, 15360 MiB, 30 %, 32.13 W
2026/09/29 14:44:51.513, 1065 MiB, 15360 MiB, 23 %, 30.48 W
2026/09/29 14:44:52.528, 1065 MiB, 15360 MiB, 23 %, 30.66 W
2026/09/29 14:44:53.539, 1065 MiB, 15360 MiB, 18 %, 32.84 W
2026/09/29 14:44:54.552, 1065 MiB, 15360 MiB, 28 %, 34.18 W
2026/09/29 14:44:55.557, 1065 MiB, 15360 MiB, 28 %, 33.31 W
2026/09/29 14:44:56.562, 1065 MiB, 15360 MiB, 29 %, 31.16 W
2026/09/29 14:44:57.567, 1065 MiB, 15360 MiB, 28 %, 31.45 W
2026/09/29 14:44:58.572, 1065 MiB, 15360 MiB, 29 %, 31.95 W
2026/09/29 14:44:59.577, 1065 MiB, 15360 MiB, 30 %, 31.85 W
2026/09/29 14:45:00.584, 1065 MiB, 15360 MiB, 31 %, 31.16 W
2026/09/29 14:45:01.590, 1065 MiB, 15360 MiB, 30 %, 30.47 W
2026/09/29 14:45:02.596, 1065 MiB, 15360 MiB, 31 %, 30.47 W
2026/09/29 14:45:03.613, 1065 MiB, 15360 MiB, 30 %, 31.06 W
2026/09/29 14:45:04.623, 1065 MiB, 15360 MiB, 24 %, 30.37 W
2026/09/29 14:45:05.633, 1065 MiB, 15360 MiB, 22 %, 30.37 W
2026/09/29 14:45:06.642, 1065 MiB, 15360 MiB, 30 %, 31.35 W
2026/09/29 14:45:07.647, 1065 MiB, 15360 MiB, 30 %, 31.35 W
2026/09/29 14:45:08.652, 1065 MiB, 15360 MiB, 28 %, 30.47 W
2026/09/29 14:45:09.658, 1065 MiB, 15360 MiB, 30 %, 30.76 W
2026/09/29 14:45:10.662, 1065 MiB, 15360 MiB, 30 %, 34.30 W
2026/09/29 14:45:11.667, 1065 MiB, 15360 MiB, 31 %, 30.56 W
2026/09/29 14:45:12.672, 1065 MiB, 15360 MiB, 30 %, 33.43 W
2026/09/29 14:45:13.677, 1065 MiB, 15360 MiB, 31 %, 32.72 W
2026/09/29 14:45:14.683, 1065 MiB, 15360 MiB, 30 %, 34.67 W
2026/09/29 14:45:15.689, 1065 MiB, 15360 MiB, 31 %, 32.60 W
2026/09/29 14:45:16.695, 1065 MiB, 15360 MiB, 21 %, 31.43 W
2026/09/29 14:45:17.708, 1065 MiB, 15360 MiB, 25 %, 31.65 W
2026/09/29 14:45:18.719, 1065 MiB, 15360 MiB, 21 %, 30.17 W
2026/09/29 14:45:19.727, 1065 MiB, 15360 MiB, 29 %, 30.86 W
2026/09/29 14:45:20.732, 1065 MiB, 15360 MiB, 28 %, 30.56 W
2026/09/29 14:45:21.738, 1065 MiB, 15360 MiB, 29 %, 30.76 W
2026/09/29 14:45:22.743, 1065 MiB, 15360 MiB, 31 %, 31.16 W
2026/09/29 14:45:23.748, 1065 MiB, 15360 MiB, 30 %, 30.66 W
2026/09/29 14:45:24.754, 1065 MiB, 15360 MiB, 30 %, 30.56 W
2026/09/29 14:45:25.761, 1065 MiB, 15360 MiB, 29 %, 30.66 W
2026/09/29 14:45:26.766, 1065 MiB, 15360 MiB, 29 %, 30.65 W
2026/09/29 14:45:27.770, 1065 MiB, 15360 MiB, 28 %, 32.72 W
2026/09/29 14:45:28.776, 1065 MiB, 15360 MiB, 27 %, 30.86 W
2026/09/29 14:45:29.782, 1065 MiB, 15360 MiB, 22 %, 30.48 W
2026/09/29 14:45:30.797, 1065 MiB, 15360 MiB, 20 %, 30.86 W
2026/09/29 14:45:31.808, 1065 MiB, 15360 MiB, 30 %, 34.10 W
2026/09/29 14:45:32.815, 1065 MiB, 15360 MiB, 30 %, 31.85 W
2026/09/29 14:45:33.831, 1065 MiB, 15360 MiB, 30 %, 31.45 W
2026/09/29 14:45:34.836, 1065 MiB, 15360 MiB, 30 %, 31.26 W
2026/09/29 14:45:35.841, 1065 MiB, 15360 MiB, 30 %, 31.26 W
2026/09/29 14:45:36.848, 1065 MiB, 15360 MiB, 29 %, 32.24 W
2026/09/29 14:45:37.853, 1065 MiB, 15360 MiB, 29 %, 31.06 W
2026/09/29 14:45:38.858, 1065 MiB, 15360 MiB, 31 %, 30.96 W
2026/09/29 14:45:39.863, 1065 MiB, 15360 MiB, 30 %, 30.76 W
2026/09/29 14:45:40.868, 1065 MiB, 15360 MiB, 30 %, 30.86 W
2026/09/29 14:45:41.874, 1065 MiB, 15360 MiB, 23 %, 34.12 W
2026/09/29 14:45:42.884, 1065 MiB, 15360 MiB, 22 %, 30.07 W
2026/09/29 14:45:43.893, 1065 MiB, 15360 MiB, 20 %, 32.42 W
2026/09/29 14:45:44.902, 1065 MiB, 15360 MiB, 31 %, 30.56 W
2026/09/29 14:45:45.907, 1065 MiB, 15360 MiB, 30 %, 30.56 W
2026/09/29 14:45:46.912, 1065 MiB, 15360 MiB, 31 %, 31.26 W
2026/09/29 14:45:47.917, 1065 MiB, 15360 MiB, 30 %, 30.76 W
2026/09/29 14:45:48.922, 1065 MiB, 15360 MiB, 31 %, 33.41 W
2026/09/29 14:45:49.927, 1065 MiB, 15360 MiB, 31 %, 30.76 W
2026/09/29 14:45:50.933, 1065 MiB, 15360 MiB, 31 %, 33.98 W
2026/09/29 14:45:51.938, 1065 MiB, 15360 MiB, 31 %, 31.45 W
2026/09/29 14:45:52.944, 1065 MiB, 15360 MiB, 31 %, 30.35 W
2026/09/29 14:45:53.949, 1065 MiB, 15360 MiB, 30 %, 30.66 W
2026/09/29 14:45:54.956, 1065 MiB, 15360 MiB, 23 %, 32.05 W
2026/09/29 14:45:55.967, 1065 MiB, 15360 MiB, 19 %, 30.37 W
2026/09/29 14:45:56.981, 1065 MiB, 15360 MiB, 27 %, 33.69 W
2026/09/29 14:45:57.987, 1065 MiB, 15360 MiB, 28 %, 30.96 W
2026/09/29 14:45:58.995, 1065 MiB, 15360 MiB, 28 %, 35.38 W
2026/09/29 14:46:00.004, 1065 MiB, 15360 MiB, 28 %, 32.92 W
2026/09/29 14:46:01.013, 1065 MiB, 15360 MiB, 29 %, 32.03 W
2026/09/29 14:46:02.022, 1065 MiB, 15360 MiB, 30 %, 32.05 W
2026/09/29 14:46:03.027, 1065 MiB, 15360 MiB, 30 %, 30.56 W
2026/09/29 14:46:04.032, 1065 MiB, 15360 MiB, 30 %, 30.86 W
2026/09/29 14:46:05.038, 1065 MiB, 15360 MiB, 31 %, 31.35 W
2026/09/29 14:46:06.044, 1065 MiB, 15360 MiB, 29 %, 34.49 W
2026/09/29 14:46:07.051, 1065 MiB, 15360 MiB, 21 %, 30.07 W
2026/09/29 14:46:08.064, 1065 MiB, 15360 MiB, 24 %, 30.68 W
2026/09/29 14:46:09.074, 1065 MiB, 15360 MiB, 19 %, 30.09 W
2026/09/29 14:46:10.082, 1065 MiB, 15360 MiB, 29 %, 34.59 W
2026/09/29 14:46:11.087, 1065 MiB, 15360 MiB, 29 %, 35.07 W
2026/09/29 14:46:12.092, 1065 MiB, 15360 MiB, 29 %, 31.06 W
2026/09/29 14:46:13.098, 1065 MiB, 15360 MiB, 31 %, 31.43 W
2026/09/29 14:46:14.103, 1065 MiB, 15360 MiB, 29 %, 33.01 W
2026/09/29 14:46:15.108, 1065 MiB, 15360 MiB, 29 %, 33.71 W
2026/09/29 14:46:16.112, 1065 MiB, 15360 MiB, 29 %, 30.47 W
2026/09/29 14:46:17.118, 1065 MiB, 15360 MiB, 30 %, 30.45 W
2026/09/29 14:46:18.124, 1065 MiB, 15360 MiB, 30 %, 30.86 W
2026/09/29 14:46:19.129, 1065 MiB, 15360 MiB, 30 %, 34.28 W
2026/09/29 14:46:20.135, 1065 MiB, 15360 MiB, 23 %, 30.38 W
2026/09/29 14:46:21.144, 1065 MiB, 15360 MiB, 20 %, 30.27 W
2026/09/29 14:46:22.154, 1065 MiB, 15360 MiB, 30 %, 32.42 W
2026/09/29 14:46:23.159, 1065 MiB, 15360 MiB, 30 %, 33.01 W
2026/09/29 14:46:24.164, 1065 MiB, 15360 MiB, 30 %, 31.85 W
2026/09/29 14:46:25.169, 1065 MiB, 15360 MiB, 30 %, 31.45 W
2026/09/29 14:46:26.174, 1065 MiB, 15360 MiB, 30 %, 32.34 W
2026/09/29 14:46:27.178, 1065 MiB, 15360 MiB, 30 %, 32.82 W
2026/09/29 14:46:28.185, 1065 MiB, 15360 MiB, 31 %, 32.24 W
2026/09/29 14:46:29.189, 1065 MiB, 15360 MiB, 29 %, 31.35 W
2026/09/29 14:46:30.194, 1065 MiB, 15360 MiB, 29 %, 30.76 W
2026/09/29 14:46:31.200, 1065 MiB, 15360 MiB, 33 %, 30.96 W
2026/09/29 14:46:32.206, 1065 MiB, 15360 MiB, 20 %, 30.47 W
2026/09/29 14:46:33.222, 1065 MiB, 15360 MiB, 22 %, 30.27 W
2026/09/29 14:46:34.229, 1065 MiB, 15360 MiB, 19 %, 29.97 W
2026/09/29 14:46:35.240, 1065 MiB, 15360 MiB, 30 %, 31.55 W
2026/09/29 14:46:36.248, 1065 MiB, 15360 MiB, 30 %, 31.35 W
2026/09/29 14:46:37.253, 1065 MiB, 15360 MiB, 30 %, 31.55 W
2026/09/29 14:46:38.258, 1065 MiB, 15360 MiB, 29 %, 31.55 W
2026/09/29 14:46:39.265, 1065 MiB, 15360 MiB, 30 %, 31.65 W
2026/09/29 14:46:40.271, 1065 MiB, 15360 MiB, 30 %, 32.62 W
2026/09/29 14:46:41.276, 1065 MiB, 15360 MiB, 30 %, 31.45 W
2026/09/29 14:46:42.280, 1065 MiB, 15360 MiB, 26 %, 30.56 W
2026/09/29 14:46:43.285, 1065 MiB, 15360 MiB, 30 %, 30.47 W
2026/09/29 14:46:44.290, 1065 MiB, 15360 MiB, 30 %, 30.47 W
2026/09/29 14:46:45.297, 1065 MiB, 15360 MiB, 21 %, 30.27 W
2026/09/29 14:46:46.308, 1065 MiB, 15360 MiB, 21 %, 30.27 W
2026/09/29 14:46:47.317, 1065 MiB, 15360 MiB, 29 %, 31.45 W
2026/09/29 14:46:48.322, 1065 MiB, 15360 MiB, 30 %, 31.55 W
2026/09/29 14:46:49.327, 1065 MiB, 15360 MiB, 29 %, 32.32 W
2026/09/29 14:46:50.332, 1065 MiB, 15360 MiB, 30 %, 32.54 W
2026/09/29 14:46:51.337, 1065 MiB, 15360 MiB, 30 %, 30.86 W
2026/09/29 14:46:52.342, 1065 MiB, 15360 MiB, 30 %, 34.30 W
2026/09/29 14:46:53.347, 1065 MiB, 15360 MiB, 30 %, 34.97 W
2026/09/29 14:46:54.352, 1065 MiB, 15360 MiB, 30 %, 33.11 W
2026/09/29 14:46:55.357, 1065 MiB, 15360 MiB, 28 %, 30.17 W
2026/09/29 14:46:56.362, 1065 MiB, 15360 MiB, 28 %, 32.03 W
2026/09/29 14:46:57.368, 1065 MiB, 15360 MiB, 21 %, 30.37 W
2026/09/29 14:46:58.382, 1065 MiB, 15360 MiB, 23 %, 30.86 W
2026/09/29 14:46:59.396, 1065 MiB, 15360 MiB, 20 %, 33.41 W
2026/09/29 14:47:00.406, 1065 MiB, 15360 MiB, 30 %, 31.14 W
2026/09/29 14:47:01.411, 1065 MiB, 15360 MiB, 30 %, 33.11 W
2026/09/29 14:47:02.416, 1065 MiB, 15360 MiB, 30 %, 33.21 W
2026/09/29 14:47:03.423, 1065 MiB, 15360 MiB, 28 %, 33.21 W
2026/09/29 14:47:04.428, 1065 MiB, 15360 MiB, 28 %, 30.27 W
2026/09/29 14:47:05.434, 1065 MiB, 15360 MiB, 28 %, 30.17 W
2026/09/29 14:47:06.442, 1065 MiB, 15360 MiB, 35 %, 33.80 W
2026/09/29 14:47:07.458, 1065 MiB, 15360 MiB, 30 %, 31.45 W
2026/09/29 14:47:08.463, 1065 MiB, 15360 MiB, 26 %, 30.47 W
2026/09/29 14:47:09.467, 1065 MiB, 15360 MiB, 30 %, 34.40 W
2026/09/29 14:47:10.475, 1065 MiB, 15360 MiB, 23 %, 30.47 W
2026/09/29 14:47:11.486, 1065 MiB, 15360 MiB, 21 %, 32.22 W
2026/09/29 14:47:12.495, 1065 MiB, 15360 MiB, 25 %, 30.38 W
2026/09/29 14:47:13.500, 1065 MiB, 15360 MiB, 29 %, 30.56 W
2026/09/29 14:47:14.506, 1065 MiB, 15360 MiB, 29 %, 36.07 W
2026/09/29 14:47:15.511, 1065 MiB, 15360 MiB, 28 %, 30.56 W
2026/09/29 14:47:16.516, 1065 MiB, 15360 MiB, 29 %, 32.52 W
2026/09/29 14:47:17.521, 1065 MiB, 15360 MiB, 30 %, 32.92 W
2026/09/29 14:47:18.526, 1065 MiB, 15360 MiB, 31 %, 30.37 W
2026/09/29 14:47:19.531, 1065 MiB, 15360 MiB, 30 %, 30.56 W
2026/09/29 14:47:20.536, 1065 MiB, 15360 MiB, 31 %, 34.57 W
2026/09/29 14:47:21.541, 1065 MiB, 15360 MiB, 30 %, 34.97 W
2026/09/29 14:47:22.550, 1065 MiB, 15360 MiB, 23 %, 31.55 W
2026/09/29 14:47:23.566, 1065 MiB, 15360 MiB, 24 %, 32.24 W
2026/09/29 14:47:24.577, 1065 MiB, 15360 MiB, 19 %, 30.17 W
2026/09/29 14:47:25.587, 1065 MiB, 15360 MiB, 28 %, 30.66 W
2026/09/29 14:47:26.592, 1065 MiB, 15360 MiB, 27 %, 31.45 W
2026/09/29 14:47:27.596, 1065 MiB, 15360 MiB, 27 %, 30.96 W
2026/09/29 14:47:28.601, 1065 MiB, 15360 MiB, 27 %, 31.26 W
2026/09/29 14:47:29.606, 1065 MiB, 15360 MiB, 27 %, 32.82 W
2026/09/29 14:47:30.613, 1065 MiB, 15360 MiB, 28 %, 30.66 W
2026/09/29 14:47:31.618, 1065 MiB, 15360 MiB, 29 %, 30.66 W
2026/09/29 14:47:32.623, 1065 MiB, 15360 MiB, 30 %, 30.66 W
2026/09/29 14:47:33.628, 1065 MiB, 15360 MiB, 30 %, 29.87 W
2026/09/29 14:47:34.634, 1065 MiB, 15360 MiB, 29 %, 30.56 W
2026/09/29 14:47:35.640, 1065 MiB, 15360 MiB, 23 %, 33.03 W
2026/09/29 14:47:36.652, 1065 MiB, 15360 MiB, 21 %, 30.86 W
2026/09/29 14:47:37.664, 1065 MiB, 15360 MiB, 31 %, 31.06 W
2026/09/29 14:47:38.668, 1065 MiB, 15360 MiB, 31 %, 31.06 W
2026/09/29 14:47:39.675, 1065 MiB, 15360 MiB, 31 %, 30.76 W
2026/09/29 14:47:40.679, 1065 MiB, 15360 MiB, 30 %, 30.56 W
2026/09/29 14:47:41.685, 1065 MiB, 15360 MiB, 31 %, 30.86 W
2026/09/29 14:47:42.690, 1065 MiB, 15360 MiB, 31 %, 30.76 W
2026/09/29 14:47:43.696, 1065 MiB, 15360 MiB, 29 %, 35.28 W
2026/09/29 14:47:44.701, 1065 MiB, 15360 MiB, 28 %, 30.58 W
2026/09/29 14:47:45.706, 1065 MiB, 15360 MiB, 30 %, 30.66 W
2026/09/29 14:47:46.711, 1065 MiB, 15360 MiB, 30 %, 30.66 W
2026/09/29 14:47:47.716, 1065 MiB, 15360 MiB, 21 %, 30.09 W
2026/09/29 14:47:48.732, 1065 MiB, 15360 MiB, 24 %, 31.45 W
2026/09/29 14:47:49.744, 1065 MiB, 15360 MiB, 19 %, 29.97 W
2026/09/29 14:47:50.752, 1065 MiB, 15360 MiB, 30 %, 30.66 W
2026/09/29 14:47:51.757, 1065 MiB, 15360 MiB, 30 %, 30.37 W
2026/09/29 14:47:52.762, 1065 MiB, 15360 MiB, 30 %, 32.34 W
2026/09/29 14:47:53.767, 1065 MiB, 15360 MiB, 29 %, 30.86 W
2026/09/29 14:47:54.772, 1065 MiB, 15360 MiB, 29 %, 30.76 W
2026/09/29 14:47:55.777, 1065 MiB, 15360 MiB, 30 %, 30.47 W
2026/09/29 14:47:56.783, 1065 MiB, 15360 MiB, 30 %, 30.66 W
2026/09/29 14:47:57.788, 1065 MiB, 15360 MiB, 30 %, 32.92 W
2026/09/29 14:47:58.793, 1065 MiB, 15360 MiB, 29 %, 34.99 W
2026/09/29 14:47:59.798, 1065 MiB, 15360 MiB, 28 %, 32.54 W
2026/09/29 14:48:00.804, 1065 MiB, 15360 MiB, 21 %, 30.86 W
2026/09/29 14:48:01.817, 1065 MiB, 15360 MiB, 20 %, 30.17 W
2026/09/29 14:48:02.833, 1065 MiB, 15360 MiB, 30 %, 33.11 W
2026/09/29 14:48:03.840, 1065 MiB, 15360 MiB, 30 %, 33.71 W
2026/09/29 14:48:04.852, 1065 MiB, 15360 MiB, 30 %, 30.76 W
2026/09/29 14:48:05.858, 1065 MiB, 15360 MiB, 29 %, 30.76 W
2026/09/29 14:48:06.863, 1065 MiB, 15360 MiB, 29 %, 31.06 W
2026/09/29 14:48:07.868, 1065 MiB, 15360 MiB, 30 %, 30.68 W
2026/09/29 14:48:08.873, 1065 MiB, 15360 MiB, 27 %, 31.35 W
2026/09/29 14:48:09.879, 1065 MiB, 15360 MiB, 30 %, 31.06 W
2026/09/29 14:48:10.886, 1065 MiB, 15360 MiB, 30 %, 31.65 W
2026/09/29 14:48:11.893, 1065 MiB, 15360 MiB, 31 %, 30.27 W
2026/09/29 14:48:12.898, 1065 MiB, 15360 MiB, 23 %, 32.52 W
2026/09/29 14:48:13.909, 1065 MiB, 15360 MiB, 22 %, 30.17 W
2026/09/29 14:48:14.920, 1065 MiB, 15360 MiB, 17 %, 30.07 W
2026/09/29 14:48:15.932, 1065 MiB, 15360 MiB, 30 %, 30.76 W
2026/09/29 14:48:16.937, 1065 MiB, 15360 MiB, 30 %, 32.84 W
2026/09/29 14:48:17.942, 1065 MiB, 15360 MiB, 30 %, 31.93 W
2026/09/29 14:48:18.947, 1065 MiB, 15360 MiB, 30 %, 34.85 W
2026/09/29 14:48:19.952, 1065 MiB, 15360 MiB, 30 %, 35.09 W
2026/09/29 14:48:20.957, 1065 MiB, 15360 MiB, 29 %, 36.07 W
2026/09/29 14:48:21.964, 1065 MiB, 15360 MiB, 30 %, 34.67 W
2026/09/29 14:48:22.969, 1065 MiB, 15360 MiB, 31 %, 31.16 W
2026/09/29 14:48:23.974, 1065 MiB, 15360 MiB, 30 %, 31.45 W
2026/09/29 14:48:24.979, 1065 MiB, 15360 MiB, 29 %, 30.68 W
2026/09/29 14:48:25.985, 1065 MiB, 15360 MiB, 23 %, 30.47 W
2026/09/29 14:48:26.994, 1065 MiB, 15360 MiB, 20 %, 30.09 W
2026/09/29 14:48:28.011, 1065 MiB, 15360 MiB, 24 %, 32.05 W
2026/09/29 14:48:29.016, 1065 MiB, 15360 MiB, 25 %, 31.73 W
2026/09/29 14:48:30.021, 1065 MiB, 15360 MiB, 28 %, 31.26 W
2026/09/29 14:48:31.026, 1065 MiB, 15360 MiB, 27 %, 31.06 W
2026/09/29 14:48:32.030, 1065 MiB, 15360 MiB, 28 %, 31.65 W
2026/09/29 14:48:33.037, 1065 MiB, 15360 MiB, 29 %, 31.45 W
2026/09/29 14:48:34.042, 1065 MiB, 15360 MiB, 30 %, 30.96 W
2026/09/29 14:48:35.047, 1065 MiB, 15360 MiB, 29 %, 30.17 W
2026/09/29 14:48:36.052, 1065 MiB, 15360 MiB, 30 %, 32.32 W
2026/09/29 14:48:37.057, 1065 MiB, 15360 MiB, 30 %, 31.85 W
2026/09/29 14:48:38.063, 1065 MiB, 15360 MiB, 20 %, 30.17 W
2026/09/29 14:48:39.074, 1065 MiB, 15360 MiB, 23 %, 30.17 W
2026/09/29 14:48:40.086, 1065 MiB, 15360 MiB, 19 %, 29.99 W
2026/09/29 14:48:41.100, 1065 MiB, 15360 MiB, 29 %, 30.56 W
2026/09/29 14:48:42.105, 1065 MiB, 15360 MiB, 30 %, 30.47 W
2026/09/29 14:48:43.110, 1065 MiB, 15360 MiB, 31 %, 32.54 W
2026/09/29 14:48:44.115, 1065 MiB, 15360 MiB, 31 %, 31.06 W
2026/09/29 14:48:45.124, 1065 MiB, 15360 MiB, 28 %, 34.89 W
2026/09/29 14:48:46.129, 1065 MiB, 15360 MiB, 31 %, 32.14 W
2026/09/29 14:48:47.134, 1065 MiB, 15360 MiB, 31 %, 31.75 W
2026/09/29 14:48:48.140, 1065 MiB, 15360 MiB, 31 %, 33.31 W
2026/09/29 14:48:49.146, 1065 MiB, 15360 MiB, 30 %, 31.45 W
2026/09/29 14:48:50.151, 1065 MiB, 15360 MiB, 30 %, 30.96 W
2026/09/29 14:48:51.157, 1065 MiB, 15360 MiB, 24 %, 30.76 W
2026/09/29 14:48:52.170, 1065 MiB, 15360 MiB, 22 %, 30.07 W
2026/09/29 14:48:53.178, 1065 MiB, 15360 MiB, 31 %, 31.83 W
2026/09/29 14:48:54.183, 1065 MiB, 15360 MiB, 30 %, 30.47 W
2026/09/29 14:48:55.189, 1065 MiB, 15360 MiB, 29 %, 36.17 W
2026/09/29 14:48:56.194, 1065 MiB, 15360 MiB, 30 %, 32.54 W
2026/09/29 14:48:57.199, 1065 MiB, 15360 MiB, 30 %, 31.16 W
2026/09/29 14:48:58.204, 1065 MiB, 15360 MiB, 29 %, 30.47 W
2026/09/29 14:48:59.209, 1065 MiB, 15360 MiB, 28 %, 30.76 W
2026/09/29 14:49:00.216, 1065 MiB, 15360 MiB, 27 %, 34.49 W
2026/09/29 14:49:01.223, 1065 MiB, 15360 MiB, 28 %, 33.03 W
2026/09/29 14:49:02.228, 1065 MiB, 15360 MiB, 29 %, 31.55 W
2026/09/29 14:49:03.234, 1065 MiB, 15360 MiB, 19 %, 30.27 W
2026/09/29 14:49:04.248, 1065 MiB, 15360 MiB, 23 %, 31.85 W
2026/09/29 14:49:05.263, 1065 MiB, 15360 MiB, 21 %, 34.10 W
2026/09/29 14:49:06.276, 1065 MiB, 15360 MiB, 29 %, 31.06 W
2026/09/29 14:49:07.285, 1065 MiB, 15360 MiB, 30 %, 31.26 W
2026/09/29 14:49:08.289, 1065 MiB, 15360 MiB, 29 %, 30.66 W
2026/09/29 14:49:09.295, 1065 MiB, 15360 MiB, 30 %, 32.24 W
2026/09/29 14:49:10.301, 1065 MiB, 15360 MiB, 30 %, 31.45 W
2026/09/29 14:49:11.306, 1065 MiB, 15360 MiB, 30 %, 33.71 W
2026/09/29 14:49:12.311, 1065 MiB, 15360 MiB, 29 %, 31.06 W
2026/09/29 14:49:13.316, 1065 MiB, 15360 MiB, 29 %, 31.35 W
2026/09/29 14:49:14.321, 1065 MiB, 15360 MiB, 29 %, 30.96 W
2026/09/29 14:49:15.326, 1065 MiB, 15360 MiB, 28 %, 30.07 W
2026/09/29 14:49:16.332, 1065 MiB, 15360 MiB, 22 %, 30.38 W
2026/09/29 14:49:17.342, 1065 MiB, 15360 MiB, 22 %, 30.56 W
2026/09/29 14:49:18.352, 1065 MiB, 15360 MiB, 22 %, 30.56 W
2026/09/29 14:49:19.357, 1065 MiB, 15360 MiB, 30 %, 30.96 W
2026/09/29 14:49:20.363, 1065 MiB, 15360 MiB, 35 %, 30.96 W
2026/09/29 14:49:21.368, 1065 MiB, 15360 MiB, 29 %, 30.37 W
2026/09/29 14:49:22.374, 1065 MiB, 15360 MiB, 29 %, 30.47 W
2026/09/29 14:49:23.379, 1065 MiB, 15360 MiB, 29 %, 34.69 W
2026/09/29 14:49:24.384, 1065 MiB, 15360 MiB, 29 %, 33.71 W
2026/09/29 14:49:25.389, 1065 MiB, 15360 MiB, 29 %, 30.56 W
2026/09/29 14:49:26.394, 1065 MiB, 15360 MiB, 27 %, 30.66 W
2026/09/29 14:49:27.399, 1065 MiB, 15360 MiB, 27 %, 31.06 W
2026/09/29 14:49:28.405, 1065 MiB, 15360 MiB, 21 %, 30.27 W
2026/09/29 14:49:29.416, 1065 MiB, 15360 MiB, 20 %, 35.78 W
2026/09/29 14:49:30.429, 1065 MiB, 15360 MiB, 18 %, 29.97 W
2026/09/29 14:49:31.443, 1065 MiB, 15360 MiB, 28 %, 30.96 W
2026/09/29 14:49:32.448, 1065 MiB, 15360 MiB, 33 %, 30.96 W
2026/09/29 14:49:33.453, 1065 MiB, 15360 MiB, 28 %, 35.38 W
2026/09/29 14:49:34.458, 1065 MiB, 15360 MiB, 27 %, 32.72 W
2026/09/29 14:49:35.464, 1065 MiB, 15360 MiB, 29 %, 30.47 W
2026/09/29 14:49:36.470, 1065 MiB, 15360 MiB, 30 %, 30.27 W
2026/09/29 14:49:37.481, 1065 MiB, 15360 MiB, 31 %, 31.63 W
2026/09/29 14:49:38.490, 1065 MiB, 15360 MiB, 30 %, 31.16 W
2026/09/29 14:49:39.495, 1065 MiB, 15360 MiB, 30 %, 30.86 W
2026/09/29 14:49:40.500, 1065 MiB, 15360 MiB, 30 %, 30.66 W
2026/09/29 14:49:41.505, 1065 MiB, 15360 MiB, 23 %, 30.27 W
2026/09/29 14:49:42.518, 1065 MiB, 15360 MiB, 20 %, 33.03 W
2026/09/29 14:49:43.528, 1065 MiB, 15360 MiB, 29 %, 31.26 W
2026/09/29 14:49:44.532, 1065 MiB, 15360 MiB, 30 %, 30.76 W
2026/09/29 14:49:45.538, 1065 MiB, 15360 MiB, 29 %, 31.55 W
2026/09/29 14:49:46.543, 1065 MiB, 15360 MiB, 28 %, 32.62 W
2026/09/29 14:49:47.549, 1065 MiB, 15360 MiB, 30 %, 31.75 W
2026/09/29 14:49:48.554, 1065 MiB, 15360 MiB, 30 %, 33.31 W
2026/09/29 14:49:49.559, 1065 MiB, 15360 MiB, 30 %, 31.95 W
2026/09/29 14:49:50.564, 1065 MiB, 15360 MiB, 29 %, 33.21 W
2026/09/29 14:49:51.569, 1065 MiB, 15360 MiB, 29 %, 32.42 W
2026/09/29 14:49:52.574, 1065 MiB, 15360 MiB, 30 %, 31.55 W
2026/09/29 14:49:53.580, 1065 MiB, 15360 MiB, 20 %, 32.52 W
2026/09/29 14:49:54.594, 1065 MiB, 15360 MiB, 23 %, 30.68 W
2026/09/29 14:49:55.608, 1065 MiB, 15360 MiB, 21 %, 29.97 W
2026/09/29 14:49:56.618, 1065 MiB, 15360 MiB, 29 %, 30.86 W
2026/09/29 14:49:57.629, 1065 MiB, 15360 MiB, 28 %, 30.66 W
2026/09/29 14:49:58.634, 1065 MiB, 15360 MiB, 26 %, 30.96 W
2026/09/29 14:49:59.639, 1065 MiB, 15360 MiB, 28 %, 30.47 W
2026/09/29 14:50:00.645, 1065 MiB, 15360 MiB, 28 %, 31.06 W
2026/09/29 14:50:01.651, 1065 MiB, 15360 MiB, 27 %, 30.76 W
2026/09/29 14:50:02.656, 1065 MiB, 15360 MiB, 28 %, 30.47 W
2026/09/29 14:50:03.661, 1065 MiB, 15360 MiB, 27 %, 30.96 W
2026/09/29 14:50:04.667, 1065 MiB, 15360 MiB, 30 %, 30.56 W
2026/09/29 14:50:05.672, 1065 MiB, 15360 MiB, 30 %, 31.35 W
2026/09/29 14:50:06.678, 1065 MiB, 15360 MiB, 23 %, 30.86 W
2026/09/29 14:50:07.688, 1065 MiB, 15360 MiB, 21 %, 30.17 W
2026/09/29 14:50:08.700, 1065 MiB, 15360 MiB, 29 %, 31.65 W
2026/09/29 14:50:09.705, 1065 MiB, 15360 MiB, 29 %, 31.35 W
2026/09/29 14:50:10.710, 1065 MiB, 15360 MiB, 30 %, 31.35 W
2026/09/29 14:50:11.715, 1065 MiB, 15360 MiB, 30 %, 30.96 W
2026/09/29 14:50:12.720, 1065 MiB, 15360 MiB, 30 %, 30.86 W
2026/09/29 14:50:13.725, 1065 MiB, 15360 MiB, 30 %, 30.96 W
2026/09/29 14:50:14.730, 1065 MiB, 15360 MiB, 30 %, 31.16 W
2026/09/29 14:50:15.735, 1065 MiB, 15360 MiB, 29 %, 33.41 W
2026/09/29 14:50:16.740, 1065 MiB, 15360 MiB, 28 %, 33.71 W
2026/09/29 14:50:17.745, 1065 MiB, 15360 MiB, 30 %, 32.82 W
2026/09/29 14:50:18.751, 1065 MiB, 15360 MiB, 20 %, 30.07 W
2026/09/29 14:50:19.770, 1065 MiB, 15360 MiB, 24 %, 30.47 W
2026/09/29 14:50:20.780, 1065 MiB, 15360 MiB, 18 %, 30.86 W
2026/09/29 14:50:21.790, 1065 MiB, 15360 MiB, 30 %, 31.55 W
2026/09/29 14:50:22.795, 1065 MiB, 15360 MiB, 30 %, 31.35 W
2026/09/29 14:50:23.800, 1065 MiB, 15360 MiB, 31 %, 31.65 W
2026/09/29 14:50:24.805, 1065 MiB, 15360 MiB, 31 %, 31.43 W
2026/09/29 14:50:25.810, 1065 MiB, 15360 MiB, 30 %, 31.83 W
2026/09/29 14:50:26.815, 1065 MiB, 15360 MiB, 29 %, 35.09 W
2026/09/29 14:50:27.820, 1065 MiB, 15360 MiB, 29 %, 30.76 W
2026/09/29 14:50:28.826, 1065 MiB, 15360 MiB, 25 %, 31.55 W
2026/09/29 14:50:29.831, 1065 MiB, 15360 MiB, 31 %, 31.55 W
2026/09/29 14:50:30.836, 1065 MiB, 15360 MiB, 29 %, 31.85 W
2026/09/29 14:50:31.842, 1065 MiB, 15360 MiB, 23 %, 30.37 W
2026/09/29 14:50:32.852, 1065 MiB, 15360 MiB, 18 %, 30.27 W
2026/09/29 14:50:33.863, 1065 MiB, 15360 MiB, 28 %, 33.90 W
2026/09/29 14:50:34.868, 1065 MiB, 15360 MiB, 28 %, 33.21 W
2026/09/29 14:50:35.874, 1065 MiB, 15360 MiB, 28 %, 31.83 W
2026/09/29 14:50:36.879, 1065 MiB, 15360 MiB, 30 %, 32.62 W
2026/09/29 14:50:37.885, 1065 MiB, 15360 MiB, 31 %, 31.17 W
2026/09/29 14:50:38.891, 1065 MiB, 15360 MiB, 30 %, 30.96 W
2026/09/29 14:50:39.898, 1065 MiB, 15360 MiB, 30 %, 30.37 W
2026/09/29 14:50:40.906, 1065 MiB, 15360 MiB, 30 %, 30.98 W
2026/09/29 14:50:41.911, 1065 MiB, 15360 MiB, 31 %, 30.56 W
2026/09/29 14:50:42.917, 1065 MiB, 15360 MiB, 31 %, 32.54 W
2026/09/29 14:50:43.927, 1065 MiB, 15360 MiB, 23 %, 30.37 W
2026/09/29 14:50:44.940, 1065 MiB, 15360 MiB, 23 %, 32.44 W
2026/09/29 14:50:45.950, 1065 MiB, 15360 MiB, 20 %, 30.09 W
2026/09/29 14:50:46.962, 1065 MiB, 15360 MiB, 29 %, 31.06 W
2026/09/29 14:50:47.967, 1065 MiB, 15360 MiB, 29 %, 31.35 W
2026/09/29 14:50:48.972, 1065 MiB, 15360 MiB, 30 %, 32.92 W
2026/09/29 14:50:49.977, 1065 MiB, 15360 MiB, 29 %, 30.56 W
2026/09/29 14:50:50.981, 1065 MiB, 15360 MiB, 29 %, 30.66 W
2026/09/29 14:50:51.987, 1065 MiB, 15360 MiB, 30 %, 31.26 W
2026/09/29 14:50:52.991, 1065 MiB, 15360 MiB, 30 %, 31.35 W
2026/09/29 14:50:54.001, 1065 MiB, 15360 MiB, 30 %, 30.66 W
2026/09/29 14:50:55.006, 1065 MiB, 15360 MiB, 29 %, 31.35 W
2026/09/29 14:50:56.011, 1065 MiB, 15360 MiB, 30 %, 31.16 W
2026/09/29 14:50:57.017, 1065 MiB, 15360 MiB, 24 %, 31.35 W
2026/09/29 14:50:58.030, 1065 MiB, 15360 MiB, 21 %, 29.97 W
2026/09/29 14:50:59.045, 1065 MiB, 15360 MiB, 29 %, 30.37 W
2026/09/29 14:51:00.050, 1065 MiB, 15360 MiB, 27 %, 30.96 W
2026/09/29 14:51:01.055, 1065 MiB, 15360 MiB, 29 %, 31.65 W
2026/09/29 14:51:02.060, 1065 MiB, 15360 MiB, 29 %, 31.26 W
2026/09/29 14:51:03.067, 1065 MiB, 15360 MiB, 28 %, 30.76 W
2026/09/29 14:51:04.072, 1065 MiB, 15360 MiB, 30 %, 32.52 W
2026/09/29 14:51:05.077, 1065 MiB, 15360 MiB, 29 %, 31.65 W
2026/09/29 14:51:06.082, 1065 MiB, 15360 MiB, 29 %, 31.06 W
2026/09/29 14:51:07.087, 1065 MiB, 15360 MiB, 28 %, 30.96 W
2026/09/29 14:51:08.091, 1065 MiB, 15360 MiB, 27 %, 30.66 W
2026/09/29 14:51:09.098, 1065 MiB, 15360 MiB, 22 %, 30.37 W
2026/09/29 14:51:10.112, 1065 MiB, 15360 MiB, 23 %, 30.37 W
2026/09/29 14:51:11.127, 1065 MiB, 15360 MiB, 19 %, 30.27 W
2026/09/29 14:51:12.134, 1065 MiB, 15360 MiB, 31 %, 30.66 W
2026/09/29 14:51:13.141, 1065 MiB, 15360 MiB, 31 %, 33.90 W
2026/09/29 14:51:14.147, 1065 MiB, 15360 MiB, 31 %, 30.37 W
2026/09/29 14:51:15.152, 1065 MiB, 15360 MiB, 35 %, 30.96 W
2026/09/29 14:51:16.157, 1065 MiB, 15360 MiB, 30 %, 33.51 W
2026/09/29 14:51:17.162, 1065 MiB, 15360 MiB, 30 %, 31.06 W
2026/09/29 14:51:18.167, 1065 MiB, 15360 MiB, 30 %, 31.06 W
2026/09/29 14:51:19.172, 1065 MiB, 15360 MiB, 30 %, 30.66 W
2026/09/29 14:51:20.177, 1065 MiB, 15360 MiB, 30 %, 34.89 W
2026/09/29 14:51:21.182, 1065 MiB, 15360 MiB, 30 %, 34.40 W
2026/09/29 14:51:22.188, 1065 MiB, 15360 MiB, 24 %, 30.37 W
2026/09/29 14:51:23.201, 1065 MiB, 15360 MiB, 20 %, 30.38 W
2026/09/29 14:51:24.210, 1065 MiB, 15360 MiB, 29 %, 35.38 W
2026/09/29 14:51:25.216, 1065 MiB, 15360 MiB, 30 %, 31.65 W
2026/09/29 14:51:26.220, 1065 MiB, 15360 MiB, 31 %, 30.37 W
2026/09/29 14:51:27.225, 1065 MiB, 15360 MiB, 30 %, 34.69 W
2026/09/29 14:51:28.230, 1065 MiB, 15360 MiB, 30 %, 32.44 W
2026/09/29 14:51:29.235, 1065 MiB, 15360 MiB, 30 %, 33.03 W
2026/09/29 14:51:30.242, 1065 MiB, 15360 MiB, 30 %, 30.47 W
2026/09/29 14:51:31.247, 1065 MiB, 15360 MiB, 30 %, 30.78 W
2026/09/29 14:51:32.252, 1065 MiB, 15360 MiB, 31 %, 31.35 W
2026/09/29 14:51:33.257, 1065 MiB, 15360 MiB, 29 %, 30.96 W
2026/09/29 14:51:34.263, 1065 MiB, 15360 MiB, 18 %, 34.38 W
2026/09/29 14:51:35.281, 1065 MiB, 15360 MiB, 22 %, 30.17 W
2026/09/29 14:51:36.291, 1065 MiB, 15360 MiB, 20 %, 30.07 W
2026/09/29 14:51:37.304, 1065 MiB, 15360 MiB, 29 %, 31.16 W
2026/09/29 14:51:38.309, 1065 MiB, 15360 MiB, 30 %, 30.56 W
2026/09/29 14:51:39.314, 1065 MiB, 15360 MiB, 30 %, 30.37 W
2026/09/29 14:51:40.319, 1065 MiB, 15360 MiB, 30 %, 29.97 W
2026/09/29 14:51:41.325, 1065 MiB, 15360 MiB, 30 %, 35.09 W
2026/09/29 14:51:42.333, 1065 MiB, 15360 MiB, 30 %, 34.28 W
2026/09/29 14:51:43.338, 1065 MiB, 15360 MiB, 31 %, 32.64 W
2026/09/29 14:51:44.345, 1065 MiB, 15360 MiB, 29 %, 35.28 W
2026/09/29 14:51:45.350, 1065 MiB, 15360 MiB, 29 %, 30.96 W
2026/09/29 14:51:46.355, 1065 MiB, 15360 MiB, 30 %, 30.76 W
2026/09/29 14:51:47.361, 1065 MiB, 15360 MiB, 23 %, 31.43 W
2026/09/29 14:51:48.381, 1065 MiB, 15360 MiB, 21 %, 29.97 W
2026/09/29 14:51:49.395, 1065 MiB, 15360 MiB, 20 %, 30.76 W
2026/09/29 14:51:50.400, 1065 MiB, 15360 MiB, 31 %, 30.56 W
2026/09/29 14:51:51.407, 1065 MiB, 15360 MiB, 31 %, 31.75 W
2026/09/29 14:51:52.412, 1065 MiB, 15360 MiB, 31 %, 30.86 W
2026/09/29 14:51:53.417, 1065 MiB, 15360 MiB, 31 %, 33.72 W
2026/09/29 14:51:54.422, 1065 MiB, 15360 MiB, 30 %, 31.85 W
2026/09/29 14:51:55.427, 1065 MiB, 15360 MiB, 30 %, 31.45 W
2026/09/29 14:51:56.432, 1065 MiB, 15360 MiB, 30 %, 30.47 W
2026/09/29 14:51:57.437, 1065 MiB, 15360 MiB, 30 %, 30.86 W
2026/09/29 14:51:58.442, 1065 MiB, 15360 MiB, 30 %, 31.16 W
2026/09/29 14:51:59.448, 1065 MiB, 15360 MiB, 20 %, 30.47 W
2026/09/29 14:52:00.461, 1065 MiB, 15360 MiB, 22 %, 30.17 W
2026/09/29 14:52:01.472, 1065 MiB, 15360 MiB, 23 %, 29.79 W
2026/09/29 14:52:02.485, 1065 MiB, 15360 MiB, 29 %, 31.06 W
2026/09/29 14:52:03.490, 1065 MiB, 15360 MiB, 27 %, 33.90 W
2026/09/29 14:52:04.495, 1065 MiB, 15360 MiB, 28 %, 30.66 W
2026/09/29 14:52:05.500, 1065 MiB, 15360 MiB, 28 %, 30.96 W
2026/09/29 14:52:06.505, 1065 MiB, 15360 MiB, 29 %, 30.47 W
2026/09/29 14:52:07.510, 1065 MiB, 15360 MiB, 29 %, 31.16 W
2026/09/29 14:52:08.515, 1065 MiB, 15360 MiB, 28 %, 30.66 W
2026/09/29 14:52:09.521, 1065 MiB, 15360 MiB, 30 %, 30.17 W
2026/09/29 14:52:10.528, 1065 MiB, 15360 MiB, 31 %, 30.56 W
2026/09/29 14:52:11.534, 1065 MiB, 15360 MiB, 31 %, 30.96 W
2026/09/29 14:52:12.539, 1065 MiB, 15360 MiB, 24 %, 30.27 W
2026/09/29 14:52:13.549, 1065 MiB, 15360 MiB, 27 %, 33.31 W
2026/09/29 14:52:14.562, 1065 MiB, 15360 MiB, 23 %, 30.76 W
2026/09/29 14:52:15.568, 1065 MiB, 15360 MiB, 31 %, 31.53 W
2026/09/29 14:52:16.573, 1065 MiB, 15360 MiB, 33 %, 30.96 W
2026/09/29 14:52:17.579, 1065 MiB, 15360 MiB, 33 %, 34.20 W
2026/09/29 14:52:18.584, 1065 MiB, 15360 MiB, 33 %, 31.65 W
2026/09/29 14:52:19.591, 1065 MiB, 15360 MiB, 33 %, 31.16 W
2026/09/29 14:52:20.596, 1065 MiB, 15360 MiB, 33 %, 32.22 W
2026/09/29 14:52:21.601, 1065 MiB, 15360 MiB, 32 %, 31.26 W
2026/09/29 14:52:22.606, 1065 MiB, 15360 MiB, 33 %, 34.49 W
2026/09/29 14:52:23.611, 1065 MiB, 15360 MiB, 33 %, 31.55 W
2026/09/29 14:52:24.617, 1065 MiB, 15360 MiB, 27 %, 33.21 W
2026/09/29 14:52:25.628, 1065 MiB, 15360 MiB, 25 %, 30.66 W
2026/09/29 14:52:26.636, 1065 MiB, 15360 MiB, 25 %, 30.86 W
2026/09/29 14:52:27.648, 1065 MiB, 15360 MiB, 34 %, 31.45 W
2026/09/29 14:52:28.653, 1065 MiB, 15360 MiB, 34 %, 34.10 W
2026/09/29 14:52:29.658, 1065 MiB, 15360 MiB, 33 %, 31.45 W
2026/09/29 14:52:30.663, 1065 MiB, 15360 MiB, 33 %, 30.88 W
2026/09/29 14:52:31.668, 1065 MiB, 15360 MiB, 29 %, 35.28 W
2026/09/29 14:52:32.673, 1065 MiB, 15360 MiB, 32 %, 32.62 W
2026/09/29 14:52:33.678, 1065 MiB, 15360 MiB, 30 %, 31.45 W
2026/09/29 14:52:34.683, 1065 MiB, 15360 MiB, 31 %, 35.19 W
2026/09/29 14:52:35.688, 1065 MiB, 15360 MiB, 30 %, 32.14 W
2026/09/29 14:52:36.695, 1065 MiB, 15360 MiB, 30 %, 32.74 W
2026/09/29 14:52:37.701, 1065 MiB, 15360 MiB, 24 %, 32.32 W
2026/09/29 14:52:38.715, 1065 MiB, 15360 MiB, 25 %, 30.86 W
2026/09/29 14:52:39.726, 1065 MiB, 15360 MiB, 21 %, 31.06 W
2026/09/29 14:52:40.733, 1065 MiB, 15360 MiB, 33 %, 32.22 W
2026/09/29 14:52:41.738, 1065 MiB, 15360 MiB, 33 %, 30.56 W
2026/09/29 14:52:42.744, 1065 MiB, 15360 MiB, 33 %, 30.56 W
2026/09/29 14:52:43.750, 1065 MiB, 15360 MiB, 34 %, 31.26 W
2026/09/29 14:52:44.763, 1065 MiB, 15360 MiB, 32 %, 33.59 W
2026/09/29 14:52:45.768, 1065 MiB, 15360 MiB, 32 %, 31.95 W
2026/09/29 14:52:46.773, 1065 MiB, 15360 MiB, 32 %, 32.52 W
2026/09/29 14:52:47.778, 1065 MiB, 15360 MiB, 33 %, 31.26 W
2026/09/29 14:52:48.783, 1065 MiB, 15360 MiB, 32 %, 33.39 W
2026/09/29 14:52:49.788, 1065 MiB, 15360 MiB, 22 %, 30.27 W
2026/09/29 14:52:50.799, 1065 MiB, 15360 MiB, 26 %, 30.66 W
2026/09/29 14:52:51.816, 1065 MiB, 15360 MiB, 25 %, 36.35 W
2026/09/29 14:52:52.823, 1065 MiB, 15360 MiB, 32 %, 32.52 W
2026/09/29 14:52:53.830, 1065 MiB, 15360 MiB, 31 %, 30.96 W
2026/09/29 14:52:54.835, 1065 MiB, 15360 MiB, 32 %, 31.24 W
2026/09/29 14:52:55.840, 1065 MiB, 15360 MiB, 31 %, 31.43 W
2026/09/29 14:52:56.845, 1065 MiB, 15360 MiB, 36 %, 31.06 W
2026/09/29 14:52:57.850, 1065 MiB, 15360 MiB, 32 %, 30.58 W
2026/09/29 14:52:58.855, 1065 MiB, 15360 MiB, 33 %, 31.55 W
2026/09/29 14:52:59.860, 1065 MiB, 15360 MiB, 33 %, 32.03 W
2026/09/29 14:53:00.865, 1065 MiB, 15360 MiB, 34 %, 33.03 W
2026/09/29 14:53:01.870, 1065 MiB, 15360 MiB, 33 %, 33.33 W
2026/09/29 14:53:02.877, 1065 MiB, 15360 MiB, 25 %, 31.35 W
2026/09/29 14:53:03.892, 1065 MiB, 15360 MiB, 23 %, 30.86 W
2026/09/29 14:53:04.906, 1065 MiB, 15360 MiB, 19 %, 33.01 W
2026/09/29 14:53:05.911, 1065 MiB, 15360 MiB, 30 %, 31.55 W
2026/09/29 14:53:06.916, 1065 MiB, 15360 MiB, 30 %, 31.73 W
2026/09/29 14:53:07.921, 1065 MiB, 15360 MiB, 31 %, 35.07 W
2026/09/29 14:53:08.926, 1065 MiB, 15360 MiB, 30 %, 31.45 W
2026/09/29 14:53:09.930, 1065 MiB, 15360 MiB, 32 %, 33.59 W
2026/09/29 14:53:10.937, 1065 MiB, 15360 MiB, 33 %, 31.16 W
2026/09/29 14:53:11.943, 1065 MiB, 15360 MiB, 32 %, 30.47 W
2026/09/29 14:53:12.948, 1065 MiB, 15360 MiB, 33 %, 31.26 W
2026/09/29 14:53:13.953, 1065 MiB, 15360 MiB, 33 %, 32.03 W
2026/09/29 14:53:14.962, 1065 MiB, 15360 MiB, 31 %, 29.99 W
2026/09/29 14:53:15.974, 1065 MiB, 15360 MiB, 23 %, 31.65 W
2026/09/29 14:53:16.984, 1065 MiB, 15360 MiB, 23 %, 30.96 W
2026/09/29 14:53:17.993, 1065 MiB, 15360 MiB, 32 %, 30.76 W
2026/09/29 14:53:18.999, 1065 MiB, 15360 MiB, 33 %, 33.82 W
2026/09/29 14:53:20.003, 1065 MiB, 15360 MiB, 34 %, 30.96 W
2026/09/29 14:53:21.010, 1065 MiB, 15360 MiB, 34 %, 31.16 W
2026/09/29 14:53:22.015, 1065 MiB, 15360 MiB, 33 %, 31.55 W
2026/09/29 14:53:23.020, 1065 MiB, 15360 MiB, 33 %, 33.01 W
2026/09/29 14:53:24.025, 1065 MiB, 15360 MiB, 33 %, 31.35 W
2026/09/29 14:53:25.030, 1065 MiB, 15360 MiB, 34 %, 32.92 W
2026/09/29 14:53:26.035, 1065 MiB, 15360 MiB, 34 %, 31.35 W
2026/09/29 14:53:27.040, 1065 MiB, 15360 MiB, 33 %, 34.00 W
2026/09/29 14:53:28.046, 1065 MiB, 15360 MiB, 25 %, 30.66 W
2026/09/29 14:53:29.061, 1065 MiB, 15360 MiB, 26 %, 30.27 W
2026/09/29 14:53:30.071, 1065 MiB, 15360 MiB, 19 %, 30.07 W
2026/09/29 14:53:31.077, 1065 MiB, 15360 MiB, 30 %, 30.96 W
2026/09/29 14:53:32.083, 1065 MiB, 15360 MiB, 29 %, 32.84 W
2026/09/29 14:53:33.088, 1065 MiB, 15360 MiB, 30 %, 31.35 W
2026/09/29 14:53:34.093, 1065 MiB, 15360 MiB, 30 %, 33.53 W
2026/09/29 14:53:35.099, 1065 MiB, 15360 MiB, 32 %, 31.26 W
2026/09/29 14:53:36.104, 1065 MiB, 15360 MiB, 31 %, 34.00 W
2026/09/29 14:53:37.111, 1065 MiB, 15360 MiB, 31 %, 31.43 W
2026/09/29 14:53:38.116, 1065 MiB, 15360 MiB, 28 %, 31.83 W
2026/09/29 14:53:39.122, 1065 MiB, 15360 MiB, 30 %, 31.26 W
2026/09/29 14:53:40.127, 1065 MiB, 15360 MiB, 26 %, 30.37 W
2026/09/29 14:53:41.134, 1065 MiB, 15360 MiB, 24 %, 30.66 W
2026/09/29 14:53:42.144, 1065 MiB, 15360 MiB, 24 %, 32.03 W
2026/09/29 14:53:43.156, 1065 MiB, 15360 MiB, 32 %, 33.01 W
2026/09/29 14:53:44.162, 1065 MiB, 15360 MiB, 32 %, 31.16 W
2026/09/29 14:53:45.177, 1065 MiB, 15360 MiB, 32 %, 30.98 W
2026/09/29 14:53:46.183, 1065 MiB, 15360 MiB, 32 %, 33.90 W
2026/09/29 14:53:47.189, 1065 MiB, 15360 MiB, 32 %, 31.55 W
2026/09/29 14:53:48.194, 1065 MiB, 15360 MiB, 31 %, 32.03 W
2026/09/29 14:53:49.199, 1065 MiB, 15360 MiB, 33 %, 31.95 W
2026/09/29 14:53:50.204, 1065 MiB, 15360 MiB, 32 %, 31.35 W
2026/09/29 14:53:51.209, 1065 MiB, 15360 MiB, 33 %, 34.69 W
2026/09/29 14:53:52.216, 1065 MiB, 15360 MiB, 34 %, 31.34 W
2026/09/29 14:53:53.222, 1065 MiB, 15360 MiB, 25 %, 30.56 W
2026/09/29 14:53:54.232, 1065 MiB, 15360 MiB, 24 %, 34.10 W
2026/09/29 14:53:55.245, 1065 MiB, 15360 MiB, 21 %, 31.35 W
2026/09/29 14:53:56.251, 1065 MiB, 15360 MiB, 38 %, 33.11 W
2026/09/29 14:53:57.256, 1065 MiB, 15360 MiB, 32 %, 30.96 W
2026/09/29 14:53:58.261, 1065 MiB, 15360 MiB, 32 %, 33.01 W
2026/09/29 14:53:59.266, 1065 MiB, 15360 MiB, 32 %, 31.06 W
2026/09/29 14:54:00.270, 1065 MiB, 15360 MiB, 33 %, 32.44 W
2026/09/29 14:54:01.276, 1065 MiB, 15360 MiB, 32 %, 31.45 W
2026/09/29 14:54:02.282, 1065 MiB, 15360 MiB, 30 %, 30.37 W
2026/09/29 14:54:03.286, 1065 MiB, 15360 MiB, 32 %, 31.06 W
2026/09/29 14:54:04.291, 1065 MiB, 15360 MiB, 32 %, 31.95 W
2026/09/29 14:54:05.299, 1065 MiB, 15360 MiB, 28 %, 29.89 W
2026/09/29 14:54:06.310, 1065 MiB, 15360 MiB, 24 %, 30.27 W
2026/09/29 14:54:07.322, 1065 MiB, 15360 MiB, 22 %, 30.66 W
2026/09/29 14:54:08.331, 1065 MiB, 15360 MiB, 31 %, 31.16 W
2026/09/29 14:54:09.336, 1065 MiB, 15360 MiB, 33 %, 32.05 W
2026/09/29 14:54:10.341, 1065 MiB, 15360 MiB, 32 %, 30.86 W
2026/09/29 14:54:11.347, 1065 MiB, 15360 MiB, 34 %, 32.13 W
2026/09/29 14:54:12.352, 1065 MiB, 15360 MiB, 33 %, 32.14 W
2026/09/29 14:54:13.358, 1065 MiB, 15360 MiB, 33 %, 30.66 W
2026/09/29 14:54:14.373, 1065 MiB, 15360 MiB, 33 %, 33.63 W
2026/09/29 14:54:15.384, 1065 MiB, 15360 MiB, 38 %, 33.21 W
2026/09/29 14:54:16.392, 1065 MiB, 15360 MiB, 32 %, 32.72 W
2026/09/29 14:54:17.397, 1065 MiB, 15360 MiB, 33 %, 31.35 W
2026/09/29 14:54:18.403, 1065 MiB, 15360 MiB, 24 %, 31.16 W
2026/09/29 14:54:19.415, 1065 MiB, 15360 MiB, 22 %, 30.96 W
2026/09/29 14:54:20.428, 1065 MiB, 15360 MiB, 25 %, 30.86 W
2026/09/29 14:54:21.433, 1065 MiB, 15360 MiB, 31 %, 31.16 W
2026/09/29 14:54:22.437, 1065 MiB, 15360 MiB, 32 %, 35.58 W
2026/09/29 14:54:23.442, 1065 MiB, 15360 MiB, 33 %, 31.35 W
2026/09/29 14:54:24.447, 1065 MiB, 15360 MiB, 32 %, 35.28 W
2026/09/29 14:54:25.452, 1065 MiB, 15360 MiB, 32 %, 31.75 W
2026/09/29 14:54:26.457, 1065 MiB, 15360 MiB, 32 %, 31.16 W
2026/09/29 14:54:27.463, 1065 MiB, 15360 MiB, 32 %, 35.38 W
2026/09/29 14:54:28.468, 1065 MiB, 15360 MiB, 30 %, 34.99 W
2026/09/29 14:54:29.473, 1065 MiB, 15360 MiB, 33 %, 31.45 W
2026/09/29 14:54:30.478, 1065 MiB, 15360 MiB, 25 %, 30.37 W
2026/09/29 14:54:31.487, 1065 MiB, 15360 MiB, 26 %, 30.76 W
2026/09/29 14:54:32.497, 1065 MiB, 15360 MiB, 27 %, 30.56 W
2026/09/29 14:54:33.507, 1065 MiB, 15360 MiB, 32 %, 33.71 W
2026/09/29 14:54:34.513, 1065 MiB, 15360 MiB, 33 %, 31.26 W
2026/09/29 14:54:35.517, 1065 MiB, 15360 MiB, 32 %, 30.86 W
2026/09/29 14:54:36.523, 1065 MiB, 15360 MiB, 33 %, 31.55 W
2026/09/29 14:54:37.528, 1065 MiB, 15360 MiB, 30 %, 33.51 W
2026/09/29 14:54:38.534, 1065 MiB, 15360 MiB, 31 %, 31.26 W
2026/09/29 14:54:39.548, 1065 MiB, 15360 MiB, 31 %, 31.55 W
2026/09/29 14:54:40.555, 1065 MiB, 15360 MiB, 30 %, 31.16 W
2026/09/29 14:54:41.560, 1065 MiB, 15360 MiB, 31 %, 32.24 W
2026/09/29 14:54:42.565, 1065 MiB, 15360 MiB, 30 %, 31.26 W
2026/09/29 14:54:43.571, 1065 MiB, 15360 MiB, 25 %, 35.09 W
2026/09/29 14:54:44.581, 1065 MiB, 15360 MiB, 25 %, 33.21 W
2026/09/29 14:54:45.591, 1065 MiB, 15360 MiB, 20 %, 31.45 W
2026/09/29 14:54:46.603, 1065 MiB, 15360 MiB, 32 %, 30.86 W
2026/09/29 14:54:47.614, 1065 MiB, 15360 MiB, 31 %, 33.21 W
2026/09/29 14:54:48.619, 1065 MiB, 15360 MiB, 32 %, 31.65 W
2026/09/29 14:54:49.624, 1065 MiB, 15360 MiB, 33 %, 32.54 W
2026/09/29 14:54:50.629, 1065 MiB, 15360 MiB, 33 %, 31.16 W
2026/09/29 14:54:51.634, 1065 MiB, 15360 MiB, 31 %, 31.34 W
2026/09/29 14:54:52.639, 1065 MiB, 15360 MiB, 32 %, 31.16 W
2026/09/29 14:54:53.644, 1065 MiB, 15360 MiB, 32 %, 35.38 W
2026/09/29 14:54:54.649, 1065 MiB, 15360 MiB, 34 %, 31.45 W
2026/09/29 14:54:55.654, 1065 MiB, 15360 MiB, 32 %, 30.17 W
2026/09/29 14:54:56.666, 1065 MiB, 15360 MiB, 26 %, 30.86 W
2026/09/29 14:54:57.675, 1065 MiB, 15360 MiB, 25 %, 30.47 W
2026/09/29 14:54:58.679, 1065 MiB, 15360 MiB, 33 %, 32.84 W
2026/09/29 14:54:59.684, 1065 MiB, 15360 MiB, 32 %, 31.83 W
2026/09/29 14:55:00.689, 1065 MiB, 15360 MiB, 33 %, 31.14 W
2026/09/29 14:55:01.694, 1065 MiB, 15360 MiB, 32 %, 31.06 W
2026/09/29 14:55:02.703, 1065 MiB, 15360 MiB, 34 %, 31.55 W
2026/09/29 14:55:03.709, 1065 MiB, 15360 MiB, 31 %, 31.06 W
2026/09/29 14:55:04.714, 1065 MiB, 15360 MiB, 33 %, 32.92 W
2026/09/29 14:55:05.719, 1065 MiB, 15360 MiB, 33 %, 32.03 W
2026/09/29 14:55:06.724, 1065 MiB, 15360 MiB, 34 %, 31.35 W
2026/09/29 14:55:07.729, 1065 MiB, 15360 MiB, 31 %, 33.53 W
2026/09/29 14:55:08.735, 1065 MiB, 15360 MiB, 19 %, 30.86 W
2026/09/29 14:55:09.746, 1065 MiB, 15360 MiB, 24 %, 30.96 W
2026/09/29 14:55:10.753, 1065 MiB, 15360 MiB, 20 %, 32.03 W
2026/09/29 14:55:11.764, 1065 MiB, 15360 MiB, 30 %, 33.39 W
2026/09/29 14:55:12.770, 1065 MiB, 15360 MiB, 30 %, 31.95 W
2026/09/29 14:55:13.775, 1065 MiB, 15360 MiB, 31 %, 30.17 W
2026/09/29 14:55:14.780, 1065 MiB, 15360 MiB, 30 %, 32.54 W
2026/09/29 14:55:15.785, 1065 MiB, 15360 MiB, 30 %, 32.52 W
2026/09/29 14:55:16.795, 1065 MiB, 15360 MiB, 33 %, 31.75 W
2026/09/29 14:55:17.805, 1065 MiB, 15360 MiB, 34 %, 33.31 W
2026/09/29 14:55:18.809, 1065 MiB, 15360 MiB, 32 %, 32.34 W
2026/09/29 14:55:19.814, 1065 MiB, 15360 MiB, 30 %, 32.34 W
2026/09/29 14:55:20.820, 1065 MiB, 15360 MiB, 33 %, 31.65 W
2026/09/29 14:55:21.834, 1065 MiB, 15360 MiB, 26 %, 31.16 W
2026/09/29 14:55:22.850, 1065 MiB, 15360 MiB, 23 %, 30.86 W
2026/09/29 14:55:23.865, 1065 MiB, 15360 MiB, 34 %, 31.45 W
2026/09/29 14:55:24.872, 1065 MiB, 15360 MiB, 31 %, 31.55 W
2026/09/29 14:55:25.877, 1065 MiB, 15360 MiB, 33 %, 31.06 W
2026/09/29 14:55:26.882, 1065 MiB, 15360 MiB, 32 %, 33.51 W
2026/09/29 14:55:27.888, 1065 MiB, 15360 MiB, 33 %, 31.04 W
2026/09/29 14:55:28.893, 1065 MiB, 15360 MiB, 32 %, 33.19 W
2026/09/29 14:55:29.902, 1065 MiB, 15360 MiB, 34 %, 30.38 W
2026/09/29 14:55:30.907, 1065 MiB, 15360 MiB, 34 %, 32.24 W
2026/09/29 14:55:31.912, 1065 MiB, 15360 MiB, 34 %, 34.10 W
2026/09/29 14:55:32.918, 1065 MiB, 15360 MiB, 33 %, 30.76 W
2026/09/29 14:55:33.923, 1065 MiB, 15360 MiB, 25 %, 30.47 W
2026/09/29 14:55:34.932, 1065 MiB, 15360 MiB, 26 %, 34.28 W
2026/09/29 14:55:35.946, 1065 MiB, 15360 MiB, 20 %, 30.27 W
2026/09/29 14:55:36.954, 1065 MiB, 15360 MiB, 31 %, 31.35 W
2026/09/29 14:55:37.960, 1065 MiB, 15360 MiB, 31 %, 30.96 W
2026/09/29 14:55:38.965, 1065 MiB, 15360 MiB, 32 %, 31.06 W
2026/09/29 14:55:39.972, 1065 MiB, 15360 MiB, 31 %, 31.06 W
2026/09/29 14:55:40.979, 1065 MiB, 15360 MiB, 32 %, 31.06 W
2026/09/29 14:55:41.984, 1065 MiB, 15360 MiB, 33 %, 30.66 W
2026/09/29 14:55:42.990, 1065 MiB, 15360 MiB, 34 %, 30.47 W
2026/09/29 14:55:43.995, 1065 MiB, 15360 MiB, 33 %, 31.06 W
2026/09/29 14:55:45.001, 1065 MiB, 15360 MiB, 34 %, 31.85 W
2026/09/29 14:55:46.006, 1065 MiB, 15360 MiB, 33 %, 33.21 W
2026/09/29 14:55:47.018, 1065 MiB, 15360 MiB, 25 %, 32.24 W
2026/09/29 14:55:48.028, 1065 MiB, 15360 MiB, 22 %, 30.48 W
2026/09/29 14:55:49.034, 1065 MiB, 15360 MiB, 31 %, 31.35 W
2026/09/29 14:55:50.039, 1065 MiB, 15360 MiB, 32 %, 32.05 W
2026/09/29 14:55:51.044, 1065 MiB, 15360 MiB, 34 %, 31.16 W
2026/09/29 14:55:52.050, 1065 MiB, 15360 MiB, 35 %, 34.10 W
2026/09/29 14:55:53.055, 1065 MiB, 15360 MiB, 32 %, 31.45 W
2026/09/29 14:55:54.060, 1065 MiB, 15360 MiB, 32 %, 33.90 W
2026/09/29 14:55:55.064, 1065 MiB, 15360 MiB, 32 %, 31.65 W
2026/09/29 14:55:56.069, 1065 MiB, 15360 MiB, 31 %, 34.77 W
2026/09/29 14:55:57.074, 1065 MiB, 15360 MiB, 32 %, 31.45 W
2026/09/29 14:55:58.082, 1065 MiB, 15360 MiB, 32 %, 31.85 W
2026/09/29 14:55:59.088, 1065 MiB, 15360 MiB, 23 %, 30.37 W
2026/09/29 14:56:00.098, 1065 MiB, 15360 MiB, 26 %, 32.05 W
2026/09/29 14:56:01.112, 1065 MiB, 15360 MiB, 21 %, 30.27 W
2026/09/29 14:56:02.119, 1065 MiB, 15360 MiB, 33 %, 34.38 W
2026/09/29 14:56:03.124, 1065 MiB, 15360 MiB, 33 %, 31.34 W
2026/09/29 14:56:04.129, 1065 MiB, 15360 MiB, 33 %, 31.85 W
2026/09/29 14:56:05.134, 1065 MiB, 15360 MiB, 33 %, 31.43 W
2026/09/29 14:56:06.139, 1065 MiB, 15360 MiB, 33 %, 32.52 W
2026/09/29 14:56:07.144, 1065 MiB, 15360 MiB, 31 %, 31.53 W
2026/09/29 14:56:08.150, 1065 MiB, 15360 MiB, 32 %, 31.26 W
2026/09/29 14:56:09.155, 1065 MiB, 15360 MiB, 32 %, 33.21 W
2026/09/29 14:56:10.159, 1065 MiB, 15360 MiB, 30 %, 31.45 W
2026/09/29 14:56:11.164, 1065 MiB, 15360 MiB, 30 %, 31.26 W
2026/09/29 14:56:12.169, 1065 MiB, 15360 MiB, 22 %, 30.66 W
2026/09/29 14:56:13.185, 1065 MiB, 15360 MiB, 20 %, 30.56 W
2026/09/29 14:56:14.199, 1065 MiB, 15360 MiB, 32 %, 31.06 W
2026/09/29 14:56:15.204, 1065 MiB, 15360 MiB, 32 %, 30.76 W
2026/09/29 14:56:16.211, 1065 MiB, 15360 MiB, 33 %, 30.86 W
2026/09/29 14:56:17.220, 1065 MiB, 15360 MiB, 34 %, 32.62 W
2026/09/29 14:56:18.228, 1065 MiB, 15360 MiB, 34 %, 31.16 W
2026/09/29 14:56:19.233, 1065 MiB, 15360 MiB, 33 %, 32.32 W
2026/09/29 14:56:20.238, 1065 MiB, 15360 MiB, 34 %, 31.35 W
2026/09/29 14:56:21.243, 1065 MiB, 15360 MiB, 35 %, 34.20 W
2026/09/29 14:56:22.250, 1065 MiB, 15360 MiB, 32 %, 31.06 W
2026/09/29 14:56:23.255, 1065 MiB, 15360 MiB, 32 %, 34.00 W
2026/09/29 14:56:24.261, 1065 MiB, 15360 MiB, 24 %, 31.16 W
2026/09/29 14:56:25.272, 1065 MiB, 15360 MiB, 27 %, 35.26 W
2026/09/29 14:56:26.287, 1065 MiB, 15360 MiB, 21 %, 29.97 W
2026/09/29 14:56:27.292, 1065 MiB, 15360 MiB, 33 %, 31.75 W
2026/09/29 14:56:28.297, 1065 MiB, 15360 MiB, 32 %, 33.21 W
2026/09/29 14:56:29.302, 1065 MiB, 15360 MiB, 33 %, 31.95 W
2026/09/29 14:56:30.308, 1065 MiB, 15360 MiB, 33 %, 34.59 W
2026/09/29 14:56:31.315, 1065 MiB, 15360 MiB, 34 %, 30.66 W
2026/09/29 14:56:32.320, 1065 MiB, 15360 MiB, 33 %, 31.26 W
2026/09/29 14:56:33.325, 1065 MiB, 15360 MiB, 33 %, 31.85 W
2026/09/29 14:56:34.330, 1065 MiB, 15360 MiB, 34 %, 31.35 W
2026/09/29 14:56:35.336, 1065 MiB, 15360 MiB, 34 %, 31.75 W
2026/09/29 14:56:36.341, 1065 MiB, 15360 MiB, 32 %, 31.26 W
2026/09/29 14:56:37.347, 1065 MiB, 15360 MiB, 24 %, 30.37 W
2026/09/29 14:56:38.357, 1065 MiB, 15360 MiB, 22 %, 30.27 W
2026/09/29 14:56:39.366, 1065 MiB, 15360 MiB, 31 %, 31.06 W
2026/09/29 14:56:40.371, 1065 MiB, 15360 MiB, 31 %, 31.06 W
2026/09/29 14:56:41.378, 1065 MiB, 15360 MiB, 31 %, 31.75 W
2026/09/29 14:56:42.383, 1065 MiB, 15360 MiB, 33 %, 31.26 W
2026/09/29 14:56:43.388, 1065 MiB, 15360 MiB, 33 %, 32.64 W
2026/09/29 14:56:44.393, 1065 MiB, 15360 MiB, 33 %, 31.26 W
2026/09/29 14:56:45.400, 1065 MiB, 15360 MiB, 33 %, 34.20 W
2026/09/29 14:56:46.404, 1065 MiB, 15360 MiB, 33 %, 31.26 W
2026/09/29 14:56:47.410, 1065 MiB, 15360 MiB, 33 %, 30.76 W
2026/09/29 14:56:48.416, 1065 MiB, 15360 MiB, 31 %, 33.01 W
2026/09/29 14:56:49.427, 1065 MiB, 15360 MiB, 25 %, 32.05 W
2026/09/29 14:56:50.436, 1065 MiB, 15360 MiB, 27 %, 31.45 W
2026/09/29 14:56:51.450, 1065 MiB, 15360 MiB, 20 %, 32.32 W
2026/09/29 14:56:52.458, 1065 MiB, 15360 MiB, 33 %, 34.77 W
2026/09/29 14:56:53.463, 1065 MiB, 15360 MiB, 33 %, 31.16 W
2026/09/29 14:56:54.467, 1065 MiB, 15360 MiB, 33 %, 32.34 W
2026/09/29 14:56:55.472, 1065 MiB, 15360 MiB, 33 %, 31.06 W
2026/09/29 14:56:56.477, 1065 MiB, 15360 MiB, 34 %, 32.03 W
2026/09/29 14:56:57.482, 1065 MiB, 15360 MiB, 33 %, 34.67 W
2026/09/29 14:56:58.487, 1065 MiB, 15360 MiB, 34 %, 31.45 W
2026/09/29 14:56:59.492, 1065 MiB, 15360 MiB, 34 %, 31.95 W
2026/09/29 14:57:00.501, 1065 MiB, 15360 MiB, 33 %, 34.79 W
2026/09/29 14:57:01.506, 1065 MiB, 15360 MiB, 34 %, 31.75 W
2026/09/29 14:57:02.512, 1065 MiB, 15360 MiB, 25 %, 31.55 W
2026/09/29 14:57:03.529, 1065 MiB, 15360 MiB, 22 %, 32.72 W
2026/09/29 14:57:04.542, 1065 MiB, 15360 MiB, 33 %, 32.05 W
2026/09/29 14:57:05.549, 1065 MiB, 15360 MiB, 33 %, 31.35 W
2026/09/29 14:57:06.553, 1065 MiB, 15360 MiB, 31 %, 34.10 W
2026/09/29 14:57:07.559, 1065 MiB, 15360 MiB, 33 %, 31.75 W
2026/09/29 14:57:08.566, 1065 MiB, 15360 MiB, 30 %, 31.65 W
2026/09/29 14:57:09.571, 1065 MiB, 15360 MiB, 33 %, 31.14 W
2026/09/29 14:57:10.576, 1065 MiB, 15360 MiB, 32 %, 31.85 W
2026/09/29 14:57:11.581, 1065 MiB, 15360 MiB, 31 %, 31.06 W
2026/09/29 14:57:12.586, 1065 MiB, 15360 MiB, 28 %, 34.87 W
2026/09/29 14:57:13.591, 1065 MiB, 15360 MiB, 31 %, 31.75 W
2026/09/29 14:57:14.597, 1065 MiB, 15360 MiB, 24 %, 31.06 W
2026/09/29 14:57:15.610, 1065 MiB, 15360 MiB, 26 %, 30.66 W
2026/09/29 14:57:16.624, 1065 MiB, 15360 MiB, 21 %, 30.17 W
2026/09/29 14:57:17.634, 1065 MiB, 15360 MiB, 33 %, 32.62 W
2026/09/29 14:57:18.639, 1065 MiB, 15360 MiB, 33 %, 34.30 W
2026/09/29 14:57:19.644, 1065 MiB, 15360 MiB, 33 %, 31.65 W
2026/09/29 14:57:20.649, 1065 MiB, 15360 MiB, 38 %, 30.86 W
2026/09/29 14:57:21.654, 1065 MiB, 15360 MiB, 33 %, 31.55 W
2026/09/29 14:57:22.660, 1065 MiB, 15360 MiB, 34 %, 30.96 W
2026/09/29 14:57:23.672, 1065 MiB, 15360 MiB, 33 %, 31.93 W
2026/09/29 14:57:24.677, 1065 MiB, 15360 MiB, 33 %, 30.96 W
2026/09/29 14:57:25.682, 1065 MiB, 15360 MiB, 32 %, 32.34 W
2026/09/29 14:57:26.687, 1065 MiB, 15360 MiB, 33 %, 31.06 W
2026/09/29 14:57:27.693, 1065 MiB, 15360 MiB, 26 %, 31.06 W
2026/09/29 14:57:28.703, 1065 MiB, 15360 MiB, 23 %, 31.43 W
2026/09/29 14:57:29.715, 1065 MiB, 15360 MiB, 26 %, 31.26 W
2026/09/29 14:57:30.720, 1065 MiB, 15360 MiB, 33 %, 32.72 W
2026/09/29 14:57:31.725, 1065 MiB, 15360 MiB, 31 %, 31.45 W
2026/09/29 14:57:32.730, 1065 MiB, 15360 MiB, 33 %, 30.86 W
2026/09/29 14:57:33.736, 1065 MiB, 15360 MiB, 31 %, 31.04 W
2026/09/29 14:57:34.742, 1065 MiB, 15360 MiB, 33 %, 32.24 W
2026/09/29 14:57:35.748, 1065 MiB, 15360 MiB, 33 %, 31.16 W
2026/09/29 14:57:36.753, 1065 MiB, 15360 MiB, 31 %, 31.06 W
2026/09/29 14:57:37.759, 1065 MiB, 15360 MiB, 32 %, 31.16 W
2026/09/29 14:57:38.764, 1065 MiB, 15360 MiB, 33 %, 34.69 W
2026/09/29 14:57:39.769, 1065 MiB, 15360 MiB, 24 %, 30.48 W
2026/09/29 14:57:40.780, 1065 MiB, 15360 MiB, 27 %, 32.44 W
2026/09/29 14:57:41.793, 1065 MiB, 15360 MiB, 21 %, 30.47 W
2026/09/29 14:57:42.805, 1065 MiB, 15360 MiB, 32 %, 35.66 W
2026/09/29 14:57:43.814, 1065 MiB, 15360 MiB, 35 %, 31.06 W
2026/09/29 14:57:44.819, 1065 MiB, 15360 MiB, 31 %, 32.34 W
2026/09/29 14:57:45.824, 1065 MiB, 15360 MiB, 30 %, 31.24 W
2026/09/29 14:57:46.829, 1065 MiB, 15360 MiB, 31 %, 30.27 W
2026/09/29 14:57:47.834, 1065 MiB, 15360 MiB, 32 %, 31.16 W
2026/09/29 14:57:48.840, 1065 MiB, 15360 MiB, 33 %, 33.11 W
2026/09/29 14:57:49.849, 1065 MiB, 15360 MiB, 32 %, 31.16 W
2026/09/29 14:57:50.861, 1065 MiB, 15360 MiB, 31 %, 30.76 W
2026/09/29 14:57:51.867, 1065 MiB, 15360 MiB, 34 %, 35.26 W
2026/09/29 14:57:52.873, 1065 MiB, 15360 MiB, 25 %, 31.35 W
2026/09/29 14:57:53.883, 1065 MiB, 15360 MiB, 22 %, 31.06 W
2026/09/29 14:57:54.893, 1065 MiB, 15360 MiB, 28 %, 31.45 W
2026/09/29 14:57:55.899, 1065 MiB, 15360 MiB, 33 %, 32.14 W
2026/09/29 14:57:56.905, 1065 MiB, 15360 MiB, 34 %, 31.35 W
2026/09/29 14:57:57.912, 1065 MiB, 15360 MiB, 34 %, 34.18 W
2026/09/29 14:57:58.917, 1065 MiB, 15360 MiB, 32 %, 33.43 W
2026/09/29 14:57:59.922, 1065 MiB, 15360 MiB, 32 %, 30.96 W
2026/09/29 14:58:00.927, 1065 MiB, 15360 MiB, 32 %, 31.63 W
2026/09/29 14:58:01.932, 1065 MiB, 15360 MiB, 33 %, 30.96 W
2026/09/29 14:58:02.937, 1065 MiB, 15360 MiB, 32 %, 34.69 W
2026/09/29 14:58:03.942, 1065 MiB, 15360 MiB, 29 %, 36.25 W
2026/09/29 14:58:04.948, 1065 MiB, 15360 MiB, 23 %, 30.47 W
2026/09/29 14:58:05.966, 1065 MiB, 15360 MiB, 26 %, 32.72 W
2026/09/29 14:58:06.976, 1065 MiB, 15360 MiB, 25 %, 30.07 W
2026/09/29 14:58:07.989, 1065 MiB, 15360 MiB, 32 %, 30.96 W
2026/09/29 14:58:08.994, 1065 MiB, 15360 MiB, 30 %, 31.06 W
2026/09/29 14:58:09.999, 1065 MiB, 15360 MiB, 30 %, 34.20 W
2026/09/29 14:58:11.004, 1065 MiB, 15360 MiB, 31 %, 30.96 W
2026/09/29 14:58:12.009, 1065 MiB, 15360 MiB, 31 %, 31.16 W
2026/09/29 14:58:13.014, 1065 MiB, 15360 MiB, 30 %, 32.05 W
2026/09/29 14:58:14.019, 1065 MiB, 15360 MiB, 31 %, 31.16 W
2026/09/29 14:58:15.027, 1065 MiB, 15360 MiB, 32 %, 36.72 W
2026/09/29 14:58:16.032, 1065 MiB, 15360 MiB, 32 %, 34.97 W
2026/09/29 14:58:17.037, 1065 MiB, 15360 MiB, 33 %, 31.16 W
2026/09/29 14:58:18.042, 1065 MiB, 15360 MiB, 24 %, 30.47 W
2026/09/29 14:58:19.054, 1065 MiB, 15360 MiB, 23 %, 30.56 W
2026/09/29 14:58:20.064, 1065 MiB, 15360 MiB, 20 %, 31.73 W
2026/09/29 14:58:21.068, 1065 MiB, 15360 MiB, 33 %, 33.61 W
2026/09/29 14:58:22.074, 1065 MiB, 15360 MiB, 31 %, 31.55 W
2026/09/29 14:58:23.078, 1065 MiB, 15360 MiB, 32 %, 33.51 W
2026/09/29 14:58:24.084, 1065 MiB, 15360 MiB, 31 %, 31.53 W
2026/09/29 14:58:25.090, 1065 MiB, 15360 MiB, 32 %, 31.26 W
2026/09/29 14:58:26.096, 1065 MiB, 15360 MiB, 32 %, 31.06 W
2026/09/29 14:58:27.101, 1065 MiB, 15360 MiB, 33 %, 32.72 W
2026/09/29 14:58:28.109, 1065 MiB, 15360 MiB, 33 %, 31.16 W
2026/09/29 14:58:29.114, 1065 MiB, 15360 MiB, 33 %, 34.59 W
2026/09/29 14:58:30.120, 1065 MiB, 15360 MiB, 22 %, 34.69 W
2026/09/29 14:58:31.129, 1065 MiB, 15360 MiB, 26 %, 30.58 W
2026/09/29 14:58:32.139, 1065 MiB, 15360 MiB, 24 %, 30.37 W
2026/09/29 14:58:33.148, 1065 MiB, 15360 MiB, 33 %, 31.55 W
2026/09/29 14:58:34.154, 1065 MiB, 15360 MiB, 30 %, 30.66 W
2026/09/29 14:58:35.159, 1065 MiB, 15360 MiB, 32 %, 33.51 W
2026/09/29 14:58:36.163, 1065 MiB, 15360 MiB, 32 %, 32.24 W
2026/09/29 14:58:37.169, 1065 MiB, 15360 MiB, 32 %, 31.16 W
2026/09/29 14:58:38.174, 1065 MiB, 15360 MiB, 32 %, 31.06 W
2026/09/29 14:58:39.180, 1065 MiB, 15360 MiB, 33 %, 34.38 W
2026/09/29 14:58:40.185, 1065 MiB, 15360 MiB, 32 %, 32.24 W
2026/09/29 14:58:41.190, 1065 MiB, 15360 MiB, 33 %, 31.35 W
2026/09/29 14:58:42.195, 1065 MiB, 15360 MiB, 32 %, 31.17 W
2026/09/29 14:58:43.201, 1065 MiB, 15360 MiB, 24 %, 31.26 W
2026/09/29 14:58:44.217, 1065 MiB, 15360 MiB, 21 %, 30.86 W
2026/09/29 14:58:45.229, 1065 MiB, 15360 MiB, 21 %, 30.56 W
2026/09/29 14:58:46.234, 1065 MiB, 15360 MiB, 30 %, 30.27 W
2026/09/29 14:58:47.239, 1065 MiB, 15360 MiB, 32 %, 33.51 W
2026/09/29 14:58:48.244, 1065 MiB, 15360 MiB, 32 %, 33.03 W
2026/09/29 14:58:49.252, 1065 MiB, 15360 MiB, 32 %, 32.74 W
2026/09/29 14:58:50.266, 1065 MiB, 15360 MiB, 33 %, 31.83 W
2026/09/29 14:58:51.274, 1065 MiB, 15360 MiB, 32 %, 31.06 W
2026/09/29 14:58:52.280, 1065 MiB, 15360 MiB, 32 %, 33.31 W
2026/09/29 14:58:53.286, 1065 MiB, 15360 MiB, 32 %, 31.35 W
2026/09/29 14:58:54.291, 1065 MiB, 15360 MiB, 32 %, 33.31 W
2026/09/29 14:58:55.298, 1065 MiB, 15360 MiB, 29 %, 31.45 W
2026/09/29 14:58:56.312, 1065 MiB, 15360 MiB, 25 %, 31.26 W
2026/09/29 14:58:57.325, 1065 MiB, 15360 MiB, 24 %, 30.98 W
2026/09/29 14:58:58.338, 1065 MiB, 15360 MiB, 32 %, 31.75 W
2026/09/29 14:58:59.344, 1065 MiB, 15360 MiB, 34 %, 34.57 W
2026/09/29 14:59:00.349, 1065 MiB, 15360 MiB, 33 %, 31.75 W
2026/09/29 14:59:01.354, 1065 MiB, 15360 MiB, 33 %, 30.76 W
2026/09/29 14:59:02.360, 1065 MiB, 15360 MiB, 32 %, 31.55 W
2026/09/29 14:59:03.365, 1065 MiB, 15360 MiB, 32 %, 30.96 W
2026/09/29 14:59:04.370, 1065 MiB, 15360 MiB, 33 %, 31.83 W
2026/09/29 14:59:05.375, 1065 MiB, 15360 MiB, 31 %, 31.53 W
2026/09/29 14:59:06.380, 1065 MiB, 15360 MiB, 32 %, 35.26 W
2026/09/29 14:59:07.385, 1065 MiB, 15360 MiB, 33 %, 31.43 W
2026/09/29 14:59:08.391, 1065 MiB, 15360 MiB, 24 %, 30.76 W
2026/09/29 14:59:09.407, 1065 MiB, 15360 MiB, 24 %, 30.37 W
2026/09/29 14:59:10.422, 1065 MiB, 15360 MiB, 20 %, 30.96 W
2026/09/29 14:59:11.428, 1065 MiB, 15360 MiB, 30 %, 31.26 W
2026/09/29 14:59:12.433, 1065 MiB, 15360 MiB, 33 %, 32.44 W
2026/09/29 14:59:13.439, 1065 MiB, 15360 MiB, 32 %, 30.96 W
2026/09/29 14:59:14.444, 1065 MiB, 15360 MiB, 31 %, 34.69 W
2026/09/29 14:59:15.452, 1065 MiB, 15360 MiB, 30 %, 32.34 W
2026/09/29 14:59:16.457, 1065 MiB, 15360 MiB, 31 %, 32.42 W
2026/09/29 14:59:17.462, 1065 MiB, 15360 MiB, 30 %, 30.86 W
2026/09/29 14:59:18.467, 1065 MiB, 15360 MiB, 31 %, 30.07 W
2026/09/29 14:59:19.472, 1065 MiB, 15360 MiB, 32 %, 32.52 W
2026/09/29 14:59:20.487, 1065 MiB, 15360 MiB, 25 %, 30.47 W
2026/09/29 14:59:21.497, 1065 MiB, 15360 MiB, 26 %, 30.66 W
2026/09/29 14:59:22.505, 1065 MiB, 15360 MiB, 25 %, 32.14 W
2026/09/29 14:59:23.517, 1065 MiB, 15360 MiB, 30 %, 31.26 W
2026/09/29 14:59:24.527, 1065 MiB, 15360 MiB, 32 %, 36.74 W
2026/09/29 14:59:25.532, 1065 MiB, 15360 MiB, 29 %, 31.06 W
2026/09/29 14:59:26.539, 1065 MiB, 15360 MiB, 30 %, 31.35 W
2026/09/29 14:59:27.548, 1065 MiB, 15360 MiB, 30 %, 31.16 W
2026/09/29 14:59:28.559, 1065 MiB, 15360 MiB, 30 %, 31.06 W
2026/09/29 14:59:29.564, 1065 MiB, 15360 MiB, 32 %, 31.06 W
2026/09/29 14:59:30.571, 1065 MiB, 15360 MiB, 33 %, 31.06 W
2026/09/29 14:59:31.576, 1065 MiB, 15360 MiB, 32 %, 34.89 W
2026/09/29 14:59:32.582, 1065 MiB, 15360 MiB, 32 %, 36.13 W
2026/09/29 14:59:33.588, 1065 MiB, 15360 MiB, 25 %, 30.56 W
2026/09/29 14:59:34.601, 1065 MiB, 15360 MiB, 26 %, 30.56 W
2026/09/29 14:59:35.612, 1065 MiB, 15360 MiB, 20 %, 30.37 W
2026/09/29 14:59:36.622, 1065 MiB, 15360 MiB, 33 %, 31.45 W
2026/09/29 14:59:37.628, 1065 MiB, 15360 MiB, 33 %, 31.26 W
2026/09/29 14:59:38.633, 1065 MiB, 15360 MiB, 30 %, 35.17 W
2026/09/29 14:59:39.638, 1065 MiB, 15360 MiB, 31 %, 33.43 W
2026/09/29 14:59:40.643, 1065 MiB, 15360 MiB, 31 %, 32.62 W
2026/09/29 14:59:41.650, 1065 MiB, 15360 MiB, 31 %, 31.85 W
2026/09/29 14:59:42.656, 1065 MiB, 15360 MiB, 31 %, 31.85 W
2026/09/29 14:59:43.661, 1065 MiB, 15360 MiB, 31 %, 31.35 W
2026/09/29 14:59:44.666, 1065 MiB, 15360 MiB, 31 %, 33.11 W
2026/09/29 14:59:45.671, 1065 MiB, 15360 MiB, 33 %, 32.05 W
2026/09/29 14:59:46.685, 1065 MiB, 15360 MiB, 25 %, 30.58 W
2026/09/29 14:59:47.696, 1065 MiB, 15360 MiB, 23 %, 30.66 W
2026/09/29 14:59:48.710, 1065 MiB, 15360 MiB, 31 %, 31.16 W
2026/09/29 14:59:49.722, 1065 MiB, 15360 MiB, 34 %, 31.45 W
2026/09/29 14:59:50.732, 1065 MiB, 15360 MiB, 33 %, 31.26 W
2026/09/29 14:59:51.737, 1065 MiB, 15360 MiB, 33 %, 31.06 W
2026/09/29 14:59:52.742, 1065 MiB, 15360 MiB, 32 %, 32.74 W
2026/09/29 14:59:53.748, 1065 MiB, 15360 MiB, 31 %, 31.06 W
2026/09/29 14:59:54.753, 1065 MiB, 15360 MiB, 33 %, 30.86 W
2026/09/29 14:59:55.758, 1065 MiB, 15360 MiB, 27 %, 31.65 W
2026/09/29 14:59:56.763, 1065 MiB, 15360 MiB, 31 %, 32.52 W
2026/09/29 14:59:57.767, 1065 MiB, 15360 MiB, 33 %, 31.26 W
2026/09/29 14:59:58.775, 1065 MiB, 15360 MiB, 24 %, 31.95 W
2026/09/29 14:59:59.783, 1065 MiB, 15360 MiB, 26 %, 30.27 W
2026/09/29 15:00:00.795, 1065 MiB, 15360 MiB, 25 %, 31.63 W
2026/09/29 15:00:01.805, 1065 MiB, 15360 MiB, 32 %, 30.86 W
2026/09/29 15:00:02.810, 1065 MiB, 15360 MiB, 32 %, 32.52 W
2026/09/29 15:00:03.817, 1065 MiB, 15360 MiB, 32 %, 31.26 W
2026/09/29 15:00:04.821, 1065 MiB, 15360 MiB, 32 %, 34.08 W
2026/09/29 15:00:05.826, 1065 MiB, 15360 MiB, 31 %, 34.89 W
2026/09/29 15:00:06.831, 1065 MiB, 15360 MiB, 33 %, 30.96 W
2026/09/29 15:00:07.837, 1065 MiB, 15360 MiB, 33 %, 31.06 W
2026/09/29 15:00:08.842, 1065 MiB, 15360 MiB, 32 %, 32.82 W
2026/09/29 15:00:09.847, 1065 MiB, 15360 MiB, 33 %, 31.45 W
2026/09/29 15:00:10.852, 1065 MiB, 15360 MiB, 34 %, 31.26 W
2026/09/29 15:00:11.858, 1065 MiB, 15360 MiB, 26 %, 30.96 W
2026/09/29 15:00:12.873, 1065 MiB, 15360 MiB, 22 %, 30.27 W
2026/09/29 15:00:13.886, 1065 MiB, 15360 MiB, 32 %, 31.06 W
2026/09/29 15:00:14.892, 1065 MiB, 15360 MiB, 32 %, 31.26 W
2026/09/29 15:00:15.900, 1065 MiB, 15360 MiB, 31 %, 32.74 W
2026/09/29 15:00:16.905, 1065 MiB, 15360 MiB, 30 %, 30.76 W
2026/09/29 15:00:17.909, 1065 MiB, 15360 MiB, 30 %, 32.24 W
2026/09/29 15:00:18.914, 1065 MiB, 15360 MiB, 32 %, 31.73 W
2026/09/29 15:00:19.919, 1065 MiB, 15360 MiB, 31 %, 34.28 W
2026/09/29 15:00:20.924, 1065 MiB, 15360 MiB, 33 %, 32.32 W
2026/09/29 15:00:21.929, 1065 MiB, 15360 MiB, 33 %, 31.06 W
2026/09/29 15:00:22.934, 1065 MiB, 15360 MiB, 33 %, 32.22 W
2026/09/29 15:00:23.950, 1065 MiB, 15360 MiB, 25 %, 30.66 W
2026/09/29 15:00:24.963, 1065 MiB, 15360 MiB, 26 %, 33.98 W
2026/09/29 15:00:25.975, 1065 MiB, 15360 MiB, 21 %, 30.17 W
2026/09/29 15:00:26.986, 1065 MiB, 15360 MiB, 33 %, 32.52 W
2026/09/29 15:00:27.992, 1065 MiB, 15360 MiB, 33 %, 31.35 W
2026/09/29 15:00:28.998, 1065 MiB, 15360 MiB, 35 %, 31.45 W
2026/09/29 15:00:30.003, 1065 MiB, 15360 MiB, 34 %, 33.51 W
2026/09/29 15:00:31.007, 1065 MiB, 15360 MiB, 0 %, 29.00 W
2026/09/29 15:00:32.012, 0 MiB, 15360 MiB, 0 %, 29.99 W
2026/09/29 15:00:33.018, 0 MiB, 15360 MiB, 0 %, 29.00 W
2026/09/29 15:00:34.026, 0 MiB, 15360 MiB, 0 %, 15.00 W
2026/09/29 15:00:35.034, 0 MiB, 15360 MiB, 0 %, 10.65 W
2026/09/29 15:00:36.042, 0 MiB, 15360 MiB, 0 %, 10.95 W
2026/09/29 15:00:37.060, 0 MiB, 15360 MiB, 0 %, 10.55 W
2026/09/29 15:00:38.117, 0 MiB, 15360 MiB, 0 %, 11.05 W
2026/09/29 15:00:39.155, 0 MiB, 15360 MiB, 0 %, 10.85 W
2026/09/29 15:00:40.178, 3 MiB, 15360 MiB, 0 %, 11.05 W
2026/09/29 15:00:41.186, 3 MiB, 15360 MiB, 0 %, 10.45 W
2026/09/29 15:00:42.193, 575 MiB, 15360 MiB, 22 %, 30.48 W
2026/09/29 15:00:43.198, 1015 MiB, 15360 MiB, 27 %, 30.68 W
2026/09/29 15:00:44.204, 1025 MiB, 15360 MiB, 1 %, 28.70 W
2026/09/29 15:00:45.209, 1025 MiB, 15360 MiB, 0 %, 28.70 W
2026/09/29 15:00:46.213, 1041 MiB, 15360 MiB, 30 %, 33.71 W
2026/09/29 15:00:47.218, 1041 MiB, 15360 MiB, 30 %, 31.55 W
2026/09/29 15:00:48.224, 1041 MiB, 15360 MiB, 30 %, 30.96 W
2026/09/29 15:00:49.230, 1041 MiB, 15360 MiB, 30 %, 31.35 W
2026/09/29 15:00:50.237, 1043 MiB, 15360 MiB, 23 %, 30.28 W
2026/09/29 15:00:51.252, 1043 MiB, 15360 MiB, 26 %, 29.89 W
2026/09/29 15:00:52.267, 1043 MiB, 15360 MiB, 30 %, 30.17 W
2026/09/29 15:00:53.273, 1043 MiB, 15360 MiB, 29 %, 30.37 W
2026/09/29 15:00:54.280, 1043 MiB, 15360 MiB, 33 %, 31.06 W
2026/09/29 15:00:55.286, 1043 MiB, 15360 MiB, 33 %, 31.16 W
2026/09/29 15:00:56.293, 1043 MiB, 15360 MiB, 34 %, 31.16 W
2026/09/29 15:00:57.299, 1043 MiB, 15360 MiB, 34 %, 30.98 W
2026/09/29 15:00:58.304, 1043 MiB, 15360 MiB, 32 %, 31.47 W
2026/09/29 15:00:59.309, 1043 MiB, 15360 MiB, 34 %, 35.68 W
2026/09/29 15:01:00.314, 1043 MiB, 15360 MiB, 39 %, 31.35 W
2026/09/29 15:01:01.320, 1043 MiB, 15360 MiB, 33 %, 34.20 W
2026/09/29 15:01:02.326, 1043 MiB, 15360 MiB, 24 %, 30.56 W
2026/09/29 15:01:03.341, 1043 MiB, 15360 MiB, 25 %, 34.18 W
2026/09/29 15:01:04.351, 1043 MiB, 15360 MiB, 21 %, 31.16 W
2026/09/29 15:01:05.362, 1043 MiB, 15360 MiB, 32 %, 31.26 W
2026/09/29 15:01:06.366, 1043 MiB, 15360 MiB, 34 %, 35.83 W
2026/09/29 15:01:07.373, 1043 MiB, 15360 MiB, 33 %, 30.96 W
2026/09/29 15:01:08.378, 1043 MiB, 15360 MiB, 32 %, 34.20 W
2026/09/29 15:01:09.383, 1043 MiB, 15360 MiB, 33 %, 31.04 W
2026/09/29 15:01:10.388, 1043 MiB, 15360 MiB, 33 %, 31.65 W
2026/09/29 15:01:11.393, 1063 MiB, 15360 MiB, 36 %, 40.54 W
2026/09/29 15:01:12.398, 1063 MiB, 15360 MiB, 31 %, 31.06 W
2026/09/29 15:01:13.403, 1063 MiB, 15360 MiB, 32 %, 30.96 W
2026/09/29 15:01:14.408, 1063 MiB, 15360 MiB, 33 %, 31.93 W
2026/09/29 15:01:15.414, 1063 MiB, 15360 MiB, 26 %, 35.66 W
2026/09/29 15:01:16.425, 1063 MiB, 15360 MiB, 23 %, 30.58 W
2026/09/29 15:01:17.435, 1063 MiB, 15360 MiB, 33 %, 32.24 W
2026/09/29 15:01:18.440, 1063 MiB, 15360 MiB, 32 %, 31.26 W
2026/09/29 15:01:19.447, 1063 MiB, 15360 MiB, 32 %, 31.16 W
2026/09/29 15:01:20.452, 1063 MiB, 15360 MiB, 32 %, 32.14 W
2026/09/29 15:01:21.457, 1063 MiB, 15360 MiB, 32 %, 31.35 W
2026/09/29 15:01:22.462, 1063 MiB, 15360 MiB, 31 %, 30.96 W
2026/09/29 15:01:23.467, 1063 MiB, 15360 MiB, 30 %, 33.01 W
2026/09/29 15:01:24.472, 1063 MiB, 15360 MiB, 32 %, 30.68 W
2026/09/29 15:01:25.477, 1063 MiB, 15360 MiB, 33 %, 30.47 W
2026/09/29 15:01:26.482, 1063 MiB, 15360 MiB, 30 %, 30.96 W
2026/09/29 15:01:27.487, 1063 MiB, 15360 MiB, 24 %, 30.76 W
2026/09/29 15:01:28.502, 1063 MiB, 15360 MiB, 25 %, 30.28 W
2026/09/29 15:01:29.512, 1063 MiB, 15360 MiB, 20 %, 30.28 W
2026/09/29 15:01:30.518, 1063 MiB, 15360 MiB, 33 %, 33.03 W
2026/09/29 15:01:31.524, 1063 MiB, 15360 MiB, 32 %, 31.83 W
2026/09/29 15:01:32.529, 1063 MiB, 15360 MiB, 32 %, 31.35 W
2026/09/29 15:01:33.534, 1063 MiB, 15360 MiB, 32 %, 31.16 W
2026/09/29 15:01:34.539, 1063 MiB, 15360 MiB, 33 %, 33.23 W
2026/09/29 15:01:35.544, 1063 MiB, 15360 MiB, 33 %, 35.76 W
2026/09/29 15:01:36.549, 1063 MiB, 15360 MiB, 33 %, 31.65 W
2026/09/29 15:01:37.554, 1063 MiB, 15360 MiB, 32 %, 30.96 W
2026/09/29 15:01:38.560, 1063 MiB, 15360 MiB, 32 %, 32.72 W
2026/09/29 15:01:39.564, 1063 MiB, 15360 MiB, 33 %, 31.35 W
2026/09/29 15:01:40.570, 1063 MiB, 15360 MiB, 25 %, 34.20 W
2026/09/29 15:01:41.585, 1063 MiB, 15360 MiB, 23 %, 30.47 W
2026/09/29 15:01:42.596, 1063 MiB, 15360 MiB, 32 %, 38.99 W
2026/09/29 15:01:43.605, 1063 MiB, 15360 MiB, 34 %, 31.06 W
2026/09/29 15:01:44.610, 1063 MiB, 15360 MiB, 34 %, 31.35 W
2026/09/29 15:01:45.615, 1063 MiB, 15360 MiB, 33 %, 33.61 W
2026/09/29 15:01:46.620, 1063 MiB, 15360 MiB, 32 %, 31.26 W
2026/09/29 15:01:47.625, 1063 MiB, 15360 MiB, 30 %, 31.16 W
2026/09/29 15:01:48.630, 1063 MiB, 15360 MiB, 29 %, 31.73 W
2026/09/29 15:01:49.635, 1063 MiB, 15360 MiB, 31 %, 31.45 W
2026/09/29 15:01:50.640, 1063 MiB, 15360 MiB, 30 %, 30.66 W
2026/09/29 15:01:51.646, 1063 MiB, 15360 MiB, 30 %, 32.34 W
2026/09/29 15:01:52.652, 1063 MiB, 15360 MiB, 14 %, 30.37 W
2026/09/29 15:01:53.662, 1063 MiB, 15360 MiB, 24 %, 30.66 W
2026/09/29 15:01:54.674, 1063 MiB, 15360 MiB, 20 %, 32.24 W
2026/09/29 15:01:55.688, 1063 MiB, 15360 MiB, 31 %, 31.35 W
2026/09/29 15:01:56.693, 1063 MiB, 15360 MiB, 33 %, 31.34 W
2026/09/29 15:01:57.707, 1063 MiB, 15360 MiB, 32 %, 31.95 W
2026/09/29 15:01:58.712, 1063 MiB, 15360 MiB, 33 %, 31.35 W
2026/09/29 15:01:59.719, 1063 MiB, 15360 MiB, 34 %, 31.27 W
2026/09/29 15:02:00.725, 1063 MiB, 15360 MiB, 32 %, 31.14 W
2026/09/29 15:02:01.730, 1063 MiB, 15360 MiB, 33 %, 34.18 W
2026/09/29 15:02:02.735, 1063 MiB, 15360 MiB, 32 %, 31.65 W
2026/09/29 15:02:03.740, 1063 MiB, 15360 MiB, 33 %, 33.13 W
2026/09/29 15:02:04.745, 1063 MiB, 15360 MiB, 30 %, 34.69 W
2026/09/29 15:02:05.750, 1063 MiB, 15360 MiB, 25 %, 31.85 W
2026/09/29 15:02:06.761, 1063 MiB, 15360 MiB, 23 %, 30.37 W
2026/09/29 15:02:07.771, 1063 MiB, 15360 MiB, 31 %, 30.84 W
2026/09/29 15:02:08.776, 1063 MiB, 15360 MiB, 32 %, 31.16 W
2026/09/29 15:02:09.782, 1063 MiB, 15360 MiB, 33 %, 31.06 W
2026/09/29 15:02:10.786, 1063 MiB, 15360 MiB, 33 %, 33.31 W
2026/09/29 15:02:11.792, 1063 MiB, 15360 MiB, 32 %, 31.34 W
2026/09/29 15:02:12.797, 1063 MiB, 15360 MiB, 33 %, 30.96 W
2026/09/29 15:02:13.802, 1063 MiB, 15360 MiB, 32 %, 33.41 W
2026/09/29 15:02:14.809, 1063 MiB, 15360 MiB, 33 %, 33.11 W
2026/09/29 15:02:15.813, 1063 MiB, 15360 MiB, 31 %, 31.35 W
2026/09/29 15:02:16.818, 1063 MiB, 15360 MiB, 32 %, 31.55 W
2026/09/29 15:02:17.824, 1063 MiB, 15360 MiB, 21 %, 30.47 W
2026/09/29 15:02:18.833, 1063 MiB, 15360 MiB, 25 %, 30.47 W
2026/09/29 15:02:19.847, 1063 MiB, 15360 MiB, 21 %, 34.20 W
2026/09/29 15:02:20.853, 1063 MiB, 15360 MiB, 29 %, 32.52 W
2026/09/29 15:02:21.858, 1063 MiB, 15360 MiB, 29 %, 31.95 W
2026/09/29 15:02:22.863, 1063 MiB, 15360 MiB, 29 %, 31.55 W
2026/09/29 15:02:23.868, 1063 MiB, 15360 MiB, 30 %, 30.27 W
2026/09/29 15:02:24.875, 1063 MiB, 15360 MiB, 33 %, 32.05 W
2026/09/29 15:02:25.880, 1063 MiB, 15360 MiB, 31 %, 31.06 W
2026/09/29 15:02:26.885, 1063 MiB, 15360 MiB, 30 %, 32.05 W
2026/09/29 15:02:27.890, 1063 MiB, 15360 MiB, 31 %, 30.37 W
2026/09/29 15:02:28.906, 1063 MiB, 15360 MiB, 32 %, 33.61 W
2026/09/29 15:02:29.911, 1063 MiB, 15360 MiB, 33 %, 31.55 W
2026/09/29 15:02:30.917, 1063 MiB, 15360 MiB, 25 %, 30.47 W
2026/09/29 15:02:31.936, 1063 MiB, 15360 MiB, 23 %, 30.27 W
2026/09/29 15:02:32.951, 1063 MiB, 15360 MiB, 23 %, 36.07 W
2026/09/29 15:02:33.957, 1063 MiB, 15360 MiB, 30 %, 30.96 W
2026/09/29 15:02:34.963, 1063 MiB, 15360 MiB, 30 %, 32.44 W
2026/09/29 15:02:35.969, 1063 MiB, 15360 MiB, 31 %, 31.34 W
2026/09/29 15:02:36.974, 1063 MiB, 15360 MiB, 33 %, 30.66 W
2026/09/29 15:02:37.981, 1063 MiB, 15360 MiB, 33 %, 30.96 W
2026/09/29 15:02:38.987, 1063 MiB, 15360 MiB, 32 %, 33.61 W
2026/09/29 15:02:39.992, 1063 MiB, 15360 MiB, 32 %, 32.14 W
2026/09/29 15:02:40.997, 1063 MiB, 15360 MiB, 33 %, 31.83 W
2026/09/29 15:02:42.002, 1063 MiB, 15360 MiB, 33 %, 34.49 W
2026/09/29 15:02:43.008, 1063 MiB, 15360 MiB, 22 %, 30.66 W
2026/09/29 15:02:44.022, 1063 MiB, 15360 MiB, 24 %, 36.37 W
2026/09/29 15:02:45.037, 1063 MiB, 15360 MiB, 23 %, 30.56 W
2026/09/29 15:02:46.049, 1063 MiB, 15360 MiB, 32 %, 32.44 W
2026/09/29 15:02:47.053, 1063 MiB, 15360 MiB, 33 %, 31.55 W
2026/09/29 15:02:48.059, 1063 MiB, 15360 MiB, 34 %, 33.90 W
2026/09/29 15:02:49.064, 1063 MiB, 15360 MiB, 31 %, 30.96 W
2026/09/29 15:02:50.069, 1063 MiB, 15360 MiB, 32 %, 34.42 W
2026/09/29 15:02:51.073, 1063 MiB, 15360 MiB, 31 %, 32.24 W
2026/09/29 15:02:52.078, 1063 MiB, 15360 MiB, 31 %, 31.45 W
2026/09/29 15:02:53.083, 1063 MiB, 15360 MiB, 29 %, 31.85 W
2026/09/29 15:02:54.090, 1063 MiB, 15360 MiB, 27 %, 31.27 W
2026/09/29 15:02:55.095, 1063 MiB, 15360 MiB, 30 %, 31.06 W
2026/09/29 15:02:56.101, 1063 MiB, 15360 MiB, 20 %, 31.35 W
2026/09/29 15:02:57.116, 1063 MiB, 15360 MiB, 24 %, 30.37 W
2026/09/29 15:02:58.127, 1063 MiB, 15360 MiB, 22 %, 35.19 W
2026/09/29 15:02:59.132, 1063 MiB, 15360 MiB, 32 %, 32.22 W
2026/09/29 15:03:00.146, 1063 MiB, 15360 MiB, 31 %, 31.55 W
2026/09/29 15:03:01.152, 1063 MiB, 15360 MiB, 31 %, 31.65 W
2026/09/29 15:03:02.156, 1063 MiB, 15360 MiB, 31 %, 31.45 W
2026/09/29 15:03:03.162, 1063 MiB, 15360 MiB, 31 %, 30.96 W
2026/09/29 15:03:04.167, 1063 MiB, 15360 MiB, 31 %, 34.69 W
2026/09/29 15:03:05.173, 1063 MiB, 15360 MiB, 28 %, 30.84 W
2026/09/29 15:03:06.179, 1063 MiB, 15360 MiB, 32 %, 35.26 W
2026/09/29 15:03:07.184, 1063 MiB, 15360 MiB, 32 %, 34.69 W
2026/09/29 15:03:08.190, 1063 MiB, 15360 MiB, 25 %, 33.53 W
2026/09/29 15:03:09.204, 1063 MiB, 15360 MiB, 26 %, 30.66 W
2026/09/29 15:03:10.215, 1063 MiB, 15360 MiB, 25 %, 32.62 W
2026/09/29 15:03:11.222, 1063 MiB, 15360 MiB, 33 %, 33.80 W
2026/09/29 15:03:12.228, 1063 MiB, 15360 MiB, 33 %, 31.45 W
2026/09/29 15:03:13.233, 1063 MiB, 15360 MiB, 31 %, 31.65 W
2026/09/29 15:03:14.238, 1063 MiB, 15360 MiB, 32 %, 31.26 W
2026/09/29 15:03:15.243, 1063 MiB, 15360 MiB, 31 %, 31.26 W
2026/09/29 15:03:16.248, 1063 MiB, 15360 MiB, 31 %, 32.62 W
2026/09/29 15:03:17.253, 1063 MiB, 15360 MiB, 32 %, 31.95 W
2026/09/29 15:03:18.258, 1063 MiB, 15360 MiB, 32 %, 31.06 W
2026/09/29 15:03:19.263, 1063 MiB, 15360 MiB, 33 %, 30.86 W
2026/09/29 15:03:20.268, 1063 MiB, 15360 MiB, 32 %, 30.86 W
2026/09/29 15:03:21.275, 1063 MiB, 15360 MiB, 22 %, 30.76 W
2026/09/29 15:03:22.292, 1063 MiB, 15360 MiB, 23 %, 31.95 W
2026/09/29 15:03:23.300, 1063 MiB, 15360 MiB, 19 %, 31.73 W
2026/09/29 15:03:24.305, 1063 MiB, 15360 MiB, 32 %, 31.26 W
2026/09/29 15:03:25.310, 1063 MiB, 15360 MiB, 33 %, 32.82 W
2026/09/29 15:03:26.315, 1063 MiB, 15360 MiB, 33 %, 31.47 W
2026/09/29 15:03:27.320, 1063 MiB, 15360 MiB, 33 %, 31.16 W
2026/09/29 15:03:28.326, 1063 MiB, 15360 MiB, 33 %, 34.10 W
2026/09/29 15:03:29.340, 1063 MiB, 15360 MiB, 31 %, 30.56 W
2026/09/29 15:03:30.345, 1063 MiB, 15360 MiB, 32 %, 32.03 W
2026/09/29 15:03:31.351, 1063 MiB, 15360 MiB, 32 %, 31.34 W
2026/09/29 15:03:32.356, 1063 MiB, 15360 MiB, 31 %, 31.65 W
2026/09/29 15:03:33.369, 1063 MiB, 15360 MiB, 20 %, 30.38 W
2026/09/29 15:03:34.383, 1063 MiB, 15360 MiB, 26 %, 30.86 W
2026/09/29 15:03:35.395, 1063 MiB, 15360 MiB, 24 %, 30.66 W
2026/09/29 15:03:36.406, 1063 MiB, 15360 MiB, 33 %, 32.34 W
2026/09/29 15:03:37.411, 1063 MiB, 15360 MiB, 33 %, 31.35 W
2026/09/29 15:03:38.416, 1063 MiB, 15360 MiB, 33 %, 33.90 W
2026/09/29 15:03:39.422, 1063 MiB, 15360 MiB, 33 %, 31.85 W
2026/09/29 15:03:40.427, 1063 MiB, 15360 MiB, 32 %, 31.85 W
2026/09/29 15:03:41.432, 1063 MiB, 15360 MiB, 41 %, 32.93 W
2026/09/29 15:03:42.437, 1063 MiB, 15360 MiB, 30 %, 31.43 W
2026/09/29 15:03:43.442, 1063 MiB, 15360 MiB, 33 %, 31.06 W
2026/09/29 15:03:44.447, 1063 MiB, 15360 MiB, 33 %, 33.39 W
2026/09/29 15:03:45.452, 1063 MiB, 15360 MiB, 33 %, 31.95 W
2026/09/29 15:03:46.458, 1063 MiB, 15360 MiB, 25 %, 32.44 W
2026/09/29 15:03:47.472, 1063 MiB, 15360 MiB, 22 %, 30.47 W
2026/09/29 15:03:48.482, 1063 MiB, 15360 MiB, 21 %, 34.02 W
2026/09/29 15:03:49.488, 1063 MiB, 15360 MiB, 32 %, 31.65 W
2026/09/29 15:03:50.492, 1063 MiB, 15360 MiB, 31 %, 31.16 W
2026/09/29 15:03:51.498, 1063 MiB, 15360 MiB, 31 %, 32.14 W
2026/09/29 15:03:52.502, 1063 MiB, 15360 MiB, 30 %, 31.06 W
2026/09/29 15:03:53.507, 1063 MiB, 15360 MiB, 31 %, 31.06 W
2026/09/29 15:03:54.513, 1063 MiB, 15360 MiB, 31 %, 35.09 W
2026/09/29 15:03:55.520, 1063 MiB, 15360 MiB, 31 %, 34.30 W
2026/09/29 15:03:56.525, 1063 MiB, 15360 MiB, 32 %, 31.26 W
2026/09/29 15:03:57.530, 1063 MiB, 15360 MiB, 34 %, 30.37 W
2026/09/29 15:03:58.541, 1063 MiB, 15360 MiB, 30 %, 30.27 W
2026/09/29 15:03:59.558, 1063 MiB, 15360 MiB, 25 %, 31.26 W
2026/09/29 15:04:00.568, 1063 MiB, 15360 MiB, 23 %, 31.65 W
2026/09/29 15:04:01.583, 1063 MiB, 15360 MiB, 33 %, 31.16 W
2026/09/29 15:04:02.588, 1063 MiB, 15360 MiB, 33 %, 32.84 W
2026/09/29 15:04:03.592, 1063 MiB, 15360 MiB, 32 %, 36.07 W
2026/09/29 15:04:04.597, 1063 MiB, 15360 MiB, 33 %, 32.24 W
2026/09/29 15:04:05.602, 1063 MiB, 15360 MiB, 34 %, 30.86 W
2026/09/29 15:04:06.607, 1063 MiB, 15360 MiB, 33 %, 34.40 W
2026/09/29 15:04:07.612, 1063 MiB, 15360 MiB, 33 %, 31.45 W
2026/09/29 15:04:08.617, 1063 MiB, 15360 MiB, 41 %, 30.96 W
2026/09/29 15:04:09.622, 1063 MiB, 15360 MiB, 32 %, 31.85 W
2026/09/29 15:04:10.629, 1063 MiB, 15360 MiB, 33 %, 31.06 W
2026/09/29 15:04:11.635, 1063 MiB, 15360 MiB, 25 %, 30.56 W
2026/09/29 15:04:12.645, 1063 MiB, 15360 MiB, 26 %, 30.17 W
2026/09/29 15:04:13.651, 1063 MiB, 15360 MiB, 20 %, 32.54 W
2026/09/29 15:04:14.656, 1063 MiB, 15360 MiB, 33 %, 31.26 W
2026/09/29 15:04:15.663, 1063 MiB, 15360 MiB, 33 %, 31.75 W
2026/09/29 15:04:16.668, 1063 MiB, 15360 MiB, 33 %, 35.07 W
2026/09/29 15:04:17.674, 1063 MiB, 15360 MiB, 33 %, 31.85 W
2026/09/29 15:04:18.679, 1063 MiB, 15360 MiB, 32 %, 31.75 W
2026/09/29 15:04:19.683, 1063 MiB, 15360 MiB, 32 %, 31.16 W
2026/09/29 15:04:20.689, 1063 MiB, 15360 MiB, 33 %, 32.34 W
2026/09/29 15:04:21.694, 1063 MiB, 15360 MiB, 32 %, 31.06 W
2026/09/29 15:04:22.699, 1063 MiB, 15360 MiB, 34 %, 31.75 W
2026/09/29 15:04:23.704, 1063 MiB, 15360 MiB, 26 %, 30.27 W
2026/09/29 15:04:24.712, 1063 MiB, 15360 MiB, 26 %, 32.14 W
2026/09/29 15:04:25.723, 1063 MiB, 15360 MiB, 24 %, 30.37 W
2026/09/29 15:04:26.735, 1063 MiB, 15360 MiB, 31 %, 30.56 W
2026/09/29 15:04:27.741, 1063 MiB, 15360 MiB, 32 %, 31.35 W
2026/09/29 15:04:28.747, 1063 MiB, 15360 MiB, 31 %, 31.45 W
2026/09/29 15:04:29.753, 1063 MiB, 15360 MiB, 28 %, 30.84 W
2026/09/29 15:04:30.759, 1063 MiB, 15360 MiB, 33 %, 34.49 W
2026/09/29 15:04:31.771, 1063 MiB, 15360 MiB, 32 %, 31.08 W
2026/09/29 15:04:32.779, 1063 MiB, 15360 MiB, 33 %, 34.99 W
2026/09/29 15:04:33.784, 1063 MiB, 15360 MiB, 33 %, 31.95 W
2026/09/29 15:04:34.788, 1063 MiB, 15360 MiB, 33 %, 35.54 W
2026/09/29 15:04:35.793, 1063 MiB, 15360 MiB, 33 %, 32.14 W
2026/09/29 15:04:36.800, 1063 MiB, 15360 MiB, 25 %, 30.76 W
2026/09/29 15:04:37.811, 1063 MiB, 15360 MiB, 24 %, 30.86 W
2026/09/29 15:04:38.819, 1063 MiB, 15360 MiB, 20 %, 34.08 W
2026/09/29 15:04:39.824, 1063 MiB, 15360 MiB, 34 %, 33.11 W
2026/09/29 15:04:40.829, 1063 MiB, 15360 MiB, 32 %, 33.01 W
2026/09/29 15:04:41.834, 1063 MiB, 15360 MiB, 34 %, 32.14 W
2026/09/29 15:04:42.839, 1063 MiB, 15360 MiB, 34 %, 31.65 W
2026/09/29 15:04:43.844, 1063 MiB, 15360 MiB, 34 %, 36.35 W
2026/09/29 15:04:44.850, 1063 MiB, 15360 MiB, 34 %, 39.75 W
2026/09/29 15:04:45.857, 1063 MiB, 15360 MiB, 31 %, 33.41 W
2026/09/29 15:04:46.862, 1063 MiB, 15360 MiB, 31 %, 31.26 W
2026/09/29 15:04:47.868, 1063 MiB, 15360 MiB, 33 %, 31.35 W
2026/09/29 15:04:48.875, 1063 MiB, 15360 MiB, 30 %, 30.48 W
2026/09/29 15:04:49.886, 1063 MiB, 15360 MiB, 26 %, 34.89 W
2026/09/29 15:04:50.900, 1063 MiB, 15360 MiB, 23 %, 30.76 W
2026/09/29 15:04:51.909, 1063 MiB, 15360 MiB, 31 %, 31.53 W
2026/09/29 15:04:52.915, 1063 MiB, 15360 MiB, 31 %, 33.51 W
2026/09/29 15:04:53.921, 1063 MiB, 15360 MiB, 31 %, 33.80 W
2026/09/29 15:04:54.926, 1063 MiB, 15360 MiB, 36 %, 34.69 W
2026/09/29 15:04:55.931, 1063 MiB, 15360 MiB, 30 %, 33.01 W
2026/09/29 15:04:56.936, 1063 MiB, 15360 MiB, 30 %, 31.73 W
2026/09/29 15:04:57.941, 1063 MiB, 15360 MiB, 32 %, 31.16 W
2026/09/29 15:04:58.946, 1063 MiB, 15360 MiB, 32 %, 33.90 W
2026/09/29 15:04:59.952, 1063 MiB, 15360 MiB, 32 %, 30.17 W
2026/09/29 15:05:00.962, 1063 MiB, 15360 MiB, 33 %, 31.16 W
2026/09/29 15:05:01.969, 1063 MiB, 15360 MiB, 24 %, 33.01 W
2026/09/29 15:05:02.985, 1063 MiB, 15360 MiB, 26 %, 30.48 W
2026/09/29 15:05:03.998, 1063 MiB, 15360 MiB, 25 %, 31.16 W
2026/09/29 15:05:05.004, 1063 MiB, 15360 MiB, 31 %, 36.55 W
2026/09/29 15:05:06.009, 1063 MiB, 15360 MiB, 30 %, 31.35 W
2026/09/29 15:05:07.014, 1063 MiB, 15360 MiB, 30 %, 35.07 W
2026/09/29 15:05:08.019, 1063 MiB, 15360 MiB, 32 %, 32.42 W
2026/09/29 15:05:09.025, 1063 MiB, 15360 MiB, 31 %, 31.73 W
2026/09/29 15:05:10.030, 1063 MiB, 15360 MiB, 32 %, 35.26 W
2026/09/29 15:05:11.035, 1063 MiB, 15360 MiB, 33 %, 31.45 W
2026/09/29 15:05:12.040, 1063 MiB, 15360 MiB, 33 %, 32.52 W
2026/09/29 15:05:13.045, 1063 MiB, 15360 MiB, 31 %, 31.45 W
2026/09/29 15:05:14.051, 1063 MiB, 15360 MiB, 24 %, 33.71 W
2026/09/29 15:05:15.063, 1063 MiB, 15360 MiB, 24 %, 30.56 W
2026/09/29 15:05:16.080, 1063 MiB, 15360 MiB, 25 %, 30.96 W
2026/09/29 15:05:17.096, 1063 MiB, 15360 MiB, 32 %, 35.17 W
2026/09/29 15:05:18.101, 1063 MiB, 15360 MiB, 33 %, 30.96 W
2026/09/29 15:05:19.106, 1063 MiB, 15360 MiB, 31 %, 31.35 W
2026/09/29 15:05:20.111, 1063 MiB, 15360 MiB, 31 %, 34.99 W
2026/09/29 15:05:21.116, 1063 MiB, 15360 MiB, 32 %, 32.22 W
2026/09/29 15:05:22.122, 1063 MiB, 15360 MiB, 32 %, 31.26 W
2026/09/29 15:05:23.130, 1063 MiB, 15360 MiB, 31 %, 31.16 W
2026/09/29 15:05:24.135, 1063 MiB, 15360 MiB, 32 %, 33.51 W
2026/09/29 15:05:25.140, 1063 MiB, 15360 MiB, 32 %, 32.62 W
2026/09/29 15:05:26.145, 1063 MiB, 15360 MiB, 30 %, 33.98 W
2026/09/29 15:05:27.151, 1063 MiB, 15360 MiB, 21 %, 31.35 W
2026/09/29 15:05:28.160, 1063 MiB, 15360 MiB, 24 %, 33.67 W
2026/09/29 15:05:29.178, 1063 MiB, 15360 MiB, 19 %, 31.93 W
2026/09/29 15:05:30.182, 1063 MiB, 15360 MiB, 31 %, 30.37 W
2026/09/29 15:05:31.187, 1063 MiB, 15360 MiB, 31 %, 32.24 W
2026/09/29 15:05:32.193, 1063 MiB, 15360 MiB, 32 %, 31.45 W
2026/09/29 15:05:33.200, 1063 MiB, 15360 MiB, 31 %, 31.16 W
2026/09/29 15:05:34.210, 1063 MiB, 15360 MiB, 32 %, 33.61 W
2026/09/29 15:05:35.215, 1063 MiB, 15360 MiB, 32 %, 31.53 W
2026/09/29 15:05:36.220, 1063 MiB, 15360 MiB, 32 %, 31.95 W
2026/09/29 15:05:37.225, 1063 MiB, 15360 MiB, 32 %, 31.26 W
2026/09/29 15:05:38.230, 1063 MiB, 15360 MiB, 32 %, 31.16 W
2026/09/29 15:05:39.235, 1063 MiB, 15360 MiB, 33 %, 30.38 W
2026/09/29 15:05:40.244, 1063 MiB, 15360 MiB, 25 %, 31.16 W
2026/09/29 15:05:41.253, 1063 MiB, 15360 MiB, 23 %, 35.07 W
2026/09/29 15:05:42.268, 1063 MiB, 15360 MiB, 33 %, 32.62 W
2026/09/29 15:05:43.273, 1063 MiB, 15360 MiB, 32 %, 31.53 W
2026/09/29 15:05:44.278, 1063 MiB, 15360 MiB, 31 %, 31.16 W
2026/09/29 15:05:45.283, 1063 MiB, 15360 MiB, 31 %, 31.16 W
2026/09/29 15:05:46.292, 1063 MiB, 15360 MiB, 31 %, 31.26 W
2026/09/29 15:05:47.297, 1063 MiB, 15360 MiB, 33 %, 33.41 W
2026/09/29 15:05:48.302, 1063 MiB, 15360 MiB, 29 %, 31.26 W
2026/09/29 15:05:49.307, 1063 MiB, 15360 MiB, 32 %, 31.16 W
2026/09/29 15:05:50.312, 1063 MiB, 15360 MiB, 32 %, 35.56 W
2026/09/29 15:05:51.317, 1063 MiB, 15360 MiB, 34 %, 31.73 W
2026/09/29 15:05:52.323, 1063 MiB, 15360 MiB, 23 %, 30.47 W
2026/09/29 15:05:53.334, 1063 MiB, 15360 MiB, 23 %, 30.45 W
2026/09/29 15:05:54.348, 1063 MiB, 15360 MiB, 22 %, 30.47 W
2026/09/29 15:05:55.352, 1063 MiB, 15360 MiB, 32 %, 31.95 W
2026/09/29 15:05:56.358, 1063 MiB, 15360 MiB, 32 %, 31.45 W
2026/09/29 15:05:57.365, 1063 MiB, 15360 MiB, 31 %, 31.45 W
2026/09/29 15:05:58.370, 1063 MiB, 15360 MiB, 33 %, 31.95 W
2026/09/29 15:05:59.375, 1063 MiB, 15360 MiB, 30 %, 30.78 W
2026/09/29 15:06:00.380, 1063 MiB, 15360 MiB, 30 %, 30.86 W
2026/09/29 15:06:01.386, 1063 MiB, 15360 MiB, 32 %, 31.26 W
2026/09/29 15:06:02.391, 1063 MiB, 15360 MiB, 32 %, 34.38 W
2026/09/29 15:06:03.399, 1063 MiB, 15360 MiB, 33 %, 30.96 W
2026/09/29 15:06:04.406, 1063 MiB, 15360 MiB, 29 %, 33.01 W
2026/09/29 15:06:05.417, 1063 MiB, 15360 MiB, 25 %, 30.56 W
2026/09/29 15:06:06.428, 1063 MiB, 15360 MiB, 24 %, 31.83 W
2026/09/29 15:06:07.437, 1063 MiB, 15360 MiB, 32 %, 30.96 W
2026/09/29 15:06:08.444, 1063 MiB, 15360 MiB, 31 %, 31.75 W
2026/09/29 15:06:09.449, 1063 MiB, 15360 MiB, 33 %, 31.26 W
2026/09/29 15:06:10.454, 1063 MiB, 15360 MiB, 33 %, 31.83 W
2026/09/29 15:06:11.459, 1063 MiB, 15360 MiB, 33 %, 31.04 W
2026/09/29 15:06:12.465, 1063 MiB, 15360 MiB, 33 %, 31.47 W
2026/09/29 15:06:13.470, 1063 MiB, 15360 MiB, 32 %, 34.59 W
2026/09/29 15:06:14.476, 1063 MiB, 15360 MiB, 33 %, 33.01 W
2026/09/29 15:06:15.480, 1063 MiB, 15360 MiB, 34 %, 31.53 W
2026/09/29 15:06:16.487, 1063 MiB, 15360 MiB, 33 %, 30.86 W
2026/09/29 15:06:17.493, 1063 MiB, 15360 MiB, 25 %, 33.71 W
2026/09/29 15:06:18.503, 1063 MiB, 15360 MiB, 26 %, 32.32 W
2026/09/29 15:06:19.513, 1063 MiB, 15360 MiB, 20 %, 30.38 W
2026/09/29 15:06:20.524, 1063 MiB, 15360 MiB, 32 %, 31.16 W
2026/09/29 15:06:21.529, 1063 MiB, 15360 MiB, 32 %, 30.96 W
2026/09/29 15:06:22.533, 1063 MiB, 15360 MiB, 30 %, 30.86 W
2026/09/29 15:06:23.538, 1063 MiB, 15360 MiB, 30 %, 32.42 W
2026/09/29 15:06:24.543, 1063 MiB, 15360 MiB, 30 %, 33.51 W
2026/09/29 15:06:25.548, 1063 MiB, 15360 MiB, 32 %, 31.26 W
2026/09/29 15:06:26.553, 1063 MiB, 15360 MiB, 32 %, 32.74 W
2026/09/29 15:06:27.558, 1063 MiB, 15360 MiB, 31 %, 31.45 W
2026/09/29 15:06:28.563, 1063 MiB, 15360 MiB, 31 %, 31.26 W
2026/09/29 15:06:29.569, 1063 MiB, 15360 MiB, 33 %, 34.00 W
2026/09/29 15:06:30.581, 1063 MiB, 15360 MiB, 25 %, 30.07 W
2026/09/29 15:06:31.596, 1063 MiB, 15360 MiB, 20 %, 30.86 W
2026/09/29 15:06:32.606, 1063 MiB, 15360 MiB, 32 %, 34.40 W
2026/09/29 15:06:33.612, 1063 MiB, 15360 MiB, 30 %, 30.86 W
2026/09/29 15:06:34.617, 1063 MiB, 15360 MiB, 30 %, 31.55 W
2026/09/29 15:06:35.622, 1063 MiB, 15360 MiB, 31 %, 31.45 W
2026/09/29 15:06:36.627, 1063 MiB, 15360 MiB, 31 %, 30.47 W
2026/09/29 15:06:37.631, 1063 MiB, 15360 MiB, 31 %, 31.16 W
2026/09/29 15:06:38.638, 1063 MiB, 15360 MiB, 31 %, 30.94 W
2026/09/29 15:06:39.643, 1063 MiB, 15360 MiB, 29 %, 31.16 W
2026/09/29 15:06:40.648, 1063 MiB, 15360 MiB, 29 %, 31.26 W
2026/09/29 15:06:41.654, 1063 MiB, 15360 MiB, 30 %, 31.16 W
2026/09/29 15:06:42.661, 1063 MiB, 15360 MiB, 21 %, 30.96 W
2026/09/29 15:06:43.671, 1063 MiB, 15360 MiB, 25 %, 32.74 W
2026/09/29 15:06:44.680, 1063 MiB, 15360 MiB, 20 %, 30.27 W
2026/09/29 15:06:45.692, 1063 MiB, 15360 MiB, 30 %, 30.76 W
2026/09/29 15:06:46.697, 1063 MiB, 15360 MiB, 29 %, 30.76 W
2026/09/29 15:06:47.702, 1063 MiB, 15360 MiB, 30 %, 31.45 W
2026/09/29 15:06:48.708, 1063 MiB, 15360 MiB, 28 %, 34.89 W
2026/09/29 15:06:49.713, 1063 MiB, 15360 MiB, 30 %, 31.95 W
2026/09/29 15:06:50.718, 1063 MiB, 15360 MiB, 30 %, 30.86 W
2026/09/29 15:06:51.723, 1063 MiB, 15360 MiB, 30 %, 34.00 W
2026/09/29 15:06:52.730, 1063 MiB, 15360 MiB, 30 %, 30.86 W
2026/09/29 15:06:53.734, 1063 MiB, 15360 MiB, 30 %, 34.47 W
2026/09/29 15:06:54.740, 1063 MiB, 15360 MiB, 30 %, 33.41 W
2026/09/29 15:06:55.746, 1063 MiB, 15360 MiB, 23 %, 30.37 W
2026/09/29 15:06:56.754, 1063 MiB, 15360 MiB, 18 %, 30.86 W
2026/09/29 15:06:57.766, 1063 MiB, 15360 MiB, 28 %, 30.28 W
2026/09/29 15:06:58.771, 1063 MiB, 15360 MiB, 28 %, 30.66 W
2026/09/29 15:06:59.776, 1063 MiB, 15360 MiB, 29 %, 31.16 W
2026/09/29 15:07:00.782, 1063 MiB, 15360 MiB, 30 %, 30.84 W
2026/09/29 15:07:01.789, 1063 MiB, 15360 MiB, 30 %, 31.35 W
2026/09/29 15:07:02.799, 1063 MiB, 15360 MiB, 30 %, 30.66 W
2026/09/29 15:07:03.804, 1063 MiB, 15360 MiB, 29 %, 30.96 W
2026/09/29 15:07:04.810, 1063 MiB, 15360 MiB, 27 %, 30.66 W
2026/09/29 15:07:05.815, 1063 MiB, 15360 MiB, 30 %, 31.26 W
2026/09/29 15:07:06.820, 1063 MiB, 15360 MiB, 30 %, 31.55 W
2026/09/29 15:07:07.826, 1063 MiB, 15360 MiB, 22 %, 30.78 W
2026/09/29 15:07:08.840, 1063 MiB, 15360 MiB, 23 %, 30.47 W
2026/09/29 15:07:09.851, 1063 MiB, 15360 MiB, 18 %, 32.64 W
2026/09/29 15:07:10.860, 1063 MiB, 15360 MiB, 30 %, 30.96 W
2026/09/29 15:07:11.867, 1063 MiB, 15360 MiB, 31 %, 31.06 W
2026/09/29 15:07:12.873, 1063 MiB, 15360 MiB, 30 %, 31.06 W
2026/09/29 15:07:13.880, 1063 MiB, 15360 MiB, 31 %, 31.35 W
2026/09/29 15:07:14.886, 1063 MiB, 15360 MiB, 31 %, 31.75 W
2026/09/29 15:07:15.892, 1063 MiB, 15360 MiB, 29 %, 30.96 W
2026/09/29 15:07:16.897, 1063 MiB, 15360 MiB, 30 %, 30.86 W
2026/09/29 15:07:17.902, 1063 MiB, 15360 MiB, 28 %, 30.86 W
2026/09/29 15:07:18.909, 1063 MiB, 15360 MiB, 30 %, 30.76 W
2026/09/29 15:07:19.915, 1063 MiB, 15360 MiB, 28 %, 32.52 W
2026/09/29 15:07:20.925, 1063 MiB, 15360 MiB, 23 %, 30.96 W
2026/09/29 15:07:21.936, 1063 MiB, 15360 MiB, 20 %, 30.19 W
2026/09/29 15:07:22.947, 1063 MiB, 15360 MiB, 27 %, 30.66 W
2026/09/29 15:07:23.952, 1063 MiB, 15360 MiB, 28 %, 30.56 W
2026/09/29 15:07:24.957, 1063 MiB, 15360 MiB, 27 %, 33.51 W
2026/09/29 15:07:25.962, 1063 MiB, 15360 MiB, 28 %, 33.71 W
2026/09/29 15:07:26.967, 1063 MiB, 15360 MiB, 27 %, 30.68 W
2026/09/29 15:07:27.972, 1063 MiB, 15360 MiB, 27 %, 31.85 W
2026/09/29 15:07:28.978, 1063 MiB, 15360 MiB, 29 %, 30.76 W
2026/09/29 15:07:29.985, 1063 MiB, 15360 MiB, 29 %, 30.76 W
2026/09/29 15:07:30.990, 1063 MiB, 15360 MiB, 29 %, 30.56 W
2026/09/29 15:07:31.995, 1063 MiB, 15360 MiB, 29 %, 30.96 W
2026/09/29 15:07:33.001, 1063 MiB, 15360 MiB, 19 %, 33.11 W
2026/09/29 15:07:34.013, 1063 MiB, 15360 MiB, 23 %, 30.17 W
2026/09/29 15:07:35.033, 1063 MiB, 15360 MiB, 18 %, 30.09 W
2026/09/29 15:07:36.046, 1063 MiB, 15360 MiB, 26 %, 30.56 W
2026/09/29 15:07:37.052, 1063 MiB, 15360 MiB, 29 %, 30.86 W
2026/09/29 15:07:38.057, 1063 MiB, 15360 MiB, 26 %, 30.56 W
2026/09/29 15:07:39.062, 1063 MiB, 15360 MiB, 29 %, 32.24 W
2026/09/29 15:07:40.066, 1063 MiB, 15360 MiB, 29 %, 30.56 W
2026/09/29 15:07:41.071, 1063 MiB, 15360 MiB, 29 %, 31.45 W
2026/09/29 15:07:42.076, 1063 MiB, 15360 MiB, 29 %, 35.68 W
2026/09/29 15:07:43.083, 1063 MiB, 15360 MiB, 27 %, 30.56 W
2026/09/29 15:07:44.088, 1063 MiB, 15360 MiB, 29 %, 30.96 W
2026/09/29 15:07:45.093, 1063 MiB, 15360 MiB, 28 %, 31.65 W
2026/09/29 15:07:46.099, 1063 MiB, 15360 MiB, 23 %, 32.42 W
2026/09/29 15:07:47.108, 1063 MiB, 15360 MiB, 21 %, 30.37 W
2026/09/29 15:07:48.120, 1063 MiB, 15360 MiB, 27 %, 33.11 W
2026/09/29 15:07:49.125, 1063 MiB, 15360 MiB, 29 %, 34.00 W
2026/09/29 15:07:50.130, 1063 MiB, 15360 MiB, 28 %, 30.96 W
2026/09/29 15:07:51.135, 1063 MiB, 15360 MiB, 27 %, 31.45 W
2026/09/29 15:07:52.140, 1063 MiB, 15360 MiB, 28 %, 34.69 W
2026/09/29 15:07:53.145, 1063 MiB, 15360 MiB, 27 %, 30.56 W
2026/09/29 15:07:54.151, 1063 MiB, 15360 MiB, 29 %, 31.06 W
2026/09/29 15:07:55.155, 1063 MiB, 15360 MiB, 28 %, 30.74 W
2026/09/29 15:07:56.160, 1063 MiB, 15360 MiB, 37 %, 30.76 W
2026/09/29 15:07:57.165, 1063 MiB, 15360 MiB, 28 %, 31.55 W
2026/09/29 15:07:58.173, 1063 MiB, 15360 MiB, 18 %, 31.35 W
2026/09/29 15:07:59.183, 1063 MiB, 15360 MiB, 21 %, 30.56 W
2026/09/29 15:08:00.196, 1063 MiB, 15360 MiB, 23 %, 29.89 W
2026/09/29 15:08:01.203, 1063 MiB, 15360 MiB, 29 %, 30.47 W
2026/09/29 15:08:02.210, 1063 MiB, 15360 MiB, 30 %, 32.92 W
2026/09/29 15:08:03.226, 1063 MiB, 15360 MiB, 31 %, 30.37 W
2026/09/29 15:08:04.231, 1063 MiB, 15360 MiB, 30 %, 30.96 W
2026/09/29 15:08:05.236, 1063 MiB, 15360 MiB, 29 %, 30.86 W
2026/09/29 15:08:06.242, 1063 MiB, 15360 MiB, 29 %, 31.55 W
2026/09/29 15:08:07.249, 1063 MiB, 15360 MiB, 30 %, 32.44 W
2026/09/29 15:08:08.254, 1063 MiB, 15360 MiB, 30 %, 32.13 W
2026/09/29 15:08:09.259, 1063 MiB, 15360 MiB, 30 %, 35.76 W
2026/09/29 15:08:10.263, 1063 MiB, 15360 MiB, 30 %, 30.56 W
2026/09/29 15:08:11.270, 1063 MiB, 15360 MiB, 23 %, 30.37 W
2026/09/29 15:08:12.280, 1063 MiB, 15360 MiB, 22 %, 30.47 W
2026/09/29 15:08:13.288, 1063 MiB, 15360 MiB, 23 %, 30.84 W
2026/09/29 15:08:14.294, 1063 MiB, 15360 MiB, 31 %, 31.65 W
2026/09/29 15:08:15.299, 1063 MiB, 15360 MiB, 29 %, 30.96 W
2026/09/29 15:08:16.305, 1063 MiB, 15360 MiB, 29 %, 32.64 W
2026/09/29 15:08:17.309, 1063 MiB, 15360 MiB, 30 %, 33.69 W
2026/09/29 15:08:18.314, 1063 MiB, 15360 MiB, 30 %, 30.56 W
2026/09/29 15:08:19.319, 1063 MiB, 15360 MiB, 29 %, 30.98 W
2026/09/29 15:08:20.324, 1063 MiB, 15360 MiB, 30 %, 30.66 W
2026/09/29 15:08:21.330, 1063 MiB, 15360 MiB, 28 %, 31.16 W
2026/09/29 15:08:22.335, 1063 MiB, 15360 MiB, 27 %, 31.95 W
2026/09/29 15:08:23.346, 1063 MiB, 15360 MiB, 23 %, 30.47 W
2026/09/29 15:08:24.362, 1063 MiB, 15360 MiB, 23 %, 30.66 W
2026/09/29 15:08:25.380, 1063 MiB, 15360 MiB, 20 %, 30.56 W
2026/09/29 15:08:26.390, 1063 MiB, 15360 MiB, 28 %, 31.35 W
2026/09/29 15:08:27.395, 1063 MiB, 15360 MiB, 25 %, 34.79 W
2026/09/29 15:08:28.400, 1063 MiB, 15360 MiB, 32 %, 35.58 W
2026/09/29 15:08:29.404, 1063 MiB, 15360 MiB, 28 %, 30.56 W
2026/09/29 15:08:30.409, 1063 MiB, 15360 MiB, 26 %, 30.07 W
2026/09/29 15:08:31.414, 1063 MiB, 15360 MiB, 30 %, 31.37 W
2026/09/29 15:08:32.419, 1063 MiB, 15360 MiB, 29 %, 32.64 W
2026/09/29 15:08:33.429, 1063 MiB, 15360 MiB, 30 %, 31.35 W
2026/09/29 15:08:34.438, 1063 MiB, 15360 MiB, 30 %, 31.45 W
2026/09/29 15:08:35.443, 1063 MiB, 15360 MiB, 30 %, 30.56 W
2026/09/29 15:08:36.449, 1063 MiB, 15360 MiB, 24 %, 30.47 W
2026/09/29 15:08:37.460, 1063 MiB, 15360 MiB, 21 %, 31.35 W
2026/09/29 15:08:38.468, 1063 MiB, 15360 MiB, 29 %, 31.95 W
2026/09/29 15:08:39.475, 1063 MiB, 15360 MiB, 30 %, 32.84 W
2026/09/29 15:08:40.480, 1063 MiB, 15360 MiB, 30 %, 30.96 W
2026/09/29 15:08:41.486, 1063 MiB, 15360 MiB, 31 %, 33.11 W
2026/09/29 15:08:42.491, 1063 MiB, 15360 MiB, 30 %, 30.78 W
2026/09/29 15:08:43.496, 1063 MiB, 15360 MiB, 30 %, 33.98 W
2026/09/29 15:08:44.501, 1063 MiB, 15360 MiB, 30 %, 31.35 W
2026/09/29 15:08:45.507, 1063 MiB, 15360 MiB, 30 %, 31.45 W
2026/09/29 15:08:46.512, 1063 MiB, 15360 MiB, 30 %, 31.65 W
2026/09/29 15:08:47.517, 1063 MiB, 15360 MiB, 30 %, 34.30 W
2026/09/29 15:08:48.523, 1063 MiB, 15360 MiB, 20 %, 30.28 W
2026/09/29 15:08:49.535, 1063 MiB, 15360 MiB, 25 %, 33.71 W
2026/09/29 15:08:50.551, 1063 MiB, 15360 MiB, 23 %, 29.87 W
2026/09/29 15:08:51.563, 1063 MiB, 15360 MiB, 31 %, 31.06 W
2026/09/29 15:08:52.568, 1063 MiB, 15360 MiB, 31 %, 31.65 W
2026/09/29 15:08:53.573, 1063 MiB, 15360 MiB, 30 %, 32.24 W
2026/09/29 15:08:54.578, 1063 MiB, 15360 MiB, 29 %, 33.23 W
2026/09/29 15:08:55.583, 1063 MiB, 15360 MiB, 27 %, 32.34 W
2026/09/29 15:08:56.588, 1063 MiB, 15360 MiB, 29 %, 35.17 W
2026/09/29 15:08:57.593, 1063 MiB, 15360 MiB, 29 %, 30.96 W
2026/09/29 15:08:58.598, 1063 MiB, 15360 MiB, 29 %, 31.35 W
2026/09/29 15:08:59.603, 1063 MiB, 15360 MiB, 28 %, 33.21 W
2026/09/29 15:09:00.608, 1063 MiB, 15360 MiB, 29 %, 30.96 W
2026/09/29 15:09:01.615, 1063 MiB, 15360 MiB, 24 %, 30.27 W
2026/09/29 15:09:02.628, 1063 MiB, 15360 MiB, 22 %, 32.74 W
2026/09/29 15:09:03.637, 1063 MiB, 15360 MiB, 19 %, 30.68 W
2026/09/29 15:09:04.642, 1063 MiB, 15360 MiB, 30 %, 30.76 W
2026/09/29 15:09:05.647, 1063 MiB, 15360 MiB, 29 %, 30.76 W
2026/09/29 15:09:06.652, 1063 MiB, 15360 MiB, 29 %, 30.86 W
2026/09/29 15:09:07.657, 1063 MiB, 15360 MiB, 30 %, 30.66 W
2026/09/29 15:09:08.662, 1063 MiB, 15360 MiB, 30 %, 32.52 W
2026/09/29 15:09:09.667, 1063 MiB, 15360 MiB, 30 %, 30.56 W
2026/09/29 15:09:10.672, 1063 MiB, 15360 MiB, 30 %, 30.76 W
2026/09/29 15:09:11.677, 1063 MiB, 15360 MiB, 30 %, 30.96 W
2026/09/29 15:09:12.683, 1063 MiB, 15360 MiB, 30 %, 31.16 W
2026/09/29 15:09:13.689, 1063 MiB, 15360 MiB, 23 %, 31.93 W
2026/09/29 15:09:14.702, 1063 MiB, 15360 MiB, 24 %, 30.56 W
2026/09/29 15:09:15.719, 1063 MiB, 15360 MiB, 20 %, 29.87 W
2026/09/29 15:09:16.729, 1063 MiB, 15360 MiB, 29 %, 30.76 W
2026/09/29 15:09:17.734, 1063 MiB, 15360 MiB, 32 %, 34.89 W
2026/09/29 15:09:18.739, 1063 MiB, 15360 MiB, 30 %, 30.56 W
2026/09/29 15:09:19.744, 1063 MiB, 15360 MiB, 29 %, 30.47 W
2026/09/29 15:09:20.749, 1063 MiB, 15360 MiB, 29 %, 30.66 W
2026/09/29 15:09:21.755, 1063 MiB, 15360 MiB, 29 %, 31.16 W
2026/09/29 15:09:22.760, 1063 MiB, 15360 MiB, 30 %, 31.06 W
2026/09/29 15:09:23.765, 1063 MiB, 15360 MiB, 30 %, 31.26 W
2026/09/29 15:09:24.770, 1063 MiB, 15360 MiB, 30 %, 30.86 W
2026/09/29 15:09:25.775, 1063 MiB, 15360 MiB, 36 %, 32.14 W
2026/09/29 15:09:26.782, 1063 MiB, 15360 MiB, 24 %, 32.82 W
2026/09/29 15:09:27.799, 1063 MiB, 15360 MiB, 20 %, 30.27 W
2026/09/29 15:09:28.808, 1063 MiB, 15360 MiB, 25 %, 30.86 W
2026/09/29 15:09:29.815, 1063 MiB, 15360 MiB, 28 %, 31.16 W
2026/09/29 15:09:30.820, 1063 MiB, 15360 MiB, 28 %, 31.35 W
2026/09/29 15:09:31.825, 1063 MiB, 15360 MiB, 28 %, 31.35 W
2026/09/29 15:09:32.829, 1063 MiB, 15360 MiB, 32 %, 30.37 W
2026/09/29 15:09:33.834, 1063 MiB, 15360 MiB, 29 %, 30.27 W
2026/09/29 15:09:34.839, 1063 MiB, 15360 MiB, 30 %, 31.06 W
2026/09/29 15:09:35.846, 1063 MiB, 15360 MiB, 30 %, 31.16 W
2026/09/29 15:09:36.855, 1063 MiB, 15360 MiB, 30 %, 31.26 W
2026/09/29 15:09:37.864, 1063 MiB, 15360 MiB, 29 %, 30.66 W
2026/09/29 15:09:38.871, 1063 MiB, 15360 MiB, 19 %, 30.47 W
2026/09/29 15:09:39.880, 1063 MiB, 15360 MiB, 24 %, 30.37 W
2026/09/29 15:09:40.899, 1063 MiB, 15360 MiB, 22 %, 30.28 W
2026/09/29 15:09:41.907, 1063 MiB, 15360 MiB, 30 %, 30.37 W
2026/09/29 15:09:42.913, 1063 MiB, 15360 MiB, 30 %, 30.37 W
2026/09/29 15:09:43.918, 1063 MiB, 15360 MiB, 30 %, 36.88 W
2026/09/29 15:09:44.923, 1065 MiB, 15360 MiB, 29 %, 30.28 W
2026/09/29 15:09:45.928, 1065 MiB, 15360 MiB, 29 %, 30.56 W
2026/09/29 15:09:46.932, 1065 MiB, 15360 MiB, 29 %, 30.86 W
2026/09/29 15:09:47.937, 1065 MiB, 15360 MiB, 30 %, 31.85 W
2026/09/29 15:09:48.942, 1065 MiB, 15360 MiB, 31 %, 31.65 W
2026/09/29 15:09:49.947, 1065 MiB, 15360 MiB, 30 %, 33.61 W
2026/09/29 15:09:50.952, 1065 MiB, 15360 MiB, 31 %, 30.66 W
2026/09/29 15:09:51.958, 1065 MiB, 15360 MiB, 23 %, 30.17 W
2026/09/29 15:09:52.971, 1065 MiB, 15360 MiB, 22 %, 32.34 W
2026/09/29 15:09:53.981, 1065 MiB, 15360 MiB, 23 %, 35.76 W
2026/09/29 15:09:54.987, 1065 MiB, 15360 MiB, 29 %, 30.66 W
2026/09/29 15:09:55.993, 1065 MiB, 15360 MiB, 29 %, 30.86 W
2026/09/29 15:09:56.998, 1065 MiB, 15360 MiB, 27 %, 31.35 W
2026/09/29 15:09:58.003, 1065 MiB, 15360 MiB, 25 %, 30.37 W
2026/09/29 15:09:59.008, 1065 MiB, 15360 MiB, 28 %, 30.66 W
2026/09/29 15:10:00.012, 1065 MiB, 15360 MiB, 29 %, 30.86 W
2026/09/29 15:10:01.017, 1065 MiB, 15360 MiB, 30 %, 30.86 W
2026/09/29 15:10:02.022, 1065 MiB, 15360 MiB, 30 %, 32.14 W
2026/09/29 15:10:03.027, 1065 MiB, 15360 MiB, 30 %, 33.31 W
2026/09/29 15:10:04.034, 1065 MiB, 15360 MiB, 23 %, 32.92 W
2026/09/29 15:10:05.050, 1065 MiB, 15360 MiB, 24 %, 30.17 W
2026/09/29 15:10:06.064, 1065 MiB, 15360 MiB, 20 %, 30.07 W
2026/09/29 15:10:07.077, 1065 MiB, 15360 MiB, 30 %, 35.68 W
2026/09/29 15:10:08.082, 1065 MiB, 15360 MiB, 32 %, 36.45 W
2026/09/29 15:10:09.087, 1065 MiB, 15360 MiB, 29 %, 30.66 W
2026/09/29 15:10:10.092, 1065 MiB, 15360 MiB, 29 %, 31.16 W
2026/09/29 15:10:11.096, 1065 MiB, 15360 MiB, 29 %, 30.76 W
2026/09/29 15:10:12.102, 1065 MiB, 15360 MiB, 29 %, 30.76 W
2026/09/29 15:10:13.106, 1065 MiB, 15360 MiB, 29 %, 31.55 W
2026/09/29 15:10:14.111, 1065 MiB, 15360 MiB, 30 %, 31.65 W
2026/09/29 15:10:15.127, 1065 MiB, 15360 MiB, 30 %, 31.14 W
2026/09/29 15:10:16.132, 1065 MiB, 15360 MiB, 29 %, 30.56 W
2026/09/29 15:10:17.138, 1065 MiB, 15360 MiB, 24 %, 31.06 W
2026/09/29 15:10:18.147, 1065 MiB, 15360 MiB, 21 %, 30.27 W
2026/09/29 15:10:19.153, 1065 MiB, 15360 MiB, 26 %, 32.52 W
2026/09/29 15:10:20.158, 1065 MiB, 15360 MiB, 30 %, 35.38 W
2026/09/29 15:10:21.163, 1065 MiB, 15360 MiB, 30 %, 34.57 W
2026/09/29 15:10:22.168, 1065 MiB, 15360 MiB, 31 %, 34.99 W
2026/09/29 15:10:23.173, 1065 MiB, 15360 MiB, 31 %, 35.17 W
2026/09/29 15:10:24.178, 1065 MiB, 15360 MiB, 31 %, 30.74 W
2026/09/29 15:10:25.183, 1065 MiB, 15360 MiB, 31 %, 34.20 W
2026/09/29 15:10:26.188, 1065 MiB, 15360 MiB, 30 %, 33.01 W
2026/09/29 15:10:27.193, 1065 MiB, 15360 MiB, 30 %, 33.61 W
2026/09/29 15:10:28.198, 1065 MiB, 15360 MiB, 26 %, 30.76 W
2026/09/29 15:10:29.209, 1065 MiB, 15360 MiB, 20 %, 30.37 W
2026/09/29 15:10:30.220, 1065 MiB, 15360 MiB, 23 %, 31.55 W
2026/09/29 15:10:31.235, 1065 MiB, 15360 MiB, 23 %, 30.27 W
2026/09/29 15:10:32.244, 1065 MiB, 15360 MiB, 31 %, 30.56 W
2026/09/29 15:10:33.248, 1065 MiB, 15360 MiB, 31 %, 31.06 W
2026/09/29 15:10:34.253, 1065 MiB, 15360 MiB, 38 %, 30.37 W
2026/09/29 15:10:35.267, 1065 MiB, 15360 MiB, 31 %, 30.17 W
2026/09/29 15:10:36.273, 1065 MiB, 15360 MiB, 31 %, 32.13 W
2026/09/29 15:10:37.278, 1065 MiB, 15360 MiB, 31 %, 31.26 W
2026/09/29 15:10:38.283, 1065 MiB, 15360 MiB, 31 %, 30.56 W
2026/09/29 15:10:39.288, 1065 MiB, 15360 MiB, 31 %, 34.59 W
2026/09/29 15:10:40.294, 1065 MiB, 15360 MiB, 31 %, 31.06 W
2026/09/29 15:10:41.298, 1065 MiB, 15360 MiB, 29 %, 33.51 W
2026/09/29 15:10:42.304, 1065 MiB, 15360 MiB, 23 %, 34.51 W
2026/09/29 15:10:43.318, 1065 MiB, 15360 MiB, 22 %, 30.76 W
2026/09/29 15:10:44.329, 1065 MiB, 15360 MiB, 21 %, 32.64 W
2026/09/29 15:10:45.333, 1065 MiB, 15360 MiB, 29 %, 34.49 W
2026/09/29 15:10:46.339, 1065 MiB, 15360 MiB, 30 %, 34.89 W
2026/09/29 15:10:47.344, 1065 MiB, 15360 MiB, 30 %, 31.75 W
2026/09/29 15:10:48.349, 1065 MiB, 15360 MiB, 30 %, 31.75 W
2026/09/29 15:10:49.354, 1065 MiB, 15360 MiB, 30 %, 30.76 W
2026/09/29 15:10:50.359, 1065 MiB, 15360 MiB, 31 %, 30.66 W
2026/09/29 15:10:51.364, 1065 MiB, 15360 MiB, 30 %, 30.66 W
2026/09/29 15:10:52.369, 1065 MiB, 15360 MiB, 30 %, 30.86 W
2026/09/29 15:10:53.374, 1065 MiB, 15360 MiB, 30 %, 30.66 W
2026/09/29 15:10:54.380, 1065 MiB, 15360 MiB, 25 %, 30.19 W
2026/09/29 15:10:55.394, 1065 MiB, 15360 MiB, 24 %, 30.27 W
2026/09/29 15:10:56.403, 1065 MiB, 15360 MiB, 21 %, 29.77 W
2026/09/29 15:10:57.414, 1065 MiB, 15360 MiB, 29 %, 30.86 W
2026/09/29 15:10:58.420, 1065 MiB, 15360 MiB, 28 %, 30.56 W
2026/09/29 15:10:59.425, 1065 MiB, 15360 MiB, 27 %, 33.41 W
2026/09/29 15:11:00.429, 1065 MiB, 15360 MiB, 29 %, 33.01 W
2026/09/29 15:11:01.434, 1065 MiB, 15360 MiB, 27 %, 35.56 W
2026/09/29 15:11:02.439, 1065 MiB, 15360 MiB, 28 %, 30.96 W
2026/09/29 15:11:03.444, 1065 MiB, 15360 MiB, 28 %, 30.86 W
2026/09/29 15:11:04.449, 1065 MiB, 15360 MiB, 28 %, 30.56 W
2026/09/29 15:11:05.454, 1065 MiB, 15360 MiB, 29 %, 30.27 W
2026/09/29 15:11:06.459, 1065 MiB, 15360 MiB, 30 %, 31.35 W
2026/09/29 15:11:07.470, 1065 MiB, 15360 MiB, 24 %, 30.47 W
2026/09/29 15:11:08.486, 1065 MiB, 15360 MiB, 21 %, 30.37 W
2026/09/29 15:11:09.498, 1065 MiB, 15360 MiB, 25 %, 30.38 W
2026/09/29 15:11:10.505, 1065 MiB, 15360 MiB, 29 %, 30.56 W
2026/09/29 15:11:11.510, 1065 MiB, 15360 MiB, 30 %, 30.56 W
2026/09/29 15:11:12.515, 1065 MiB, 15360 MiB, 30 %, 30.86 W
2026/09/29 15:11:13.520, 1065 MiB, 15360 MiB, 30 %, 30.96 W
2026/09/29 15:11:14.525, 1065 MiB, 15360 MiB, 29 %, 32.93 W
2026/09/29 15:11:15.530, 1065 MiB, 15360 MiB, 27 %, 32.24 W
2026/09/29 15:11:16.535, 1065 MiB, 15360 MiB, 30 %, 30.96 W
2026/09/29 15:11:17.540, 1065 MiB, 15360 MiB, 30 %, 31.06 W
2026/09/29 15:11:18.546, 1065 MiB, 15360 MiB, 30 %, 30.96 W
2026/09/29 15:11:19.553, 1065 MiB, 15360 MiB, 21 %, 31.16 W
2026/09/29 15:11:20.563, 1065 MiB, 15360 MiB, 24 %, 30.66 W
2026/09/29 15:11:21.575, 1065 MiB, 15360 MiB, 23 %, 29.87 W
2026/09/29 15:11:22.584, 1065 MiB, 15360 MiB, 31 %, 32.54 W
2026/09/29 15:11:23.590, 1065 MiB, 15360 MiB, 30 %, 31.26 W
2026/09/29 15:11:24.595, 1065 MiB, 15360 MiB, 30 %, 31.26 W
2026/09/29 15:11:25.601, 1065 MiB, 15360 MiB, 31 %, 33.03 W
2026/09/29 15:11:26.606, 1065 MiB, 15360 MiB, 29 %, 31.26 W
2026/09/29 15:11:27.611, 1065 MiB, 15360 MiB, 30 %, 30.66 W
2026/09/29 15:11:28.617, 1065 MiB, 15360 MiB, 29 %, 32.34 W
2026/09/29 15:11:29.623, 1065 MiB, 15360 MiB, 25 %, 31.95 W
2026/09/29 15:11:30.629, 1065 MiB, 15360 MiB, 29 %, 32.05 W
2026/09/29 15:11:31.634, 1065 MiB, 15360 MiB, 27 %, 30.66 W
2026/09/29 15:11:32.641, 1065 MiB, 15360 MiB, 22 %, 30.47 W
2026/09/29 15:11:33.653, 1065 MiB, 15360 MiB, 21 %, 30.56 W
2026/09/29 15:11:34.664, 1065 MiB, 15360 MiB, 23 %, 31.65 W
2026/09/29 15:11:35.669, 1065 MiB, 15360 MiB, 30 %, 30.66 W
2026/09/29 15:11:36.674, 1065 MiB, 15360 MiB, 30 %, 31.65 W
2026/09/29 15:11:37.680, 1065 MiB, 15360 MiB, 30 %, 33.63 W
2026/09/29 15:11:38.689, 1065 MiB, 15360 MiB, 30 %, 30.56 W
2026/09/29 15:11:39.698, 1065 MiB, 15360 MiB, 29 %, 31.45 W
2026/09/29 15:11:40.703, 1065 MiB, 15360 MiB, 29 %, 35.19 W
2026/09/29 15:11:41.708, 1065 MiB, 15360 MiB, 30 %, 35.38 W
2026/09/29 15:11:42.713, 1065 MiB, 15360 MiB, 30 %, 31.06 W
2026/09/29 15:11:43.718, 1065 MiB, 15360 MiB, 29 %, 32.34 W
2026/09/29 15:11:44.725, 1065 MiB, 15360 MiB, 24 %, 30.37 W
2026/09/29 15:11:45.736, 1065 MiB, 15360 MiB, 24 %, 30.86 W
2026/09/29 15:11:46.745, 1065 MiB, 15360 MiB, 20 %, 30.27 W
2026/09/29 15:11:47.751, 1065 MiB, 15360 MiB, 29 %, 31.75 W
2026/09/29 15:11:48.757, 1065 MiB, 15360 MiB, 30 %, 31.16 W
2026/09/29 15:11:49.762, 1065 MiB, 15360 MiB, 29 %, 31.26 W
2026/09/29 15:11:50.768, 1065 MiB, 15360 MiB, 29 %, 33.71 W
2026/09/29 15:11:51.775, 1065 MiB, 15360 MiB, 30 %, 30.66 W
2026/09/29 15:11:52.782, 1065 MiB, 15360 MiB, 30 %, 30.66 W
2026/09/29 15:11:53.787, 1065 MiB, 15360 MiB, 30 %, 30.66 W
2026/09/29 15:11:54.792, 1065 MiB, 15360 MiB, 30 %, 30.86 W
2026/09/29 15:11:55.797, 1065 MiB, 15360 MiB, 30 %, 31.16 W
2026/09/29 15:11:56.802, 1065 MiB, 15360 MiB, 30 %, 31.35 W
2026/09/29 15:11:57.808, 1065 MiB, 15360 MiB, 24 %, 31.26 W
2026/09/29 15:11:58.823, 1065 MiB, 15360 MiB, 22 %, 29.97 W
2026/09/29 15:11:59.834, 1065 MiB, 15360 MiB, 25 %, 35.38 W
2026/09/29 15:12:00.839, 1065 MiB, 15360 MiB, 28 %, 30.96 W
2026/09/29 15:12:01.846, 1065 MiB, 15360 MiB, 28 %, 30.76 W
2026/09/29 15:12:02.851, 1065 MiB, 15360 MiB, 28 %, 31.06 W
2026/09/29 15:12:03.856, 1065 MiB, 15360 MiB, 27 %, 31.93 W
2026/09/29 15:12:04.861, 1065 MiB, 15360 MiB, 27 %, 32.24 W
2026/09/29 15:12:05.866, 1065 MiB, 15360 MiB, 27 %, 33.01 W
2026/09/29 15:12:06.871, 1065 MiB, 15360 MiB, 29 %, 34.38 W
2026/09/29 15:12:07.876, 1065 MiB, 15360 MiB, 30 %, 32.82 W
2026/09/29 15:12:08.882, 1065 MiB, 15360 MiB, 30 %, 30.86 W
2026/09/29 15:12:09.892, 1065 MiB, 15360 MiB, 22 %, 30.19 W
2026/09/29 15:12:10.905, 1065 MiB, 15360 MiB, 23 %, 30.37 W
2026/09/29 15:12:11.915, 1065 MiB, 15360 MiB, 23 %, 30.37 W
2026/09/29 15:12:12.924, 1065 MiB, 15360 MiB, 31 %, 31.95 W
2026/09/29 15:12:13.930, 1065 MiB, 15360 MiB, 30 %, 33.21 W
2026/09/29 15:12:14.935, 1065 MiB, 15360 MiB, 31 %, 34.87 W
2026/09/29 15:12:15.941, 1065 MiB, 15360 MiB, 29 %, 30.86 W
2026/09/29 15:12:16.946, 1065 MiB, 15360 MiB, 30 %, 30.96 W
2026/09/29 15:12:17.951, 1065 MiB, 15360 MiB, 25 %, 30.86 W
2026/09/29 15:12:18.956, 1065 MiB, 15360 MiB, 36 %, 30.55 W
2026/09/29 15:12:19.961, 1065 MiB, 15360 MiB, 30 %, 31.06 W
2026/09/29 15:12:20.966, 1065 MiB, 15360 MiB, 30 %, 30.56 W
2026/09/29 15:12:21.971, 1065 MiB, 15360 MiB, 29 %, 31.06 W
2026/09/29 15:12:22.977, 1065 MiB, 15360 MiB, 24 %, 29.87 W
2026/09/29 15:12:23.991, 1065 MiB, 15360 MiB, 23 %, 31.35 W
2026/09/29 15:12:25.002, 1065 MiB, 15360 MiB, 19 %, 30.96 W
2026/09/29 15:12:26.007, 1065 MiB, 15360 MiB, 30 %, 30.96 W
2026/09/29 15:12:27.012, 1065 MiB, 15360 MiB, 30 %, 30.96 W
2026/09/29 15:12:28.018, 1065 MiB, 15360 MiB, 30 %, 32.74 W
2026/09/29 15:12:29.022, 1065 MiB, 15360 MiB, 27 %, 30.86 W
2026/09/29 15:12:30.027, 1065 MiB, 15360 MiB, 28 %, 31.16 W
2026/09/29 15:12:31.033, 1065 MiB, 15360 MiB, 28 %, 30.76 W
2026/09/29 15:12:32.038, 1065 MiB, 15360 MiB, 27 %, 35.19 W
2026/09/29 15:12:33.043, 1065 MiB, 15360 MiB, 27 %, 30.76 W
2026/09/29 15:12:34.048, 1065 MiB, 15360 MiB, 28 %, 31.06 W
2026/09/29 15:12:35.054, 1065 MiB, 15360 MiB, 29 %, 30.47 W
2026/09/29 15:12:36.068, 1065 MiB, 15360 MiB, 27 %, 35.97 W
2026/09/29 15:12:37.075, 1065 MiB, 15360 MiB, 21 %, 33.51 W
2026/09/29 15:12:38.085, 1065 MiB, 15360 MiB, 29 %, 31.06 W
2026/09/29 15:12:39.094, 1065 MiB, 15360 MiB, 30 %, 33.31 W
2026/09/29 15:12:40.104, 1065 MiB, 15360 MiB, 30 %, 31.75 W
2026/09/29 15:12:41.109, 1065 MiB, 15360 MiB, 29 %, 34.00 W
2026/09/29 15:12:42.114, 1065 MiB, 15360 MiB, 29 %, 31.06 W
2026/09/29 15:12:43.119, 1065 MiB, 15360 MiB, 30 %, 33.41 W
2026/09/29 15:12:44.126, 1065 MiB, 15360 MiB, 29 %, 31.55 W
2026/09/29 15:12:45.132, 1065 MiB, 15360 MiB, 29 %, 31.55 W
2026/09/29 15:12:46.137, 1065 MiB, 15360 MiB, 30 %, 31.26 W
2026/09/29 15:12:47.142, 1065 MiB, 15360 MiB, 30 %, 30.86 W
2026/09/29 15:12:48.148, 1065 MiB, 15360 MiB, 21 %, 30.37 W
2026/09/29 15:12:49.161, 1065 MiB, 15360 MiB, 23 %, 30.47 W
2026/09/29 15:12:50.173, 1065 MiB, 15360 MiB, 19 %, 30.07 W
2026/09/29 15:12:51.180, 1065 MiB, 15360 MiB, 30 %, 32.34 W
2026/09/29 15:12:52.185, 1065 MiB, 15360 MiB, 30 %, 34.69 W
2026/09/29 15:12:53.190, 1065 MiB, 15360 MiB, 30 %, 30.86 W
2026/09/29 15:12:54.195, 1065 MiB, 15360 MiB, 30 %, 33.90 W
2026/09/29 15:12:55.201, 1065 MiB, 15360 MiB, 30 %, 30.86 W
2026/09/29 15:12:56.206, 1065 MiB, 15360 MiB, 30 %, 31.65 W
2026/09/29 15:12:57.211, 1065 MiB, 15360 MiB, 28 %, 30.76 W
2026/09/29 15:12:58.216, 1065 MiB, 15360 MiB, 30 %, 31.37 W
2026/09/29 15:12:59.221, 1065 MiB, 15360 MiB, 30 %, 31.06 W
2026/09/29 15:13:00.226, 1065 MiB, 15360 MiB, 28 %, 31.35 W
2026/09/29 15:13:01.241, 1065 MiB, 15360 MiB, 21 %, 33.03 W
2026/09/29 15:13:02.255, 1065 MiB, 15360 MiB, 18 %, 30.66 W
2026/09/29 15:13:03.262, 1065 MiB, 15360 MiB, 27 %, 30.66 W
2026/09/29 15:13:04.271, 1065 MiB, 15360 MiB, 28 %, 30.86 W
2026/09/29 15:13:05.276, 1065 MiB, 15360 MiB, 28 %, 31.06 W
2026/09/29 15:13:06.281, 1065 MiB, 15360 MiB, 30 %, 30.27 W
2026/09/29 15:13:07.286, 1065 MiB, 15360 MiB, 30 %, 31.14 W
2026/09/29 15:13:08.291, 1065 MiB, 15360 MiB, 29 %, 30.37 W
2026/09/29 15:13:09.296, 1065 MiB, 15360 MiB, 29 %, 30.76 W
2026/09/29 15:13:10.301, 1065 MiB, 15360 MiB, 31 %, 32.92 W
2026/09/29 15:13:11.315, 1065 MiB, 15360 MiB, 30 %, 31.95 W
2026/09/29 15:13:12.321, 1065 MiB, 15360 MiB, 30 %, 32.13 W
2026/09/29 15:13:13.327, 1065 MiB, 15360 MiB, 22 %, 34.99 W
2026/09/29 15:13:14.337, 1065 MiB, 15360 MiB, 24 %, 29.97 W
2026/09/29 15:13:15.342, 1065 MiB, 15360 MiB, 19 %, 30.37 W
2026/09/29 15:13:16.351, 1065 MiB, 15360 MiB, 30 %, 30.76 W
2026/09/29 15:13:17.357, 1065 MiB, 15360 MiB, 30 %, 30.96 W
2026/09/29 15:13:18.363, 1065 MiB, 15360 MiB, 38 %, 30.96 W
2026/09/29 15:13:19.369, 1065 MiB, 15360 MiB, 29 %, 33.61 W
2026/09/29 15:13:20.374, 1065 MiB, 15360 MiB, 30 %, 34.20 W
2026/09/29 15:13:21.378, 1065 MiB, 15360 MiB, 30 %, 30.56 W
2026/09/29 15:13:22.384, 1065 MiB, 15360 MiB, 34 %, 31.45 W
2026/09/29 15:13:23.391, 1065 MiB, 15360 MiB, 31 %, 31.26 W
2026/09/29 15:13:24.396, 1065 MiB, 15360 MiB, 31 %, 31.06 W
2026/09/29 15:13:25.401, 1065 MiB, 15360 MiB, 31 %, 33.33 W
2026/09/29 15:13:26.407, 1065 MiB, 15360 MiB, 23 %, 30.76 W
2026/09/29 15:13:27.424, 1065 MiB, 15360 MiB, 20 %, 30.37 W
2026/09/29 15:13:28.438, 1065 MiB, 15360 MiB, 29 %, 34.79 W
2026/09/29 15:13:29.443, 1065 MiB, 15360 MiB, 30 %, 31.55 W
2026/09/29 15:13:30.448, 1065 MiB, 15360 MiB, 31 %, 31.35 W
2026/09/29 15:13:31.454, 1065 MiB, 15360 MiB, 30 %, 31.35 W
2026/09/29 15:13:32.459, 1065 MiB, 15360 MiB, 29 %, 31.45 W
2026/09/29 15:13:33.464, 1065 MiB, 15360 MiB, 30 %, 30.76 W
2026/09/29 15:13:34.471, 1065 MiB, 15360 MiB, 29 %, 31.85 W
2026/09/29 15:13:35.475, 1065 MiB, 15360 MiB, 27 %, 32.82 W
2026/09/29 15:13:36.480, 1065 MiB, 15360 MiB, 28 %, 32.52 W
2026/09/29 15:13:37.485, 1065 MiB, 15360 MiB, 28 %, 32.03 W
2026/09/29 15:13:38.491, 1065 MiB, 15360 MiB, 23 %, 32.64 W
2026/09/29 15:13:39.504, 1065 MiB, 15360 MiB, 22 %, 30.09 W
2026/09/29 15:13:40.516, 1065 MiB, 15360 MiB, 19 %, 29.89 W
2026/09/29 15:13:41.530, 1065 MiB, 15360 MiB, 35 %, 35.28 W
2026/09/29 15:13:42.535, 1065 MiB, 15360 MiB, 35 %, 34.30 W
2026/09/29 15:13:43.540, 1065 MiB, 15360 MiB, 29 %, 30.66 W
2026/09/29 15:13:44.545, 1065 MiB, 15360 MiB, 29 %, 30.76 W
2026/09/29 15:13:45.550, 1065 MiB, 15360 MiB, 30 %, 30.98 W
2026/09/29 15:13:46.555, 1065 MiB, 15360 MiB, 30 %, 30.86 W
2026/09/29 15:13:47.560, 1065 MiB, 15360 MiB, 35 %, 33.78 W
2026/09/29 15:13:48.565, 1065 MiB, 15360 MiB, 33 %, 30.86 W
2026/09/29 15:13:49.572, 1065 MiB, 15360 MiB, 27 %, 32.52 W
2026/09/29 15:13:50.577, 1065 MiB, 15360 MiB, 37 %, 30.96 W
2026/09/29 15:13:51.583, 1065 MiB, 15360 MiB, 29 %, 30.96 W
2026/09/29 15:13:52.593, 1065 MiB, 15360 MiB, 28 %, 33.09 W
2026/09/29 15:13:53.600, 1065 MiB, 15360 MiB, 32 %, 31.24 W
2026/09/29 15:13:54.605, 1065 MiB, 15360 MiB, 33 %, 32.05 W
2026/09/29 15:13:55.610, 1065 MiB, 15360 MiB, 32 %, 31.16 W
2026/09/29 15:13:56.615, 1065 MiB, 15360 MiB, 37 %, 33.80 W
2026/09/29 15:13:57.620, 1065 MiB, 15360 MiB, 40 %, 36.15 W
2026/09/29 15:13:58.625, 1065 MiB, 15360 MiB, 32 %, 34.69 W
2026/09/29 15:13:59.630, 1065 MiB, 15360 MiB, 34 %, 33.92 W
2026/09/29 15:14:00.635, 1065 MiB, 15360 MiB, 24 %, 32.42 W
2026/09/29 15:14:01.640, 1065 MiB, 15360 MiB, 34 %, 32.52 W
2026/09/29 15:14:02.647, 1065 MiB, 15360 MiB, 27 %, 33.80 W
2026/09/29 15:14:03.653, 1065 MiB, 15360 MiB, 21 %, 33.90 W
2026/09/29 15:14:04.670, 1065 MiB, 15360 MiB, 27 %, 30.47 W
2026/09/29 15:14:05.684, 1065 MiB, 15360 MiB, 28 %, 32.93 W
2026/09/29 15:14:06.694, 1065 MiB, 15360 MiB, 35 %, 34.89 W
2026/09/29 15:14:07.699, 1065 MiB, 15360 MiB, 36 %, 31.04 W
2026/09/29 15:14:08.705, 1065 MiB, 15360 MiB, 35 %, 30.56 W
2026/09/29 15:14:09.711, 1065 MiB, 15360 MiB, 29 %, 30.37 W
2026/09/29 15:14:10.720, 1065 MiB, 15360 MiB, 30 %, 30.47 W
2026/09/29 15:14:11.728, 1065 MiB, 15360 MiB, 30 %, 30.48 W
2026/09/29 15:14:12.733, 1065 MiB, 15360 MiB, 29 %, 30.76 W
2026/09/29 15:14:13.738, 1065 MiB, 15360 MiB, 30 %, 30.56 W
2026/09/29 15:14:14.744, 1065 MiB, 15360 MiB, 30 %, 30.66 W
2026/09/29 15:14:15.749, 1065 MiB, 15360 MiB, 30 %, 30.66 W
2026/09/29 15:14:16.756, 1065 MiB, 15360 MiB, 26 %, 32.13 W
2026/09/29 15:14:17.767, 1065 MiB, 15360 MiB, 27 %, 29.87 W
2026/09/29 15:14:18.776, 1065 MiB, 15360 MiB, 30 %, 32.92 W
2026/09/29 15:14:19.782, 1065 MiB, 15360 MiB, 26 %, 33.03 W
2026/09/29 15:14:20.787, 1065 MiB, 15360 MiB, 29 %, 31.16 W
2026/09/29 15:14:21.792, 1065 MiB, 15360 MiB, 29 %, 31.26 W
2026/09/29 15:14:22.797, 1065 MiB, 15360 MiB, 30 %, 31.35 W
2026/09/29 15:14:23.802, 1065 MiB, 15360 MiB, 34 %, 33.31 W
2026/09/29 15:14:24.807, 1065 MiB, 15360 MiB, 34 %, 32.32 W
2026/09/29 15:14:25.812, 1065 MiB, 15360 MiB, 30 %, 31.16 W
2026/09/29 15:14:26.817, 1065 MiB, 15360 MiB, 30 %, 30.47 W
2026/09/29 15:14:27.822, 1065 MiB, 15360 MiB, 29 %, 30.86 W
2026/09/29 15:14:28.830, 1065 MiB, 15360 MiB, 26 %, 32.54 W
2026/09/29 15:14:29.842, 1065 MiB, 15360 MiB, 29 %, 32.82 W
2026/09/29 15:14:30.852, 1065 MiB, 15360 MiB, 28 %, 29.87 W
2026/09/29 15:14:31.862, 1065 MiB, 15360 MiB, 31 %, 33.80 W
2026/09/29 15:14:32.868, 1065 MiB, 15360 MiB, 30 %, 31.75 W
2026/09/29 15:14:33.874, 1065 MiB, 15360 MiB, 29 %, 33.41 W
2026/09/29 15:14:34.881, 1065 MiB, 15360 MiB, 30 %, 31.16 W
2026/09/29 15:14:35.887, 1065 MiB, 15360 MiB, 31 %, 32.92 W
2026/09/29 15:14:36.893, 1065 MiB, 15360 MiB, 30 %, 32.90 W
2026/09/29 15:14:37.898, 1065 MiB, 15360 MiB, 29 %, 30.66 W
2026/09/29 15:14:38.903, 1065 MiB, 15360 MiB, 29 %, 33.71 W
2026/09/29 15:14:39.908, 1065 MiB, 15360 MiB, 32 %, 34.10 W
2026/09/29 15:14:40.914, 1065 MiB, 15360 MiB, 31 %, 31.06 W
2026/09/29 15:14:41.919, 1065 MiB, 15360 MiB, 25 %, 34.10 W
2026/09/29 15:14:42.932, 1065 MiB, 15360 MiB, 27 %, 30.56 W
2026/09/29 15:14:43.941, 1065 MiB, 15360 MiB, 31 %, 30.66 W
2026/09/29 15:14:44.947, 1065 MiB, 15360 MiB, 32 %, 30.76 W
2026/09/29 15:14:45.952, 1065 MiB, 15360 MiB, 32 %, 33.41 W
2026/09/29 15:14:46.957, 1065 MiB, 15360 MiB, 31 %, 31.35 W
2026/09/29 15:14:47.962, 1065 MiB, 15360 MiB, 39 %, 31.53 W
2026/09/29 15:14:48.968, 1065 MiB, 15360 MiB, 35 %, 31.06 W
2026/09/29 15:14:49.973, 1065 MiB, 15360 MiB, 27 %, 30.66 W
2026/09/29 15:14:50.979, 1065 MiB, 15360 MiB, 29 %, 30.96 W
2026/09/29 15:14:51.984, 1065 MiB, 15360 MiB, 28 %, 32.03 W
2026/09/29 15:14:52.989, 1065 MiB, 15360 MiB, 30 %, 30.86 W
2026/09/29 15:14:53.996, 1065 MiB, 15360 MiB, 22 %, 29.87 W
2026/09/29 15:14:55.008, 1065 MiB, 15360 MiB, 23 %, 32.93 W
2026/09/29 15:14:56.024, 1065 MiB, 15360 MiB, 24 %, 30.28 W
2026/09/29 15:14:57.038, 1065 MiB, 15360 MiB, 29 %, 30.47 W
2026/09/29 15:14:58.043, 1065 MiB, 15360 MiB, 29 %, 30.76 W
2026/09/29 15:14:59.048, 1065 MiB, 15360 MiB, 27 %, 30.76 W
2026/09/29 15:15:00.054, 1065 MiB, 15360 MiB, 28 %, 33.31 W
2026/09/29 15:15:01.059, 1065 MiB, 15360 MiB, 28 %, 33.80 W
2026/09/29 15:15:02.064, 1065 MiB, 15360 MiB, 27 %, 30.47 W
2026/09/29 15:15:03.069, 1065 MiB, 15360 MiB, 27 %, 30.47 W
2026/09/29 15:15:04.074, 1065 MiB, 15360 MiB, 26 %, 30.76 W
2026/09/29 15:15:05.079, 1065 MiB, 15360 MiB, 26 %, 31.06 W
2026/09/29 15:15:06.084, 1065 MiB, 15360 MiB, 27 %, 31.45 W
2026/09/29 15:15:07.090, 1065 MiB, 15360 MiB, 22 %, 30.37 W
2026/09/29 15:15:08.105, 1065 MiB, 15360 MiB, 21 %, 30.37 W
2026/09/29 15:15:09.114, 1065 MiB, 15360 MiB, 27 %, 30.37 W
2026/09/29 15:15:10.120, 1065 MiB, 15360 MiB, 27 %, 32.44 W
2026/09/29 15:15:11.131, 1065 MiB, 15360 MiB, 30 %, 35.38 W
2026/09/29 15:15:12.144, 1065 MiB, 15360 MiB, 30 %, 33.33 W
2026/09/29 15:15:13.150, 1065 MiB, 15360 MiB, 31 %, 32.72 W
2026/09/29 15:15:14.155, 1065 MiB, 15360 MiB, 29 %, 31.55 W
2026/09/29 15:15:15.161, 1065 MiB, 15360 MiB, 29 %, 32.03 W
2026/09/29 15:15:16.166, 1065 MiB, 15360 MiB, 30 %, 30.58 W
2026/09/29 15:15:17.172, 1065 MiB, 15360 MiB, 30 %, 34.79 W
2026/09/29 15:15:18.176, 1065 MiB, 15360 MiB, 31 %, 32.82 W
2026/09/29 15:15:19.182, 1065 MiB, 15360 MiB, 20 %, 30.07 W
2026/09/29 15:15:20.192, 1065 MiB, 15360 MiB, 24 %, 30.96 W
2026/09/29 15:15:21.206, 1065 MiB, 15360 MiB, 23 %, 30.19 W
2026/09/29 15:15:22.213, 1065 MiB, 15360 MiB, 30 %, 31.06 W
2026/09/29 15:15:23.218, 1065 MiB, 15360 MiB, 30 %, 31.95 W
2026/09/29 15:15:24.223, 1065 MiB, 15360 MiB, 30 %, 31.55 W
2026/09/29 15:15:25.228, 1065 MiB, 15360 MiB, 30 %, 31.16 W
2026/09/29 15:15:26.233, 1065 MiB, 15360 MiB, 30 %, 30.94 W
2026/09/29 15:15:27.238, 1065 MiB, 15360 MiB, 30 %, 33.53 W
2026/09/29 15:15:28.243, 1065 MiB, 15360 MiB, 35 %, 31.95 W
2026/09/29 15:15:29.248, 1065 MiB, 15360 MiB, 30 %, 32.72 W
2026/09/29 15:15:30.253, 1065 MiB, 15360 MiB, 30 %, 30.56 W
2026/09/29 15:15:31.259, 1065 MiB, 15360 MiB, 29 %, 31.16 W
2026/09/29 15:15:32.264, 1065 MiB, 15360 MiB, 23 %, 33.11 W
2026/09/29 15:15:33.275, 1065 MiB, 15360 MiB, 21 %, 30.27 W
2026/09/29 15:15:34.283, 1065 MiB, 15360 MiB, 24 %, 31.83 W
2026/09/29 15:15:35.290, 1065 MiB, 15360 MiB, 28 %, 30.47 W
2026/09/29 15:15:36.295, 1065 MiB, 15360 MiB, 28 %, 34.40 W
2026/09/29 15:15:37.299, 1065 MiB, 15360 MiB, 28 %, 30.66 W
2026/09/29 15:15:38.304, 1065 MiB, 15360 MiB, 28 %, 30.17 W
2026/09/29 15:15:39.310, 1065 MiB, 15360 MiB, 28 %, 31.16 W
2026/09/29 15:15:40.316, 1065 MiB, 15360 MiB, 28 %, 31.06 W
2026/09/29 15:15:41.321, 1065 MiB, 15360 MiB, 28 %, 33.71 W
2026/09/29 15:15:42.326, 1065 MiB, 15360 MiB, 30 %, 30.27 W
2026/09/29 15:15:43.332, 1065 MiB, 15360 MiB, 30 %, 30.96 W
2026/09/29 15:15:44.339, 1065 MiB, 15360 MiB, 23 %, 30.07 W
2026/09/29 15:15:45.352, 1065 MiB, 15360 MiB, 24 %, 30.37 W
2026/09/29 15:15:46.365, 1065 MiB, 15360 MiB, 23 %, 31.75 W
2026/09/29 15:15:47.372, 1065 MiB, 15360 MiB, 30 %, 31.35 W
2026/09/29 15:15:48.378, 1065 MiB, 15360 MiB, 30 %, 31.06 W
2026/09/29 15:15:49.385, 1065 MiB, 15360 MiB, 30 %, 33.98 W
2026/09/29 15:15:50.390, 1065 MiB, 15360 MiB, 30 %, 31.24 W
2026/09/29 15:15:51.396, 1065 MiB, 15360 MiB, 27 %, 30.66 W
2026/09/29 15:15:52.402, 1065 MiB, 15360 MiB, 30 %, 30.76 W
2026/09/29 15:15:53.406, 1065 MiB, 15360 MiB, 30 %, 30.86 W
2026/09/29 15:15:54.412, 1065 MiB, 15360 MiB, 29 %, 30.76 W
2026/09/29 15:15:55.418, 1065 MiB, 15360 MiB, 30 %, 30.76 W
2026/09/29 15:15:56.422, 1065 MiB, 15360 MiB, 30 %, 30.56 W
2026/09/29 15:15:57.428, 1065 MiB, 15360 MiB, 22 %, 32.52 W
2026/09/29 15:15:58.438, 1065 MiB, 15360 MiB, 21 %, 30.09 W
2026/09/29 15:15:59.449, 1065 MiB, 15360 MiB, 18 %, 31.16 W
2026/09/29 15:16:00.455, 1065 MiB, 15360 MiB, 30 %, 32.05 W
2026/09/29 15:16:01.460, 1065 MiB, 15360 MiB, 29 %, 32.42 W
2026/09/29 15:16:02.465, 1065 MiB, 15360 MiB, 29 %, 30.76 W
2026/09/29 15:16:03.470, 1065 MiB, 15360 MiB, 29 %, 30.78 W
2026/09/29 15:16:04.477, 1065 MiB, 15360 MiB, 30 %, 30.76 W
2026/09/29 15:16:05.482, 1065 MiB, 15360 MiB, 30 %, 30.66 W
2026/09/29 15:16:06.488, 1065 MiB, 15360 MiB, 29 %, 30.76 W
2026/09/29 15:16:07.493, 1065 MiB, 15360 MiB, 29 %, 31.16 W
2026/09/29 15:16:08.498, 1065 MiB, 15360 MiB, 28 %, 30.66 W
2026/09/29 15:16:09.504, 1065 MiB, 15360 MiB, 18 %, 29.99 W
2026/09/29 15:16:10.517, 1065 MiB, 15360 MiB, 21 %, 33.39 W
2026/09/29 15:16:11.534, 1065 MiB, 15360 MiB, 23 %, 30.48 W
2026/09/29 15:16:12.545, 1065 MiB, 15360 MiB, 27 %, 30.76 W
2026/09/29 15:16:13.555, 1065 MiB, 15360 MiB, 29 %, 30.55 W
2026/09/29 15:16:14.570, 1065 MiB, 15360 MiB, 30 %, 30.78 W
2026/09/29 15:16:15.576, 1065 MiB, 15360 MiB, 29 %, 32.64 W
2026/09/29 15:16:16.581, 1065 MiB, 15360 MiB, 30 %, 30.56 W
2026/09/29 15:16:17.588, 1065 MiB, 15360 MiB, 34 %, 30.66 W
2026/09/29 15:16:18.592, 1065 MiB, 15360 MiB, 29 %, 31.26 W
2026/09/29 15:16:19.597, 1065 MiB, 15360 MiB, 29 %, 31.65 W
2026/09/29 15:16:20.602, 1065 MiB, 15360 MiB, 29 %, 31.16 W
2026/09/29 15:16:21.607, 1065 MiB, 15360 MiB, 29 %, 31.35 W
2026/09/29 15:16:22.615, 1065 MiB, 15360 MiB, 21 %, 31.95 W
2026/09/29 15:16:23.625, 1065 MiB, 15360 MiB, 21 %, 29.79 W
2026/09/29 15:16:24.629, 1065 MiB, 15360 MiB, 21 %, 30.96 W
2026/09/29 15:16:25.634, 1065 MiB, 15360 MiB, 29 %, 30.66 W
2026/09/29 15:16:26.639, 1065 MiB, 15360 MiB, 30 %, 30.86 W
2026/09/29 15:16:27.645, 1065 MiB, 15360 MiB, 30 %, 30.47 W
2026/09/29 15:16:28.650, 1065 MiB, 15360 MiB, 29 %, 30.76 W
2026/09/29 15:16:29.655, 1065 MiB, 15360 MiB, 30 %, 30.38 W
2026/09/29 15:16:30.660, 1065 MiB, 15360 MiB, 30 %, 30.37 W
2026/09/29 15:16:31.665, 1065 MiB, 15360 MiB, 29 %, 36.67 W
2026/09/29 15:16:32.670, 1065 MiB, 15360 MiB, 29 %, 30.86 W
2026/09/29 15:16:33.675, 1065 MiB, 15360 MiB, 30 %, 30.56 W
2026/09/29 15:16:34.682, 1065 MiB, 15360 MiB, 25 %, 34.20 W
2026/09/29 15:16:35.694, 1065 MiB, 15360 MiB, 23 %, 30.09 W
2026/09/29 15:16:36.709, 1065 MiB, 15360 MiB, 21 %, 31.16 W
2026/09/29 15:16:37.719, 1065 MiB, 15360 MiB, 28 %, 31.06 W
2026/09/29 15:16:38.724, 1065 MiB, 15360 MiB, 28 %, 31.06 W
2026/09/29 15:16:39.729, 1065 MiB, 15360 MiB, 29 %, 32.54 W
2026/09/29 15:16:40.734, 1065 MiB, 15360 MiB, 28 %, 30.47 W
2026/09/29 15:16:41.738, 1065 MiB, 15360 MiB, 29 %, 30.66 W
2026/09/29 15:16:42.743, 1065 MiB, 15360 MiB, 30 %, 30.37 W
2026/09/29 15:16:43.750, 1065 MiB, 15360 MiB, 29 %, 30.76 W
2026/09/29 15:16:44.755, 1065 MiB, 15360 MiB, 30 %, 30.27 W
2026/09/29 15:16:45.760, 1065 MiB, 15360 MiB, 26 %, 30.48 W
2026/09/29 15:16:46.766, 1065 MiB, 15360 MiB, 29 %, 30.47 W
2026/09/29 15:16:47.772, 1065 MiB, 15360 MiB, 22 %, 31.06 W
2026/09/29 15:16:48.783, 1065 MiB, 15360 MiB, 21 %, 30.27 W
2026/09/29 15:16:49.793, 1065 MiB, 15360 MiB, 20 %, 31.55 W
2026/09/29 15:16:50.799, 1065 MiB, 15360 MiB, 31 %, 31.16 W
2026/09/29 15:16:51.804, 1065 MiB, 15360 MiB, 29 %, 30.96 W
2026/09/29 15:16:52.811, 1065 MiB, 15360 MiB, 14 %, 29.87 W
2026/09/29 15:16:53.832, 1065 MiB, 15360 MiB, 20 %, 30.28 W
2026/09/29 15:16:54.844, 1065 MiB, 15360 MiB, 21 %, 29.99 W
2026/09/29 15:16:55.854, 1065 MiB, 15360 MiB, 21 %, 30.09 W
2026/09/29 15:16:56.865, 1065 MiB, 15360 MiB, 17 %, 29.99 W
2026/09/29 15:16:57.880, 1065 MiB, 15360 MiB, 17 %, 32.05 W
2026/09/29 15:16:58.890, 1065 MiB, 15360 MiB, 30 %, 30.48 W
2026/09/29 15:16:59.897, 1065 MiB, 15360 MiB, 20 %, 33.82 W
2026/09/29 15:17:00.912, 1065 MiB, 15360 MiB, 24 %, 30.09 W
2026/09/29 15:17:01.926, 1065 MiB, 15360 MiB, 21 %, 29.87 W
2026/09/29 15:17:02.932, 1065 MiB, 15360 MiB, 30 %, 30.66 W
2026/09/29 15:17:03.937, 1065 MiB, 15360 MiB, 30 %, 30.66 W
2026/09/29 15:17:04.941, 1065 MiB, 15360 MiB, 30 %, 30.56 W
2026/09/29 15:17:05.946, 1065 MiB, 15360 MiB, 28 %, 34.02 W
2026/09/29 15:17:06.951, 1065 MiB, 15360 MiB, 35 %, 33.71 W
2026/09/29 15:17:07.956, 1065 MiB, 15360 MiB, 31 %, 33.80 W
2026/09/29 15:17:08.962, 1065 MiB, 15360 MiB, 30 %, 30.86 W
2026/09/29 15:17:09.967, 1065 MiB, 15360 MiB, 30 %, 31.53 W
2026/09/29 15:17:10.973, 1065 MiB, 15360 MiB, 30 %, 32.22 W
2026/09/29 15:17:11.978, 1065 MiB, 15360 MiB, 30 %, 30.86 W
2026/09/29 15:17:12.984, 1065 MiB, 15360 MiB, 23 %, 30.86 W
2026/09/29 15:17:13.993, 1065 MiB, 15360 MiB, 23 %, 31.16 W
2026/09/29 15:17:15.003, 1065 MiB, 15360 MiB, 31 %, 35.26 W
2026/09/29 15:17:16.014, 1065 MiB, 15360 MiB, 33 %, 32.14 W
2026/09/29 15:17:17.023, 1065 MiB, 15360 MiB, 37 %, 32.24 W
2026/09/29 15:17:18.028, 1065 MiB, 15360 MiB, 32 %, 31.85 W
2026/09/29 15:17:19.033, 1065 MiB, 15360 MiB, 32 %, 32.13 W
2026/09/29 15:17:20.038, 1065 MiB, 15360 MiB, 32 %, 32.05 W
2026/09/29 15:17:21.043, 1065 MiB, 15360 MiB, 32 %, 31.16 W
2026/09/29 15:17:22.051, 1065 MiB, 15360 MiB, 32 %, 31.06 W
2026/09/29 15:17:23.056, 1065 MiB, 15360 MiB, 31 %, 30.66 W
2026/09/29 15:17:24.061, 1065 MiB, 15360 MiB, 32 %, 33.61 W
2026/09/29 15:17:25.067, 1065 MiB, 15360 MiB, 21 %, 30.84 W
2026/09/29 15:17:26.077, 1065 MiB, 15360 MiB, 26 %, 30.66 W
2026/09/29 15:17:27.088, 1065 MiB, 15360 MiB, 24 %, 30.19 W
2026/09/29 15:17:28.099, 1065 MiB, 15360 MiB, 32 %, 31.85 W
2026/09/29 15:17:29.105, 1065 MiB, 15360 MiB, 32 %, 31.26 W
2026/09/29 15:17:30.109, 1065 MiB, 15360 MiB, 32 %, 31.55 W
2026/09/29 15:17:31.114, 1065 MiB, 15360 MiB, 33 %, 36.96 W
2026/09/29 15:17:32.120, 1065 MiB, 15360 MiB, 32 %, 32.52 W
2026/09/29 15:17:33.125, 1065 MiB, 15360 MiB, 31 %, 31.06 W
2026/09/29 15:17:34.132, 1065 MiB, 15360 MiB, 32 %, 31.06 W
2026/09/29 15:17:35.137, 1065 MiB, 15360 MiB, 32 %, 35.17 W
2026/09/29 15:17:36.143, 1065 MiB, 15360 MiB, 31 %, 32.13 W
2026/09/29 15:17:37.148, 1065 MiB, 15360 MiB, 33 %, 31.16 W
2026/09/29 15:17:38.154, 1065 MiB, 15360 MiB, 26 %, 30.17 W
2026/09/29 15:17:39.164, 1065 MiB, 15360 MiB, 26 %, 30.56 W
2026/09/29 15:17:40.172, 1065 MiB, 15360 MiB, 32 %, 33.11 W
2026/09/29 15:17:41.182, 1065 MiB, 15360 MiB, 31 %, 32.93 W
2026/09/29 15:17:42.190, 1065 MiB, 15360 MiB, 30 %, 32.03 W
2026/09/29 15:17:43.195, 1065 MiB, 15360 MiB, 30 %, 33.21 W
2026/09/29 15:17:44.200, 1065 MiB, 15360 MiB, 30 %, 33.31 W
2026/09/29 15:17:45.205, 1065 MiB, 15360 MiB, 34 %, 32.92 W
2026/09/29 15:17:46.210, 1065 MiB, 15360 MiB, 30 %, 30.27 W
2026/09/29 15:17:47.215, 1065 MiB, 15360 MiB, 31 %, 30.86 W
2026/09/29 15:17:48.221, 1065 MiB, 15360 MiB, 32 %, 33.21 W
2026/09/29 15:17:49.227, 1065 MiB, 15360 MiB, 32 %, 31.75 W
2026/09/29 15:17:50.234, 1065 MiB, 15360 MiB, 22 %, 30.47 W
2026/09/29 15:17:51.243, 1065 MiB, 15360 MiB, 26 %, 30.66 W
2026/09/29 15:17:52.254, 1065 MiB, 15360 MiB, 23 %, 30.17 W
2026/09/29 15:17:53.261, 1065 MiB, 15360 MiB, 32 %, 32.84 W
2026/09/29 15:17:54.267, 1065 MiB, 15360 MiB, 33 %, 35.26 W
2026/09/29 15:17:55.272, 1065 MiB, 15360 MiB, 34 %, 31.35 W
2026/09/29 15:17:56.277, 1065 MiB, 15360 MiB, 33 %, 32.42 W
2026/09/29 15:17:57.282, 1065 MiB, 15360 MiB, 33 %, 34.10 W
2026/09/29 15:17:58.287, 1065 MiB, 15360 MiB, 33 %, 36.07 W
2026/09/29 15:17:59.292, 1065 MiB, 15360 MiB, 30 %, 31.16 W
2026/09/29 15:18:00.298, 1065 MiB, 15360 MiB, 32 %, 31.26 W
2026/09/29 15:18:01.303, 1065 MiB, 15360 MiB, 32 %, 31.16 W
2026/09/29 15:18:02.308, 1065 MiB, 15360 MiB, 33 %, 30.96 W
2026/09/29 15:18:03.314, 1065 MiB, 15360 MiB, 25 %, 32.32 W
2026/09/29 15:18:04.323, 1065 MiB, 15360 MiB, 22 %, 31.85 W
2026/09/29 15:18:05.333, 1065 MiB, 15360 MiB, 25 %, 34.00 W
2026/09/29 15:18:06.339, 1065 MiB, 15360 MiB, 30 %, 32.32 W
2026/09/29 15:18:07.345, 1065 MiB, 15360 MiB, 28 %, 34.59 W
2026/09/29 15:18:08.351, 1065 MiB, 15360 MiB, 30 %, 32.14 W
2026/09/29 15:18:09.356, 1065 MiB, 15360 MiB, 31 %, 31.35 W
2026/09/29 15:18:10.361, 1065 MiB, 15360 MiB, 31 %, 31.75 W
2026/09/29 15:18:11.367, 1065 MiB, 15360 MiB, 35 %, 30.96 W
2026/09/29 15:18:12.375, 1065 MiB, 15360 MiB, 30 %, 31.55 W
2026/09/29 15:18:13.380, 1065 MiB, 15360 MiB, 32 %, 32.84 W
2026/09/29 15:18:14.385, 1065 MiB, 15360 MiB, 33 %, 30.96 W
2026/09/29 15:18:15.391, 1065 MiB, 15360 MiB, 25 %, 34.30 W
2026/09/29 15:18:16.407, 1065 MiB, 15360 MiB, 26 %, 30.47 W
2026/09/29 15:18:17.420, 1065 MiB, 15360 MiB, 25 %, 30.38 W
2026/09/29 15:18:18.431, 1065 MiB, 15360 MiB, 33 %, 31.83 W
2026/09/29 15:18:19.438, 1065 MiB, 15360 MiB, 33 %, 33.71 W
2026/09/29 15:18:20.442, 1065 MiB, 15360 MiB, 38 %, 31.45 W
2026/09/29 15:18:21.450, 1065 MiB, 15360 MiB, 33 %, 31.16 W
2026/09/29 15:18:22.455, 1065 MiB, 15360 MiB, 33 %, 31.16 W
2026/09/29 15:18:23.460, 1065 MiB, 15360 MiB, 32 %, 32.13 W
2026/09/29 15:18:24.465, 1065 MiB, 15360 MiB, 33 %, 31.16 W
2026/09/29 15:18:25.469, 1065 MiB, 15360 MiB, 33 %, 30.96 W
2026/09/29 15:18:26.475, 1065 MiB, 15360 MiB, 31 %, 32.14 W
2026/09/29 15:18:27.481, 1065 MiB, 15360 MiB, 32 %, 31.35 W
2026/09/29 15:18:28.487, 1065 MiB, 15360 MiB, 25 %, 34.08 W
2026/09/29 15:18:29.503, 1065 MiB, 15360 MiB, 23 %, 35.38 W
2026/09/29 15:18:30.513, 1065 MiB, 15360 MiB, 29 %, 33.49 W
2026/09/29 15:18:31.518, 1065 MiB, 15360 MiB, 33 %, 31.26 W
2026/09/29 15:18:32.523, 1065 MiB, 15360 MiB, 34 %, 31.75 W
2026/09/29 15:18:33.528, 1065 MiB, 15360 MiB, 34 %, 32.72 W
2026/09/29 15:18:34.533, 1065 MiB, 15360 MiB, 33 %, 31.26 W
2026/09/29 15:18:35.538, 1065 MiB, 15360 MiB, 34 %, 31.34 W
2026/09/29 15:18:36.543, 1065 MiB, 15360 MiB, 33 %, 31.53 W
2026/09/29 15:18:37.548, 1065 MiB, 15360 MiB, 33 %, 34.57 W
2026/09/29 15:18:38.553, 1065 MiB, 15360 MiB, 32 %, 31.06 W
2026/09/29 15:18:39.558, 1065 MiB, 15360 MiB, 32 %, 31.16 W
2026/09/29 15:18:40.565, 1065 MiB, 15360 MiB, 21 %, 30.07 W
2026/09/29 15:18:41.576, 1065 MiB, 15360 MiB, 24 %, 32.64 W
2026/09/29 15:18:42.588, 1065 MiB, 15360 MiB, 23 %, 29.97 W
2026/09/29 15:18:43.601, 1065 MiB, 15360 MiB, 30 %, 31.65 W
2026/09/29 15:18:44.608, 1065 MiB, 15360 MiB, 31 %, 31.35 W
2026/09/29 15:18:45.613, 1065 MiB, 15360 MiB, 32 %, 31.55 W
2026/09/29 15:18:46.617, 1065 MiB, 15360 MiB, 33 %, 31.95 W
2026/09/29 15:18:47.624, 1065 MiB, 15360 MiB, 32 %, 30.47 W
2026/09/29 15:18:48.629, 1065 MiB, 15360 MiB, 32 %, 31.06 W
2026/09/29 15:18:49.642, 1065 MiB, 15360 MiB, 32 %, 32.34 W
2026/09/29 15:18:50.648, 1065 MiB, 15360 MiB, 33 %, 32.92 W
2026/09/29 15:18:51.652, 1065 MiB, 15360 MiB, 34 %, 33.21 W
2026/09/29 15:18:52.657, 1065 MiB, 15360 MiB, 34 %, 31.06 W
2026/09/29 15:18:53.663, 1065 MiB, 15360 MiB, 26 %, 30.66 W
2026/09/29 15:18:54.680, 1065 MiB, 15360 MiB, 24 %, 33.23 W
2026/09/29 15:18:55.693, 1065 MiB, 15360 MiB, 26 %, 31.16 W
2026/09/29 15:18:56.699, 1065 MiB, 15360 MiB, 33 %, 31.75 W
2026/09/29 15:18:57.705, 1065 MiB, 15360 MiB, 32 %, 37.04 W
2026/09/29 15:18:58.710, 1065 MiB, 15360 MiB, 30 %, 33.41 W
2026/09/29 15:18:59.715, 1065 MiB, 15360 MiB, 29 %, 31.16 W
2026/09/29 15:19:00.720, 1065 MiB, 15360 MiB, 32 %, 34.77 W
2026/09/29 15:19:01.725, 1065 MiB, 15360 MiB, 31 %, 32.34 W
2026/09/29 15:19:02.730, 1065 MiB, 15360 MiB, 29 %, 30.47 W
2026/09/29 15:19:03.735, 1065 MiB, 15360 MiB, 29 %, 33.90 W
2026/09/29 15:19:04.740, 1065 MiB, 15360 MiB, 31 %, 40.17 W
2026/09/29 15:19:05.746, 1065 MiB, 15360 MiB, 22 %, 30.56 W
2026/09/29 15:19:06.766, 1065 MiB, 15360 MiB, 23 %, 35.95 W
2026/09/29 15:19:07.777, 1065 MiB, 15360 MiB, 21 %, 30.17 W
2026/09/29 15:19:08.784, 1065 MiB, 15360 MiB, 27 %, 31.26 W
2026/09/29 15:19:09.791, 1065 MiB, 15360 MiB, 30 %, 30.76 W
2026/09/29 15:19:10.796, 1065 MiB, 15360 MiB, 28 %, 31.16 W
2026/09/29 15:19:11.801, 1065 MiB, 15360 MiB, 29 %, 30.86 W
2026/09/29 15:19:12.806, 1065 MiB, 15360 MiB, 30 %, 30.66 W
2026/09/29 15:19:13.811, 1065 MiB, 15360 MiB, 28 %, 31.45 W
2026/09/29 15:19:14.816, 1065 MiB, 15360 MiB, 27 %, 30.76 W
2026/09/29 15:19:15.821, 1065 MiB, 15360 MiB, 25 %, 31.26 W
2026/09/29 15:19:16.827, 1065 MiB, 15360 MiB, 28 %, 30.86 W
2026/09/29 15:19:17.831, 1065 MiB, 15360 MiB, 24 %, 30.55 W
2026/09/29 15:19:18.839, 1065 MiB, 15360 MiB, 21 %, 34.89 W
2026/09/29 15:19:19.854, 1065 MiB, 15360 MiB, 21 %, 30.17 W
2026/09/29 15:19:20.868, 1065 MiB, 15360 MiB, 25 %, 33.31 W
2026/09/29 15:19:21.873, 1065 MiB, 15360 MiB, 31 %, 32.14 W
2026/09/29 15:19:22.879, 1065 MiB, 15360 MiB, 31 %, 32.34 W
2026/09/29 15:19:23.885, 1065 MiB, 15360 MiB, 31 %, 31.45 W
2026/09/29 15:19:24.891, 1065 MiB, 15360 MiB, 28 %, 31.45 W
2026/09/29 15:19:25.898, 1065 MiB, 15360 MiB, 28 %, 30.96 W
2026/09/29 15:19:26.903, 1065 MiB, 15360 MiB, 31 %, 32.42 W
2026/09/29 15:19:27.910, 1065 MiB, 15360 MiB, 31 %, 30.56 W
2026/09/29 15:19:28.918, 1065 MiB, 15360 MiB, 35 %, 31.65 W
2026/09/29 15:19:29.930, 1065 MiB, 15360 MiB, 30 %, 30.96 W
2026/09/29 15:19:30.937, 1065 MiB, 15360 MiB, 22 %, 30.47 W
2026/09/29 15:19:31.947, 1065 MiB, 15360 MiB, 24 %, 30.27 W
2026/09/29 15:19:32.960, 1065 MiB, 15360 MiB, 24 %, 33.51 W
2026/09/29 15:19:33.969, 1065 MiB, 15360 MiB, 31 %, 33.71 W
2026/09/29 15:19:34.974, 1065 MiB, 15360 MiB, 30 %, 30.86 W
2026/09/29 15:19:35.979, 1065 MiB, 15360 MiB, 31 %, 35.78 W
2026/09/29 15:19:36.984, 1065 MiB, 15360 MiB, 31 %, 34.10 W
2026/09/29 15:19:37.989, 1065 MiB, 15360 MiB, 31 %, 32.84 W
2026/09/29 15:19:38.994, 1065 MiB, 15360 MiB, 32 %, 32.05 W
2026/09/29 15:19:40.000, 1065 MiB, 15360 MiB, 31 %, 31.45 W
2026/09/29 15:19:41.005, 1065 MiB, 15360 MiB, 29 %, 32.62 W
2026/09/29 15:19:42.010, 1065 MiB, 15360 MiB, 31 %, 33.33 W
2026/09/29 15:19:43.015, 1065 MiB, 15360 MiB, 31 %, 32.24 W
2026/09/29 15:19:44.022, 1065 MiB, 15360 MiB, 23 %, 30.66 W
2026/09/29 15:19:45.031, 1065 MiB, 15360 MiB, 21 %, 32.14 W
2026/09/29 15:19:46.040, 1065 MiB, 15360 MiB, 18 %, 30.86 W
2026/09/29 15:19:47.045, 1065 MiB, 15360 MiB, 28 %, 37.49 W
2026/09/29 15:19:48.050, 1065 MiB, 15360 MiB, 27 %, 30.76 W
2026/09/29 15:19:49.055, 1065 MiB, 15360 MiB, 26 %, 32.92 W
2026/09/29 15:19:50.060, 1065 MiB, 15360 MiB, 26 %, 32.24 W
2026/09/29 15:19:51.066, 1065 MiB, 15360 MiB, 43 %, 31.06 W
2026/09/29 15:19:52.073, 1065 MiB, 15360 MiB, 29 %, 32.14 W
2026/09/29 15:19:53.080, 1065 MiB, 15360 MiB, 29 %, 32.92 W
2026/09/29 15:19:54.086, 1065 MiB, 15360 MiB, 27 %, 30.76 W
2026/09/29 15:19:55.095, 1065 MiB, 15360 MiB, 27 %, 31.06 W
2026/09/29 15:19:56.102, 1065 MiB, 15360 MiB, 29 %, 31.16 W
2026/09/29 15:19:57.116, 1065 MiB, 15360 MiB, 23 %, 33.33 W
2026/09/29 15:19:58.130, 1065 MiB, 15360 MiB, 22 %, 30.37 W
2026/09/29 15:19:59.139, 1065 MiB, 15360 MiB, 28 %, 31.53 W
2026/09/29 15:20:00.144, 1065 MiB, 15360 MiB, 29 %, 31.16 W
2026/09/29 15:20:01.149, 1065 MiB, 15360 MiB, 32 %, 30.37 W
2026/09/29 15:20:02.154, 1065 MiB, 15360 MiB, 31 %, 34.00 W
2026/09/29 15:20:03.159, 1065 MiB, 15360 MiB, 31 %, 33.01 W
2026/09/29 15:20:04.164, 1065 MiB, 15360 MiB, 31 %, 31.16 W
2026/09/29 15:20:05.169, 1065 MiB, 15360 MiB, 29 %, 31.16 W
2026/09/29 15:20:06.174, 1065 MiB, 15360 MiB, 31 %, 30.66 W
2026/09/29 15:20:07.179, 1065 MiB, 15360 MiB, 30 %, 34.30 W
2026/09/29 15:20:08.184, 1065 MiB, 15360 MiB, 44 %, 34.40 W
2026/09/29 15:20:09.190, 1065 MiB, 15360 MiB, 21 %, 30.47 W
2026/09/29 15:20:10.206, 1065 MiB, 15360 MiB, 21 %, 30.27 W
2026/09/29 15:20:11.217, 1065 MiB, 15360 MiB, 23 %, 31.26 W
2026/09/29 15:20:12.222, 1065 MiB, 15360 MiB, 33 %, 37.73 W
2026/09/29 15:20:13.227, 1065 MiB, 15360 MiB, 29 %, 34.08 W
2026/09/29 15:20:14.234, 1065 MiB, 15360 MiB, 26 %, 31.06 W
2026/09/29 15:20:15.239, 1065 MiB, 15360 MiB, 29 %, 31.53 W
2026/09/29 15:20:16.244, 1065 MiB, 15360 MiB, 28 %, 32.13 W
2026/09/29 15:20:17.249, 1065 MiB, 15360 MiB, 25 %, 30.47 W
2026/09/29 15:20:18.255, 1065 MiB, 15360 MiB, 25 %, 32.14 W
2026/09/29 15:20:19.261, 1065 MiB, 15360 MiB, 24 %, 30.37 W
2026/09/29 15:20:20.267, 1065 MiB, 15360 MiB, 26 %, 30.47 W
2026/09/29 15:20:21.274, 1065 MiB, 15360 MiB, 21 %, 30.17 W
2026/09/29 15:20:22.285, 1065 MiB, 15360 MiB, 21 %, 30.76 W
2026/09/29 15:20:23.294, 1065 MiB, 15360 MiB, 24 %, 33.01 W
2026/09/29 15:20:24.301, 1065 MiB, 15360 MiB, 30 %, 33.11 W
2026/09/29 15:20:25.307, 1065 MiB, 15360 MiB, 29 %, 30.66 W
2026/09/29 15:20:26.313, 1065 MiB, 15360 MiB, 29 %, 31.65 W
2026/09/29 15:20:27.317, 1065 MiB, 15360 MiB, 30 %, 30.96 W
2026/09/29 15:20:28.323, 1065 MiB, 15360 MiB, 28 %, 34.30 W
2026/09/29 15:20:29.328, 1065 MiB, 15360 MiB, 28 %, 31.65 W
2026/09/29 15:20:30.335, 1065 MiB, 15360 MiB, 31 %, 31.35 W
2026/09/29 15:20:31.341, 1065 MiB, 15360 MiB, 31 %, 31.06 W
2026/09/29 15:20:32.346, 1065 MiB, 15360 MiB, 26 %, 33.33 W
2026/09/29 15:20:33.351, 1065 MiB, 15360 MiB, 41 %, 31.55 W
2026/09/29 15:20:34.356, 1065 MiB, 15360 MiB, 24 %, 30.86 W
2026/09/29 15:20:35.368, 1065 MiB, 15360 MiB, 26 %, 30.86 W
2026/09/29 15:20:36.385, 1065 MiB, 15360 MiB, 21 %, 42.64 W
2026/09/29 15:20:37.391, 1065 MiB, 15360 MiB, 31 %, 31.45 W
2026/09/29 15:20:38.396, 1065 MiB, 15360 MiB, 29 %, 31.55 W
2026/09/29 15:20:39.401, 1065 MiB, 15360 MiB, 29 %, 33.33 W
2026/09/29 15:20:40.407, 1065 MiB, 15360 MiB, 30 %, 35.46 W
2026/09/29 15:20:41.413, 1065 MiB, 15360 MiB, 41 %, 34.30 W
2026/09/29 15:20:42.418, 1065 MiB, 15360 MiB, 28 %, 32.14 W
2026/09/29 15:20:43.423, 1065 MiB, 15360 MiB, 28 %, 31.85 W
2026/09/29 15:20:44.428, 1065 MiB, 15360 MiB, 26 %, 31.95 W
2026/09/29 15:20:45.433, 1065 MiB, 15360 MiB, 26 %, 31.55 W
2026/09/29 15:20:46.439, 1065 MiB, 15360 MiB, 27 %, 30.19 W
2026/09/29 15:20:47.449, 1065 MiB, 15360 MiB, 23 %, 30.56 W
2026/09/29 15:20:48.470, 1065 MiB, 15360 MiB, 23 %, 30.96 W
2026/09/29 15:20:49.481, 1065 MiB, 15360 MiB, 29 %, 30.76 W
2026/09/29 15:20:50.489, 1065 MiB, 15360 MiB, 28 %, 30.66 W
2026/09/29 15:20:51.495, 1065 MiB, 15360 MiB, 28 %, 31.35 W
2026/09/29 15:20:52.504, 1065 MiB, 15360 MiB, 29 %, 32.72 W
2026/09/29 15:20:53.510, 1065 MiB, 15360 MiB, 33 %, 31.14 W
2026/09/29 15:20:54.515, 1065 MiB, 15360 MiB, 34 %, 32.92 W
2026/09/29 15:20:55.520, 1065 MiB, 15360 MiB, 46 %, 31.95 W
2026/09/29 15:20:56.525, 1065 MiB, 15360 MiB, 30 %, 33.01 W
2026/09/29 15:20:57.530, 1065 MiB, 15360 MiB, 30 %, 35.19 W
2026/09/29 15:20:58.535, 1065 MiB, 15360 MiB, 31 %, 31.65 W
2026/09/29 15:20:59.541, 1065 MiB, 15360 MiB, 24 %, 31.35 W
2026/09/29 15:21:00.555, 1065 MiB, 15360 MiB, 22 %, 30.86 W
2026/09/29 15:21:01.573, 1065 MiB, 15360 MiB, 23 %, 31.95 W
2026/09/29 15:21:02.579, 1065 MiB, 15360 MiB, 34 %, 31.65 W
2026/09/29 15:21:03.584, 1065 MiB, 15360 MiB, 34 %, 34.10 W
2026/09/29 15:21:04.589, 1065 MiB, 15360 MiB, 34 %, 31.95 W
2026/09/29 15:21:05.595, 1065 MiB, 15360 MiB, 34 %, 32.13 W
2026/09/29 15:21:06.600, 1065 MiB, 15360 MiB, 35 %, 31.75 W
2026/09/29 15:21:07.605, 1065 MiB, 15360 MiB, 34 %, 31.83 W
2026/09/29 15:21:08.610, 1065 MiB, 15360 MiB, 34 %, 34.47 W
2026/09/29 15:21:09.616, 1065 MiB, 15360 MiB, 35 %, 32.14 W
2026/09/29 15:21:10.621, 1065 MiB, 15360 MiB, 34 %, 33.21 W
2026/09/29 15:21:11.627, 1065 MiB, 15360 MiB, 30 %, 30.96 W
2026/09/29 15:21:12.641, 1065 MiB, 15360 MiB, 28 %, 31.26 W
2026/09/29 15:21:13.658, 1065 MiB, 15360 MiB, 24 %, 30.56 W
2026/09/29 15:21:14.676, 1065 MiB, 15360 MiB, 32 %, 34.00 W
2026/09/29 15:21:15.683, 1065 MiB, 15360 MiB, 30 %, 31.45 W
2026/09/29 15:21:16.687, 1065 MiB, 15360 MiB, 30 %, 31.65 W
2026/09/29 15:21:17.692, 1065 MiB, 15360 MiB, 30 %, 32.05 W
2026/09/29 15:21:18.698, 1065 MiB, 15360 MiB, 29 %, 35.56 W
2026/09/29 15:21:19.703, 1065 MiB, 15360 MiB, 29 %, 32.05 W
2026/09/29 15:21:20.708, 1065 MiB, 15360 MiB, 28 %, 31.65 W
2026/09/29 15:21:21.714, 1065 MiB, 15360 MiB, 34 %, 31.06 W
2026/09/29 15:21:22.721, 1065 MiB, 15360 MiB, 30 %, 31.53 W
2026/09/29 15:21:23.726, 1065 MiB, 15360 MiB, 28 %, 31.55 W
2026/09/29 15:21:24.738, 1065 MiB, 15360 MiB, 22 %, 31.83 W
2026/09/29 15:21:25.753, 1065 MiB, 15360 MiB, 25 %, 31.06 W
2026/09/29 15:21:26.760, 1065 MiB, 15360 MiB, 21 %, 36.55 W
2026/09/29 15:21:27.766, 1065 MiB, 15360 MiB, 30 %, 31.55 W
2026/09/29 15:21:28.771, 1065 MiB, 15360 MiB, 40 %, 32.05 W
2026/09/29 15:21:29.776, 1065 MiB, 15360 MiB, 34 %, 32.42 W
2026/09/29 15:21:30.781, 1065 MiB, 15360 MiB, 31 %, 31.35 W
2026/09/29 15:21:31.786, 1065 MiB, 15360 MiB, 32 %, 34.49 W
2026/09/29 15:21:32.791, 1065 MiB, 15360 MiB, 43 %, 34.30 W
2026/09/29 15:21:33.796, 1065 MiB, 15360 MiB, 29 %, 31.75 W
2026/09/29 15:21:34.802, 1065 MiB, 15360 MiB, 31 %, 31.95 W
2026/09/29 15:21:35.809, 1065 MiB, 15360 MiB, 41 %, 31.45 W
2026/09/29 15:21:36.814, 1065 MiB, 15360 MiB, 36 %, 30.76 W
2026/09/29 15:21:37.828, 1065 MiB, 15360 MiB, 26 %, 30.86 W
2026/09/29 15:21:38.841, 1065 MiB, 15360 MiB, 24 %, 32.05 W
2026/09/29 15:21:39.853, 1065 MiB, 15360 MiB, 32 %, 31.45 W
2026/09/29 15:21:40.858, 1065 MiB, 15360 MiB, 29 %, 31.55 W
2026/09/29 15:21:41.863, 1065 MiB, 15360 MiB, 30 %, 32.05 W
2026/09/29 15:21:42.868, 1065 MiB, 15360 MiB, 28 %, 33.41 W
2026/09/29 15:21:43.874, 1065 MiB, 15360 MiB, 34 %, 31.65 W
2026/09/29 15:21:44.880, 1065 MiB, 15360 MiB, 30 %, 31.75 W
2026/09/29 15:21:45.886, 1065 MiB, 15360 MiB, 28 %, 31.95 W
2026/09/29 15:21:46.895, 1065 MiB, 15360 MiB, 27 %, 31.26 W
2026/09/29 15:21:47.899, 1065 MiB, 15360 MiB, 31 %, 31.45 W
2026/09/29 15:21:48.904, 1065 MiB, 15360 MiB, 33 %, 32.13 W
2026/09/29 15:21:49.910, 1065 MiB, 15360 MiB, 25 %, 31.45 W
2026/09/29 15:21:50.921, 1065 MiB, 15360 MiB, 22 %, 30.86 W
2026/09/29 15:21:51.934, 1065 MiB, 15360 MiB, 24 %, 31.16 W
2026/09/29 15:21:52.940, 1065 MiB, 15360 MiB, 27 %, 30.56 W
2026/09/29 15:21:53.945, 1065 MiB, 15360 MiB, 27 %, 30.86 W
2026/09/29 15:21:54.951, 1065 MiB, 15360 MiB, 28 %, 30.17 W
2026/09/29 15:21:55.956, 1065 MiB, 15360 MiB, 29 %, 33.11 W
2026/09/29 15:21:56.962, 1065 MiB, 15360 MiB, 30 %, 32.92 W
2026/09/29 15:21:57.977, 1065 MiB, 15360 MiB, 29 %, 32.13 W
2026/09/29 15:21:58.982, 1065 MiB, 15360 MiB, 34 %, 30.86 W
2026/09/29 15:21:59.988, 1065 MiB, 15360 MiB, 29 %, 30.66 W
2026/09/29 15:22:00.993, 1065 MiB, 15360 MiB, 29 %, 30.76 W
2026/09/29 15:22:01.999, 1065 MiB, 15360 MiB, 21 %, 34.59 W
2026/09/29 15:22:03.009, 1065 MiB, 15360 MiB, 23 %, 31.55 W
2026/09/29 15:22:04.020, 1065 MiB, 15360 MiB, 22 %, 33.51 W
2026/09/29 15:22:05.030, 1065 MiB, 15360 MiB, 29 %, 30.76 W
2026/09/29 15:22:06.035, 1065 MiB, 15360 MiB, 26 %, 35.58 W
2026/09/29 15:22:07.040, 1065 MiB, 15360 MiB, 30 %, 32.82 W
2026/09/29 15:22:08.045, 1065 MiB, 15360 MiB, 31 %, 30.76 W
2026/09/29 15:22:09.050, 1065 MiB, 15360 MiB, 28 %, 31.35 W
2026/09/29 15:22:10.055, 1065 MiB, 15360 MiB, 30 %, 31.26 W
2026/09/29 15:22:11.060, 1065 MiB, 15360 MiB, 29 %, 30.86 W
2026/09/29 15:22:12.066, 1065 MiB, 15360 MiB, 29 %, 30.56 W
2026/09/29 15:22:13.071, 1065 MiB, 15360 MiB, 31 %, 33.11 W
2026/09/29 15:22:14.078, 1065 MiB, 15360 MiB, 29 %, 30.86 W
2026/09/29 15:22:15.084, 1065 MiB, 15360 MiB, 23 %, 30.76 W
2026/09/29 15:22:16.094, 1065 MiB, 15360 MiB, 20 %, 30.17 W
2026/09/29 15:22:17.104, 1065 MiB, 15360 MiB, 18 %, 30.88 W
2026/09/29 15:22:18.110, 1065 MiB, 15360 MiB, 27 %, 31.06 W
2026/09/29 15:22:19.115, 1065 MiB, 15360 MiB, 25 %, 31.35 W
2026/09/29 15:22:20.121, 1065 MiB, 15360 MiB, 28 %, 30.76 W
2026/09/29 15:22:21.126, 1065 MiB, 15360 MiB, 27 %, 30.47 W
2026/09/29 15:22:22.131, 1065 MiB, 15360 MiB, 29 %, 30.96 W
2026/09/29 15:22:23.136, 1065 MiB, 15360 MiB, 30 %, 30.56 W
2026/09/29 15:22:24.142, 1065 MiB, 15360 MiB, 29 %, 33.61 W
2026/09/29 15:22:25.147, 1065 MiB, 15360 MiB, 29 %, 32.52 W
2026/09/29 15:22:26.153, 1065 MiB, 15360 MiB, 27 %, 31.65 W
2026/09/29 15:22:27.159, 1065 MiB, 15360 MiB, 27 %, 30.56 W
2026/09/29 15:22:28.170, 1065 MiB, 15360 MiB, 24 %, 31.06 W
2026/09/29 15:22:29.182, 1065 MiB, 15360 MiB, 22 %, 30.17 W
2026/09/29 15:22:30.192, 1065 MiB, 15360 MiB, 30 %, 32.22 W
2026/09/29 15:22:31.197, 1065 MiB, 15360 MiB, 29 %, 32.22 W
2026/09/29 15:22:32.202, 1065 MiB, 15360 MiB, 30 %, 33.86 W
2026/09/29 15:22:33.208, 1065 MiB, 15360 MiB, 29 %, 32.03 W
2026/09/29 15:22:34.213, 1065 MiB, 15360 MiB, 29 %, 30.76 W
2026/09/29 15:22:35.218, 1065 MiB, 15360 MiB, 29 %, 33.09 W
2026/09/29 15:22:36.223, 1065 MiB, 15360 MiB, 28 %, 33.41 W
2026/09/29 15:22:37.228, 1065 MiB, 15360 MiB, 29 %, 31.65 W
2026/09/29 15:22:38.233, 1065 MiB, 15360 MiB, 29 %, 30.76 W
2026/09/29 15:22:39.238, 1065 MiB, 15360 MiB, 29 %, 31.16 W
2026/09/29 15:22:40.244, 1065 MiB, 15360 MiB, 22 %, 32.52 W
2026/09/29 15:22:41.254, 1065 MiB, 15360 MiB, 23 %, 30.28 W
2026/09/29 15:22:42.268, 1065 MiB, 15360 MiB, 18 %, 33.03 W
2026/09/29 15:22:43.273, 1065 MiB, 15360 MiB, 30 %, 31.95 W
2026/09/29 15:22:44.278, 1065 MiB, 15360 MiB, 29 %, 31.26 W
2026/09/29 15:22:45.283, 1065 MiB, 15360 MiB, 31 %, 31.63 W
2026/09/29 15:22:46.288, 1065 MiB, 15360 MiB, 28 %, 31.16 W
2026/09/29 15:22:47.293, 1065 MiB, 15360 MiB, 28 %, 30.76 W
2026/09/29 15:22:48.298, 1065 MiB, 15360 MiB, 27 %, 30.86 W
2026/09/29 15:22:49.303, 1065 MiB, 15360 MiB, 28 %, 31.73 W
2026/09/29 15:22:50.308, 1065 MiB, 15360 MiB, 28 %, 33.23 W
2026/09/29 15:22:51.314, 1065 MiB, 15360 MiB, 28 %, 31.55 W
2026/09/29 15:22:52.321, 1065 MiB, 15360 MiB, 29 %, 29.99 W
2026/09/29 15:22:53.339, 1065 MiB, 15360 MiB, 23 %, 31.65 W
2026/09/29 15:22:54.349, 1065 MiB, 15360 MiB, 22 %, 30.17 W
2026/09/29 15:22:55.359, 1065 MiB, 15360 MiB, 28 %, 31.06 W
2026/09/29 15:22:56.367, 1065 MiB, 15360 MiB, 28 %, 30.37 W
2026/09/29 15:22:57.374, 1065 MiB, 15360 MiB, 31 %, 31.06 W
2026/09/29 15:22:58.381, 1065 MiB, 15360 MiB, 30 %, 30.84 W
2026/09/29 15:22:59.392, 1065 MiB, 15360 MiB, 30 %, 30.56 W
2026/09/29 15:23:00.398, 1065 MiB, 15360 MiB, 29 %, 31.06 W
2026/09/29 15:23:01.403, 1065 MiB, 15360 MiB, 30 %, 31.73 W
2026/09/29 15:23:02.408, 1065 MiB, 15360 MiB, 30 %, 31.85 W
2026/09/29 15:23:03.413, 1065 MiB, 15360 MiB, 30 %, 31.55 W
2026/09/29 15:23:04.418, 1065 MiB, 15360 MiB, 30 %, 31.55 W
2026/09/29 15:23:05.423, 1065 MiB, 15360 MiB, 23 %, 30.09 W
2026/09/29 15:23:06.435, 1065 MiB, 15360 MiB, 21 %, 33.39 W
2026/09/29 15:23:07.447, 1065 MiB, 15360 MiB, 24 %, 31.26 W
2026/09/29 15:23:08.452, 1065 MiB, 15360 MiB, 30 %, 30.76 W
2026/09/29 15:23:09.457, 1065 MiB, 15360 MiB, 29 %, 30.76 W
2026/09/29 15:23:10.462, 1065 MiB, 15360 MiB, 28 %, 31.16 W
2026/09/29 15:23:11.467, 1065 MiB, 15360 MiB, 29 %, 31.26 W
2026/09/29 15:23:12.472, 1065 MiB, 15360 MiB, 30 %, 31.45 W
2026/09/29 15:23:13.477, 1065 MiB, 15360 MiB, 30 %, 31.55 W
2026/09/29 15:23:14.482, 1065 MiB, 15360 MiB, 30 %, 31.75 W
2026/09/29 15:23:15.487, 1065 MiB, 15360 MiB, 30 %, 36.25 W
2026/09/29 15:23:16.492, 1065 MiB, 15360 MiB, 30 %, 30.86 W
2026/09/29 15:23:17.498, 1065 MiB, 15360 MiB, 22 %, 30.09 W
2026/09/29 15:23:18.513, 1065 MiB, 15360 MiB, 24 %, 30.37 W
2026/09/29 15:23:19.528, 1065 MiB, 15360 MiB, 23 %, 30.66 W
2026/09/29 15:23:20.541, 1065 MiB, 15360 MiB, 24 %, 30.37 W
2026/09/29 15:23:21.545, 1065 MiB, 15360 MiB, 32 %, 31.65 W
2026/09/29 15:23:22.550, 1065 MiB, 15360 MiB, 31 %, 30.86 W
2026/09/29 15:23:23.555, 1065 MiB, 15360 MiB, 27 %, 30.76 W
2026/09/29 15:23:24.560, 1065 MiB, 15360 MiB, 28 %, 30.56 W
2026/09/29 15:23:25.565, 1065 MiB, 15360 MiB, 30 %, 30.17 W
2026/09/29 15:23:26.570, 1065 MiB, 15360 MiB, 30 %, 33.11 W
2026/09/29 15:23:27.575, 1065 MiB, 15360 MiB, 32 %, 31.73 W
2026/09/29 15:23:28.580, 1065 MiB, 15360 MiB, 30 %, 30.66 W
2026/09/29 15:23:29.586, 1065 MiB, 15360 MiB, 30 %, 30.96 W
2026/09/29 15:23:30.595, 1065 MiB, 15360 MiB, 23 %, 30.37 W
2026/09/29 15:23:31.609, 1065 MiB, 15360 MiB, 21 %, 30.27 W
2026/09/29 15:23:32.625, 1065 MiB, 15360 MiB, 19 %, 31.06 W
2026/09/29 15:23:33.631, 1065 MiB, 15360 MiB, 29 %, 32.34 W
2026/09/29 15:23:34.636, 1065 MiB, 15360 MiB, 30 %, 31.35 W
2026/09/29 15:23:35.642, 1065 MiB, 15360 MiB, 29 %, 31.16 W
2026/09/29 15:23:36.647, 1065 MiB, 15360 MiB, 28 %, 30.76 W
2026/09/29 15:23:37.652, 1065 MiB, 15360 MiB, 30 %, 30.66 W
2026/09/29 15:23:38.657, 1065 MiB, 15360 MiB, 30 %, 31.06 W
2026/09/29 15:23:39.662, 1065 MiB, 15360 MiB, 30 %, 30.76 W
2026/09/29 15:23:40.667, 1065 MiB, 15360 MiB, 29 %, 31.26 W
2026/09/29 15:23:41.672, 1065 MiB, 15360 MiB, 29 %, 34.40 W
2026/09/29 15:23:42.678, 1065 MiB, 15360 MiB, 29 %, 30.86 W
2026/09/29 15:23:43.692, 1065 MiB, 15360 MiB, 26 %, 33.78 W
2026/09/29 15:23:44.708, 1065 MiB, 15360 MiB, 22 %, 31.65 W
2026/09/29 15:23:45.718, 1065 MiB, 15360 MiB, 28 %, 31.16 W
2026/09/29 15:23:46.724, 1065 MiB, 15360 MiB, 29 %, 31.35 W
2026/09/29 15:23:47.729, 1065 MiB, 15360 MiB, 27 %, 30.66 W
2026/09/29 15:23:48.736, 1065 MiB, 15360 MiB, 28 %, 30.66 W
2026/09/29 15:23:49.744, 1065 MiB, 15360 MiB, 27 %, 31.06 W
2026/09/29 15:23:50.751, 1065 MiB, 15360 MiB, 28 %, 30.66 W
2026/09/29 15:23:51.759, 1065 MiB, 15360 MiB, 27 %, 30.48 W
2026/09/29 15:23:52.765, 1065 MiB, 15360 MiB, 24 %, 31.45 W
2026/09/29 15:23:53.771, 1065 MiB, 15360 MiB, 28 %, 32.05 W
2026/09/29 15:23:54.776, 1065 MiB, 15360 MiB, 29 %, 31.45 W
2026/09/29 15:23:55.782, 1065 MiB, 15360 MiB, 23 %, 30.27 W
2026/09/29 15:23:56.798, 1065 MiB, 15360 MiB, 20 %, 30.27 W
2026/09/29 15:23:57.813, 1065 MiB, 15360 MiB, 24 %, 32.32 W
2026/09/29 15:23:58.819, 1065 MiB, 15360 MiB, 30 %, 32.03 W
2026/09/29 15:23:59.840, 1065 MiB, 15360 MiB, 30 %, 30.47 W
2026/09/29 15:24:00.845, 1065 MiB, 15360 MiB, 30 %, 30.76 W
2026/09/29 15:24:01.850, 1065 MiB, 15360 MiB, 30 %, 31.06 W
2026/09/29 15:24:02.854, 1065 MiB, 15360 MiB, 35 %, 31.16 W
2026/09/29 15:24:03.860, 1065 MiB, 15360 MiB, 29 %, 32.62 W
2026/09/29 15:24:04.864, 1065 MiB, 15360 MiB, 30 %, 33.31 W
2026/09/29 15:24:05.869, 1065 MiB, 15360 MiB, 30 %, 31.95 W
2026/09/29 15:24:06.876, 1065 MiB, 15360 MiB, 30 %, 31.45 W
2026/09/29 15:24:07.881, 1065 MiB, 15360 MiB, 21 %, 30.37 W
2026/09/29 15:24:08.892, 1065 MiB, 15360 MiB, 24 %, 30.86 W
2026/09/29 15:24:09.904, 1065 MiB, 15360 MiB, 28 %, 30.28 W
2026/09/29 15:24:10.912, 1065 MiB, 15360 MiB, 30 %, 30.66 W
2026/09/29 15:24:11.917, 1065 MiB, 15360 MiB, 29 %, 30.47 W
2026/09/29 15:24:12.922, 1065 MiB, 15360 MiB, 30 %, 30.37 W
2026/09/29 15:24:13.928, 1065 MiB, 15360 MiB, 30 %, 30.37 W
2026/09/29 15:24:14.933, 1065 MiB, 15360 MiB, 30 %, 30.37 W
2026/09/29 15:24:15.938, 1065 MiB, 15360 MiB, 30 %, 30.47 W
2026/09/29 15:24:16.943, 1065 MiB, 15360 MiB, 29 %, 30.96 W
2026/09/29 15:24:17.948, 1065 MiB, 15360 MiB, 35 %, 33.61 W
2026/09/29 15:24:18.953, 1065 MiB, 15360 MiB, 34 %, 34.08 W
2026/09/29 15:24:19.958, 1065 MiB, 15360 MiB, 32 %, 31.45 W
2026/09/29 15:24:20.964, 1065 MiB, 15360 MiB, 24 %, 30.76 W
2026/09/29 15:24:21.974, 1065 MiB, 15360 MiB, 22 %, 34.00 W
2026/09/29 15:24:22.983, 1065 MiB, 15360 MiB, 18 %, 30.86 W
2026/09/29 15:24:23.988, 1065 MiB, 15360 MiB, 30 %, 33.69 W
2026/09/29 15:24:24.995, 1065 MiB, 15360 MiB, 27 %, 31.65 W
2026/09/29 15:24:26.001, 1065 MiB, 15360 MiB, 30 %, 30.94 W
2026/09/29 15:24:27.005, 1065 MiB, 15360 MiB, 32 %, 31.43 W
2026/09/29 15:24:28.010, 1065 MiB, 15360 MiB, 31 %, 30.86 W
2026/09/29 15:24:29.015, 1065 MiB, 15360 MiB, 32 %, 30.56 W
2026/09/29 15:24:30.020, 1065 MiB, 15360 MiB, 33 %, 33.71 W
2026/09/29 15:24:31.025, 1065 MiB, 15360 MiB, 33 %, 35.17 W
2026/09/29 15:24:32.038, 1065 MiB, 15360 MiB, 32 %, 31.85 W
2026/09/29 15:24:33.044, 1065 MiB, 15360 MiB, 34 %, 30.66 W
2026/09/29 15:24:34.053, 1065 MiB, 15360 MiB, 25 %, 30.66 W
2026/09/29 15:24:35.063, 1065 MiB, 15360 MiB, 25 %, 30.47 W
2026/09/29 15:24:36.072, 1065 MiB, 15360 MiB, 32 %, 31.65 W
2026/09/29 15:24:37.077, 1065 MiB, 15360 MiB, 32 %, 32.14 W
2026/09/29 15:24:38.083, 1065 MiB, 15360 MiB, 32 %, 31.16 W
2026/09/29 15:24:39.088, 1065 MiB, 15360 MiB, 32 %, 32.24 W
2026/09/29 15:24:40.096, 1065 MiB, 15360 MiB, 32 %, 31.06 W
2026/09/29 15:24:41.102, 1065 MiB, 15360 MiB, 31 %, 32.24 W
2026/09/29 15:24:42.106, 1065 MiB, 15360 MiB, 32 %, 36.07 W
2026/09/29 15:24:43.111, 1065 MiB, 15360 MiB, 32 %, 31.53 W
2026/09/29 15:24:44.116, 1065 MiB, 15360 MiB, 32 %, 32.34 W
2026/09/29 15:24:45.121, 1065 MiB, 15360 MiB, 32 %, 31.16 W
2026/09/29 15:24:46.128, 1065 MiB, 15360 MiB, 24 %, 30.76 W
2026/09/29 15:24:47.147, 1065 MiB, 15360 MiB, 25 %, 32.14 W
2026/09/29 15:24:48.157, 1065 MiB, 15360 MiB, 21 %, 33.11 W
2026/09/29 15:24:49.163, 1065 MiB, 15360 MiB, 33 %, 32.03 W
2026/09/29 15:24:50.168, 1065 MiB, 15360 MiB, 31 %, 35.36 W
2026/09/29 15:24:51.173, 1065 MiB, 15360 MiB, 28 %, 33.31 W
2026/09/29 15:24:52.179, 1065 MiB, 15360 MiB, 30 %, 32.05 W
2026/09/29 15:24:53.184, 1065 MiB, 15360 MiB, 30 %, 31.35 W
2026/09/29 15:24:54.189, 1065 MiB, 15360 MiB, 31 %, 31.93 W
2026/09/29 15:24:55.196, 1065 MiB, 15360 MiB, 29 %, 32.82 W
2026/09/29 15:24:56.205, 1065 MiB, 15360 MiB, 29 %, 31.45 W
2026/09/29 15:24:57.215, 1065 MiB, 15360 MiB, 29 %, 31.35 W
2026/09/29 15:24:58.220, 1065 MiB, 15360 MiB, 35 %, 30.17 W
2026/09/29 15:24:59.231, 1065 MiB, 15360 MiB, 24 %, 30.47 W
2026/09/29 15:25:00.242, 1065 MiB, 15360 MiB, 23 %, 30.66 W
2026/09/29 15:25:01.250, 1065 MiB, 15360 MiB, 31 %, 33.01 W
2026/09/29 15:25:02.260, 1065 MiB, 15360 MiB, 31 %, 32.52 W
2026/09/29 15:25:03.265, 1065 MiB, 15360 MiB, 32 %, 31.35 W
2026/09/29 15:25:04.270, 1065 MiB, 15360 MiB, 34 %, 34.20 W
2026/09/29 15:25:05.276, 1065 MiB, 15360 MiB, 33 %, 31.16 W
2026/09/29 15:25:06.281, 1065 MiB, 15360 MiB, 33 %, 34.40 W
2026/09/29 15:25:07.285, 1065 MiB, 15360 MiB, 33 %, 32.03 W
2026/09/29 15:25:08.290, 1065 MiB, 15360 MiB, 32 %, 34.87 W
2026/09/29 15:25:09.296, 1065 MiB, 15360 MiB, 32 %, 31.93 W
2026/09/29 15:25:10.301, 1065 MiB, 15360 MiB, 33 %, 31.55 W
2026/09/29 15:25:11.310, 1065 MiB, 15360 MiB, 26 %, 32.92 W
2026/09/29 15:25:12.321, 1065 MiB, 15360 MiB, 23 %, 31.04 W
2026/09/29 15:25:13.336, 1065 MiB, 15360 MiB, 26 %, 32.72 W
2026/09/29 15:25:14.344, 1065 MiB, 15360 MiB, 32 %, 31.34 W
2026/09/29 15:25:15.353, 1065 MiB, 15360 MiB, 32 %, 31.26 W
2026/09/29 15:25:16.362, 1065 MiB, 15360 MiB, 33 %, 33.69 W
2026/09/29 15:25:17.374, 1065 MiB, 15360 MiB, 32 %, 31.45 W
2026/09/29 15:25:18.383, 1065 MiB, 15360 MiB, 33 %, 35.05 W
2026/09/29 15:25:19.391, 1065 MiB, 15360 MiB, 33 %, 31.45 W
2026/09/29 15:25:20.398, 1065 MiB, 15360 MiB, 33 %, 35.09 W
2026/09/29 15:25:21.404, 1065 MiB, 15360 MiB, 37 %, 32.14 W
2026/09/29 15:25:22.411, 1065 MiB, 15360 MiB, 33 %, 31.26 W
2026/09/29 15:25:23.421, 1065 MiB, 15360 MiB, 24 %, 30.66 W
2026/09/29 15:25:24.433, 1065 MiB, 15360 MiB, 25 %, 31.65 W
2026/09/29 15:25:25.444, 1065 MiB, 15360 MiB, 25 %, 30.76 W
2026/09/29 15:25:26.457, 1065 MiB, 15360 MiB, 31 %, 34.30 W
2026/09/29 15:25:27.464, 1065 MiB, 15360 MiB, 30 %, 31.45 W
2026/09/29 15:25:28.473, 1065 MiB, 15360 MiB, 30 %, 31.93 W
2026/09/29 15:25:29.482, 1065 MiB, 15360 MiB, 31 %, 31.75 W
2026/09/29 15:25:30.491, 1065 MiB, 15360 MiB, 31 %, 33.61 W
2026/09/29 15:25:31.500, 1065 MiB, 15360 MiB, 35 %, 31.26 W
2026/09/29 15:25:32.506, 1065 MiB, 15360 MiB, 31 %, 30.98 W
2026/09/29 15:25:33.514, 1065 MiB, 15360 MiB, 33 %, 30.76 W
2026/09/29 15:25:34.524, 1065 MiB, 15360 MiB, 33 %, 32.92 W
2026/09/29 15:25:35.532, 1065 MiB, 15360 MiB, 32 %, 31.35 W
2026/09/29 15:25:36.537, 1065 MiB, 15360 MiB, 25 %, 30.66 W
2026/09/29 15:25:37.548, 1065 MiB, 15360 MiB, 25 %, 34.67 W
2026/09/29 15:25:38.560, 1065 MiB, 15360 MiB, 25 %, 32.24 W
2026/09/29 15:25:39.567, 1065 MiB, 15360 MiB, 32 %, 31.55 W
2026/09/29 15:25:40.576, 1065 MiB, 15360 MiB, 34 %, 30.96 W
2026/09/29 15:25:41.584, 1065 MiB, 15360 MiB, 32 %, 32.32 W
2026/09/29 15:25:42.593, 1065 MiB, 15360 MiB, 32 %, 31.75 W
2026/09/29 15:25:43.602, 1065 MiB, 15360 MiB, 33 %, 36.84 W
2026/09/29 15:25:44.611, 1065 MiB, 15360 MiB, 33 %, 31.95 W
2026/09/29 15:25:45.624, 1065 MiB, 15360 MiB, 32 %, 34.51 W
2026/09/29 15:25:46.631, 1065 MiB, 15360 MiB, 32 %, 31.06 W
2026/09/29 15:25:47.640, 1065 MiB, 15360 MiB, 32 %, 31.16 W
2026/09/29 15:25:48.649, 1065 MiB, 15360 MiB, 32 %, 34.40 W
2026/09/29 15:25:49.659, 1065 MiB, 15360 MiB, 25 %, 30.56 W
2026/09/29 15:25:50.671, 1065 MiB, 15360 MiB, 24 %, 32.14 W
2026/09/29 15:25:51.676, 1065 MiB, 15360 MiB, 32 %, 31.16 W
2026/09/29 15:25:52.681, 1065 MiB, 15360 MiB, 32 %, 30.76 W
2026/09/29 15:25:53.686, 1065 MiB, 15360 MiB, 33 %, 33.11 W
2026/09/29 15:25:54.691, 1065 MiB, 15360 MiB, 32 %, 33.21 W
2026/09/29 15:25:55.696, 1065 MiB, 15360 MiB, 32 %, 31.26 W
2026/09/29 15:25:56.701, 1065 MiB, 15360 MiB, 33 %, 34.97 W
2026/09/29 15:25:57.706, 1065 MiB, 15360 MiB, 33 %, 32.64 W
2026/09/29 15:25:58.711, 1065 MiB, 15360 MiB, 33 %, 31.26 W
2026/09/29 15:25:59.715, 1065 MiB, 15360 MiB, 33 %, 32.62 W
2026/09/29 15:26:00.720, 1065 MiB, 15360 MiB, 33 %, 31.26 W
2026/09/29 15:26:01.726, 1065 MiB, 15360 MiB, 26 %, 31.34 W
2026/09/29 15:26:02.747, 1065 MiB, 15360 MiB, 22 %, 30.37 W
2026/09/29 15:26:03.756, 1065 MiB, 15360 MiB, 23 %, 30.96 W
2026/09/29 15:26:04.764, 1065 MiB, 15360 MiB, 31 %, 34.02 W
2026/09/29 15:26:05.777, 1065 MiB, 15360 MiB, 36 %, 31.35 W
2026/09/29 15:26:06.783, 1065 MiB, 15360 MiB, 30 %, 32.05 W
2026/09/29 15:26:07.789, 1065 MiB, 15360 MiB, 30 %, 31.26 W
2026/09/29 15:26:08.795, 1065 MiB, 15360 MiB, 34 %, 30.76 W
2026/09/29 15:26:09.800, 1065 MiB, 15360 MiB, 30 %, 35.09 W
2026/09/29 15:26:10.809, 1065 MiB, 15360 MiB, 33 %, 31.65 W
2026/09/29 15:26:11.826, 1065 MiB, 15360 MiB, 33 %, 32.62 W
2026/09/29 15:26:12.831, 1065 MiB, 15360 MiB, 34 %, 34.18 W
2026/09/29 15:26:13.837, 1065 MiB, 15360 MiB, 25 %, 30.76 W
2026/09/29 15:26:14.850, 1065 MiB, 15360 MiB, 26 %, 30.76 W
2026/09/29 15:26:15.861, 1065 MiB, 15360 MiB, 25 %, 31.26 W
2026/09/29 15:26:16.873, 1065 MiB, 15360 MiB, 31 %, 31.63 W
2026/09/29 15:26:17.879, 1065 MiB, 15360 MiB, 30 %, 31.16 W
2026/09/29 15:26:18.885, 1065 MiB, 15360 MiB, 30 %, 31.04 W
2026/09/29 15:26:19.891, 1065 MiB, 15360 MiB, 30 %, 31.26 W
2026/09/29 15:26:20.896, 1065 MiB, 15360 MiB, 30 %, 30.66 W
2026/09/29 15:26:21.901, 1065 MiB, 15360 MiB, 30 %, 32.62 W
2026/09/29 15:26:22.906, 1065 MiB, 15360 MiB, 30 %, 32.54 W
2026/09/29 15:26:23.911, 1065 MiB, 15360 MiB, 30 %, 31.26 W
2026/09/29 15:26:24.916, 1065 MiB, 15360 MiB, 31 %, 30.96 W
2026/09/29 15:26:25.921, 1065 MiB, 15360 MiB, 30 %, 30.96 W
2026/09/29 15:26:26.927, 1065 MiB, 15360 MiB, 23 %, 31.34 W
2026/09/29 15:26:27.941, 1065 MiB, 15360 MiB, 22 %, 33.90 W
2026/09/29 15:26:28.954, 1065 MiB, 15360 MiB, 19 %, 30.56 W
2026/09/29 15:26:29.958, 1065 MiB, 15360 MiB, 28 %, 30.37 W
2026/09/29 15:26:30.963, 1065 MiB, 15360 MiB, 26 %, 31.26 W
2026/09/29 15:26:31.968, 1065 MiB, 15360 MiB, 27 %, 31.16 W
2026/09/29 15:26:32.973, 1065 MiB, 15360 MiB, 28 %, 31.26 W
2026/09/29 15:26:33.978, 1065 MiB, 15360 MiB, 28 %, 31.16 W
2026/09/29 15:26:34.983, 1065 MiB, 15360 MiB, 28 %, 30.47 W
2026/09/29 15:26:35.988, 1065 MiB, 15360 MiB, 29 %, 33.43 W
2026/09/29 15:26:36.993, 1065 MiB, 15360 MiB, 26 %, 30.27 W
2026/09/29 15:26:37.998, 1065 MiB, 15360 MiB, 30 %, 33.90 W
2026/09/29 15:26:39.004, 1065 MiB, 15360 MiB, 24 %, 29.87 W
2026/09/29 15:26:40.014, 1065 MiB, 15360 MiB, 23 %, 30.47 W
2026/09/29 15:26:41.026, 1065 MiB, 15360 MiB, 22 %, 30.76 W
2026/09/29 15:26:42.038, 1065 MiB, 15360 MiB, 29 %, 31.26 W
2026/09/29 15:26:43.042, 1065 MiB, 15360 MiB, 30 %, 30.76 W
2026/09/29 15:26:44.050, 1065 MiB, 15360 MiB, 29 %, 30.56 W
2026/09/29 15:26:45.055, 1065 MiB, 15360 MiB, 29 %, 30.68 W
2026/09/29 15:26:46.060, 1065 MiB, 15360 MiB, 29 %, 34.00 W
2026/09/29 15:26:47.065, 1065 MiB, 15360 MiB, 28 %, 32.05 W
2026/09/29 15:26:48.071, 1065 MiB, 15360 MiB, 35 %, 31.35 W
2026/09/29 15:26:49.076, 1065 MiB, 15360 MiB, 29 %, 30.76 W
2026/09/29 15:26:50.081, 1065 MiB, 15360 MiB, 29 %, 30.86 W
2026/09/29 15:26:51.086, 1065 MiB, 15360 MiB, 28 %, 30.68 W
2026/09/29 15:26:52.092, 1065 MiB, 15360 MiB, 23 %, 30.66 W
2026/09/29 15:26:53.105, 1065 MiB, 15360 MiB, 23 %, 31.35 W
2026/09/29 15:26:54.118, 1065 MiB, 15360 MiB, 18 %, 30.47 W
2026/09/29 15:26:55.123, 1065 MiB, 15360 MiB, 29 %, 30.76 W
2026/09/29 15:26:56.129, 1065 MiB, 15360 MiB, 29 %, 31.16 W
2026/09/29 15:26:57.133, 1065 MiB, 15360 MiB, 28 %, 31.35 W
2026/09/29 15:26:58.139, 1065 MiB, 15360 MiB, 27 %, 31.45 W
2026/09/29 15:26:59.144, 1065 MiB, 15360 MiB, 27 %, 31.26 W
2026/09/29 15:27:00.149, 1065 MiB, 15360 MiB, 27 %, 31.26 W
2026/09/29 15:27:01.154, 1065 MiB, 15360 MiB, 28 %, 30.56 W
2026/09/29 15:27:02.159, 1065 MiB, 15360 MiB, 28 %, 30.56 W
2026/09/29 15:27:03.164, 1065 MiB, 15360 MiB, 28 %, 33.82 W
2026/09/29 15:27:04.170, 1065 MiB, 15360 MiB, 28 %, 30.76 W
2026/09/29 15:27:05.181, 1065 MiB, 15360 MiB, 21 %, 30.58 W
2026/09/29 15:27:06.196, 1065 MiB, 15360 MiB, 22 %, 34.49 W
2026/09/29 15:27:07.206, 1065 MiB, 15360 MiB, 28 %, 33.71 W
2026/09/29 15:27:08.212, 1065 MiB, 15360 MiB, 30 %, 33.51 W
2026/09/29 15:27:09.219, 1065 MiB, 15360 MiB, 30 %, 30.56 W
2026/09/29 15:27:10.229, 1065 MiB, 15360 MiB, 36 %, 33.01 W
2026/09/29 15:27:11.233, 1065 MiB, 15360 MiB, 30 %, 30.86 W
2026/09/29 15:27:12.238, 1065 MiB, 15360 MiB, 30 %, 30.56 W
2026/09/29 15:27:13.244, 1065 MiB, 15360 MiB, 30 %, 30.47 W
2026/09/29 15:27:14.248, 1065 MiB, 15360 MiB, 30 %, 33.71 W
2026/09/29 15:27:15.253, 1065 MiB, 15360 MiB, 29 %, 30.86 W
2026/09/29 15:27:16.258, 1065 MiB, 15360 MiB, 29 %, 32.05 W
2026/09/29 15:27:17.264, 1065 MiB, 15360 MiB, 24 %, 30.17 W
2026/09/29 15:27:18.274, 1065 MiB, 15360 MiB, 21 %, 30.37 W
2026/09/29 15:27:19.285, 1065 MiB, 15360 MiB, 24 %, 32.64 W
2026/09/29 15:27:20.292, 1065 MiB, 15360 MiB, 30 %, 30.56 W
2026/09/29 15:27:21.298, 1065 MiB, 15360 MiB, 30 %, 33.63 W
2026/09/29 15:27:22.303, 1065 MiB, 15360 MiB, 30 %, 31.45 W
2026/09/29 15:27:23.308, 1065 MiB, 15360 MiB, 30 %, 30.66 W
2026/09/29 15:27:24.313, 1065 MiB, 15360 MiB, 30 %, 34.59 W
2026/09/29 15:27:25.318, 1065 MiB, 15360 MiB, 30 %, 31.35 W
2026/09/29 15:27:26.323, 1065 MiB, 15360 MiB, 30 %, 30.66 W
2026/09/29 15:27:27.328, 1065 MiB, 15360 MiB, 31 %, 31.26 W
2026/09/29 15:27:28.333, 1065 MiB, 15360 MiB, 30 %, 30.96 W
2026/09/29 15:27:29.339, 1065 MiB, 15360 MiB, 23 %, 30.47 W
2026/09/29 15:27:30.355, 1065 MiB, 15360 MiB, 25 %, 30.17 W
2026/09/29 15:27:31.371, 1065 MiB, 15360 MiB, 21 %, 31.35 W
2026/09/29 15:27:32.382, 1065 MiB, 15360 MiB, 29 %, 35.09 W
2026/09/29 15:27:33.386, 1065 MiB, 15360 MiB, 29 %, 30.96 W
2026/09/29 15:27:34.392, 1065 MiB, 15360 MiB, 29 %, 31.16 W
2026/09/29 15:27:35.397, 1065 MiB, 15360 MiB, 29 %, 30.86 W
2026/09/29 15:27:36.401, 1065 MiB, 15360 MiB, 28 %, 31.35 W
2026/09/29 15:27:37.406, 1065 MiB, 15360 MiB, 29 %, 30.56 W
2026/09/29 15:27:38.411, 1065 MiB, 15360 MiB, 29 %, 33.78 W
2026/09/29 15:27:39.416, 1065 MiB, 15360 MiB, 30 %, 30.76 W
2026/09/29 15:27:40.422, 1065 MiB, 15360 MiB, 30 %, 30.47 W
2026/09/29 15:27:41.436, 1065 MiB, 15360 MiB, 30 %, 34.40 W
2026/09/29 15:27:42.441, 1065 MiB, 15360 MiB, 23 %, 30.94 W
2026/09/29 15:27:43.452, 1065 MiB, 15360 MiB, 21 %, 30.76 W
2026/09/29 15:27:44.457, 1065 MiB, 15360 MiB, 20 %, 31.65 W
2026/09/29 15:27:45.462, 1065 MiB, 15360 MiB, 29 %, 31.75 W
2026/09/29 15:27:46.467, 1065 MiB, 15360 MiB, 30 %, 31.16 W
2026/09/29 15:27:47.473, 1065 MiB, 15360 MiB, 29 %, 31.35 W
2026/09/29 15:27:48.478, 1065 MiB, 15360 MiB, 30 %, 30.66 W
2026/09/29 15:27:49.483, 1065 MiB, 15360 MiB, 30 %, 30.96 W
2026/09/29 15:27:50.488, 1065 MiB, 15360 MiB, 30 %, 30.76 W
2026/09/29 15:27:51.493, 1065 MiB, 15360 MiB, 30 %, 31.08 W
2026/09/29 15:27:52.498, 1065 MiB, 15360 MiB, 30 %, 33.31 W
2026/09/29 15:27:53.506, 1065 MiB, 15360 MiB, 30 %, 30.47 W
2026/09/29 15:27:54.512, 1065 MiB, 15360 MiB, 25 %, 30.07 W
2026/09/29 15:27:55.526, 1065 MiB, 15360 MiB, 29 %, 33.69 W
2026/09/29 15:27:56.537, 1065 MiB, 15360 MiB, 27 %, 31.45 W
2026/09/29 15:27:57.551, 1065 MiB, 15360 MiB, 30 %, 31.26 W
2026/09/29 15:27:58.559, 1065 MiB, 15360 MiB, 29 %, 30.96 W
2026/09/29 15:27:59.563, 1065 MiB, 15360 MiB, 29 %, 30.56 W
2026/09/29 15:28:00.568, 1065 MiB, 15360 MiB, 28 %, 30.86 W
2026/09/29 15:28:01.573, 1065 MiB, 15360 MiB, 28 %, 32.99 W
2026/09/29 15:28:02.578, 1065 MiB, 15360 MiB, 28 %, 31.95 W
2026/09/29 15:28:03.583, 1065 MiB, 15360 MiB, 27 %, 36.07 W
2026/09/29 15:28:04.588, 1065 MiB, 15360 MiB, 28 %, 31.85 W
2026/09/29 15:28:05.593, 1065 MiB, 15360 MiB, 28 %, 30.96 W
2026/09/29 15:28:06.600, 1065 MiB, 15360 MiB, 34 %, 31.16 W
2026/09/29 15:28:07.606, 1065 MiB, 15360 MiB, 28 %, 30.27 W
2026/09/29 15:28:08.616, 1065 MiB, 15360 MiB, 24 %, 35.28 W
2026/09/29 15:28:09.627, 1065 MiB, 15360 MiB, 19 %, 33.13 W
2026/09/29 15:28:10.636, 1065 MiB, 15360 MiB, 28 %, 30.86 W
2026/09/29 15:28:11.645, 1065 MiB, 15360 MiB, 30 %, 30.96 W
2026/09/29 15:28:12.650, 1065 MiB, 15360 MiB, 29 %, 30.37 W
2026/09/29 15:28:13.656, 1065 MiB, 15360 MiB, 29 %, 30.86 W
2026/09/29 15:28:14.660, 1065 MiB, 15360 MiB, 29 %, 30.86 W
2026/09/29 15:28:15.665, 1065 MiB, 15360 MiB, 28 %, 30.47 W
2026/09/29 15:28:16.670, 1065 MiB, 15360 MiB, 29 %, 31.85 W
2026/09/29 15:28:17.675, 1065 MiB, 15360 MiB, 29 %, 31.75 W
2026/09/29 15:28:18.681, 1065 MiB, 15360 MiB, 31 %, 33.31 W
2026/09/29 15:28:19.687, 1065 MiB, 15360 MiB, 26 %, 32.24 W
2026/09/29 15:28:20.701, 1065 MiB, 15360 MiB, 20 %, 30.07 W
2026/09/29 15:28:21.722, 1065 MiB, 15360 MiB, 22 %, 31.16 W
2026/09/29 15:28:22.729, 1065 MiB, 15360 MiB, 29 %, 30.74 W
2026/09/29 15:28:23.733, 1065 MiB, 15360 MiB, 27 %, 30.47 W
2026/09/29 15:28:24.738, 1065 MiB, 15360 MiB, 29 %, 30.96 W
2026/09/29 15:28:25.745, 1065 MiB, 15360 MiB, 27 %, 30.38 W
2026/09/29 15:28:26.750, 1065 MiB, 15360 MiB, 36 %, 32.72 W
2026/09/29 15:28:27.757, 1065 MiB, 15360 MiB, 32 %, 31.55 W
2026/09/29 15:28:28.763, 1065 MiB, 15360 MiB, 32 %, 34.10 W
2026/09/29 15:28:29.768, 1065 MiB, 15360 MiB, 33 %, 30.94 W
2026/09/29 15:28:30.773, 1065 MiB, 15360 MiB, 32 %, 33.29 W
2026/09/29 15:28:31.777, 1065 MiB, 15360 MiB, 32 %, 31.45 W
2026/09/29 15:28:32.783, 1065 MiB, 15360 MiB, 25 %, 30.37 W
2026/09/29 15:28:33.795, 1065 MiB, 15360 MiB, 22 %, 32.32 W
2026/09/29 15:28:34.804, 1065 MiB, 15360 MiB, 23 %, 31.16 W
2026/09/29 15:28:35.809, 1065 MiB, 15360 MiB, 31 %, 31.45 W
2026/09/29 15:28:36.814, 1065 MiB, 15360 MiB, 31 %, 31.06 W
2026/09/29 15:28:37.820, 1065 MiB, 15360 MiB, 30 %, 30.66 W
2026/09/29 15:28:38.825, 1065 MiB, 15360 MiB, 31 %, 30.37 W
2026/09/29 15:28:39.830, 1065 MiB, 15360 MiB, 31 %, 31.35 W
2026/09/29 15:28:40.835, 1065 MiB, 15360 MiB, 32 %, 32.42 W
2026/09/29 15:28:41.840, 1065 MiB, 15360 MiB, 33 %, 31.06 W
2026/09/29 15:28:42.846, 1065 MiB, 15360 MiB, 32 %, 33.21 W
2026/09/29 15:28:43.867, 1065 MiB, 15360 MiB, 36 %, 31.06 W
2026/09/29 15:28:44.872, 1065 MiB, 15360 MiB, 26 %, 30.56 W
2026/09/29 15:28:45.887, 1065 MiB, 15360 MiB, 26 %, 30.47 W
2026/09/29 15:28:46.897, 1065 MiB, 15360 MiB, 24 %, 30.58 W
2026/09/29 15:28:47.912, 1065 MiB, 15360 MiB, 31 %, 33.31 W
2026/09/29 15:28:48.917, 1065 MiB, 15360 MiB, 28 %, 34.89 W
2026/09/29 15:28:49.922, 1065 MiB, 15360 MiB, 32 %, 30.96 W
2026/09/29 15:28:50.931, 1065 MiB, 15360 MiB, 32 %, 32.92 W
2026/09/29 15:28:51.936, 1065 MiB, 15360 MiB, 37 %, 31.45 W
2026/09/29 15:28:52.941, 1065 MiB, 15360 MiB, 32 %, 30.76 W
2026/09/29 15:28:53.946, 1065 MiB, 15360 MiB, 32 %, 34.00 W
2026/09/29 15:28:54.951, 1065 MiB, 15360 MiB, 30 %, 31.08 W
2026/09/29 15:28:55.956, 1065 MiB, 15360 MiB, 32 %, 31.06 W
2026/09/29 15:28:56.961, 1065 MiB, 15360 MiB, 36 %, 31.06 W
2026/09/29 15:28:57.967, 1065 MiB, 15360 MiB, 25 %, 32.14 W
2026/09/29 15:28:58.980, 1065 MiB, 15360 MiB, 29 %, 31.65 W
2026/09/29 15:28:59.993, 1065 MiB, 15360 MiB, 20 %, 33.11 W
2026/09/29 15:29:00.999, 1065 MiB, 15360 MiB, 32 %, 31.45 W
2026/09/29 15:29:02.004, 1065 MiB, 15360 MiB, 30 %, 35.78 W
2026/09/29 15:29:03.009, 1065 MiB, 15360 MiB, 30 %, 31.26 W
2026/09/29 15:29:04.015, 1065 MiB, 15360 MiB, 34 %, 30.96 W
2026/09/29 15:29:05.020, 1065 MiB, 15360 MiB, 29 %, 30.96 W
2026/09/29 15:29:06.025, 1065 MiB, 15360 MiB, 30 %, 32.82 W
2026/09/29 15:29:07.030, 1065 MiB, 15360 MiB, 28 %, 31.16 W
2026/09/29 15:29:08.035, 1065 MiB, 15360 MiB, 28 %, 31.02 W
2026/09/29 15:29:09.040, 1065 MiB, 15360 MiB, 31 %, 34.00 W
2026/09/29 15:29:10.046, 1065 MiB, 15360 MiB, 32 %, 30.27 W
2026/09/29 15:29:11.053, 1065 MiB, 15360 MiB, 25 %, 31.95 W
2026/09/29 15:29:12.064, 1065 MiB, 15360 MiB, 22 %, 30.66 W
2026/09/29 15:29:13.074, 1065 MiB, 15360 MiB, 30 %, 30.94 W
2026/09/29 15:29:14.079, 1065 MiB, 15360 MiB, 32 %, 31.06 W
2026/09/29 15:29:15.084, 1065 MiB, 15360 MiB, 35 %, 33.01 W
2026/09/29 15:29:16.090, 1065 MiB, 15360 MiB, 30 %, 31.26 W
2026/09/29 15:29:17.097, 1065 MiB, 15360 MiB, 31 %, 31.06 W
2026/09/29 15:29:18.103, 1065 MiB, 15360 MiB, 30 %, 33.11 W
2026/09/29 15:29:19.109, 1065 MiB, 15360 MiB, 30 %, 33.39 W
2026/09/29 15:29:20.114, 1065 MiB, 15360 MiB, 31 %, 32.05 W
2026/09/29 15:29:21.119, 1065 MiB, 15360 MiB, 30 %, 31.35 W
2026/09/29 15:29:22.124, 1065 MiB, 15360 MiB, 31 %, 31.35 W
2026/09/29 15:29:23.129, 1065 MiB, 15360 MiB, 24 %, 33.39 W
2026/09/29 15:29:24.139, 1065 MiB, 15360 MiB, 25 %, 30.76 W
2026/09/29 15:29:25.152, 1065 MiB, 15360 MiB, 20 %, 34.47 W
2026/09/29 15:29:26.157, 1065 MiB, 15360 MiB, 33 %, 31.26 W
2026/09/29 15:29:27.162, 1065 MiB, 15360 MiB, 34 %, 31.26 W
2026/09/29 15:29:28.167, 1065 MiB, 15360 MiB, 34 %, 31.55 W
2026/09/29 15:29:29.171, 1065 MiB, 15360 MiB, 33 %, 32.22 W
2026/09/29 15:29:30.177, 1065 MiB, 15360 MiB, 33 %, 31.55 W
2026/09/29 15:29:31.181, 1065 MiB, 15360 MiB, 33 %, 32.92 W
2026/09/29 15:29:32.186, 1065 MiB, 15360 MiB, 34 %, 31.45 W
2026/09/29 15:29:33.192, 1065 MiB, 15360 MiB, 33 %, 32.82 W
2026/09/29 15:29:34.197, 1065 MiB, 15360 MiB, 32 %, 31.35 W
2026/09/29 15:29:35.202, 1065 MiB, 15360 MiB, 24 %, 30.56 W
2026/09/29 15:29:36.213, 1065 MiB, 15360 MiB, 26 %, 30.86 W
2026/09/29 15:29:37.225, 1065 MiB, 15360 MiB, 24 %, 31.43 W
2026/09/29 15:29:38.237, 1065 MiB, 15360 MiB, 31 %, 31.45 W
2026/09/29 15:29:39.247, 1065 MiB, 15360 MiB, 31 %, 35.38 W
2026/09/29 15:29:40.252, 1065 MiB, 15360 MiB, 29 %, 33.41 W
2026/09/29 15:29:41.258, 1065 MiB, 15360 MiB, 31 %, 31.06 W
2026/09/29 15:29:42.264, 1065 MiB, 15360 MiB, 35 %, 33.31 W
2026/09/29 15:29:43.269, 1065 MiB, 15360 MiB, 32 %, 31.26 W
2026/09/29 15:29:44.275, 1065 MiB, 15360 MiB, 30 %, 34.12 W
2026/09/29 15:29:45.291, 1065 MiB, 15360 MiB, 33 %, 32.52 W
2026/09/29 15:29:46.296, 1065 MiB, 15360 MiB, 33 %, 35.76 W
2026/09/29 15:29:47.301, 1065 MiB, 15360 MiB, 38 %, 33.71 W
2026/09/29 15:29:48.307, 1065 MiB, 15360 MiB, 29 %, 30.56 W
2026/09/29 15:29:49.317, 1065 MiB, 15360 MiB, 23 %, 30.58 W
2026/09/29 15:29:50.325, 1065 MiB, 15360 MiB, 24 %, 31.26 W
2026/09/29 15:29:51.332, 1065 MiB, 15360 MiB, 29 %, 31.93 W
2026/09/29 15:29:52.338, 1065 MiB, 15360 MiB, 33 %, 31.35 W
2026/09/29 15:29:53.343, 1065 MiB, 15360 MiB, 36 %, 33.11 W
2026/09/29 15:29:54.347, 1065 MiB, 15360 MiB, 32 %, 32.54 W
2026/09/29 15:29:55.352, 1065 MiB, 15360 MiB, 33 %, 31.26 W
2026/09/29 15:29:56.357, 1065 MiB, 15360 MiB, 33 %, 31.95 W
2026/09/29 15:29:57.362, 1065 MiB, 15360 MiB, 33 %, 31.35 W
2026/09/29 15:29:58.368, 1065 MiB, 15360 MiB, 38 %, 31.16 W
2026/09/29 15:29:59.372, 1065 MiB, 15360 MiB, 31 %, 34.79 W
2026/09/29 15:30:00.378, 1065 MiB, 15360 MiB, 25 %, 30.37 W
2026/09/29 15:30:01.389, 1065 MiB, 15360 MiB, 26 %, 33.39 W
2026/09/29 15:30:02.402, 1065 MiB, 15360 MiB, 25 %, 30.66 W
2026/09/29 15:30:03.409, 1065 MiB, 15360 MiB, 32 %, 34.30 W
2026/09/29 15:30:04.414, 1065 MiB, 15360 MiB, 33 %, 31.45 W
2026/09/29 15:30:05.419, 1065 MiB, 15360 MiB, 31 %, 33.01 W
2026/09/29 15:30:06.424, 1065 MiB, 15360 MiB, 32 %, 31.55 W
2026/09/29 15:30:07.429, 1065 MiB, 15360 MiB, 30 %, 34.08 W
2026/09/29 15:30:08.434, 1065 MiB, 15360 MiB, 33 %, 34.77 W
2026/09/29 15:30:09.439, 1065 MiB, 15360 MiB, 30 %, 31.45 W
2026/09/29 15:30:10.444, 1065 MiB, 15360 MiB, 29 %, 35.36 W
2026/09/29 15:30:11.449, 1065 MiB, 15360 MiB, 30 %, 33.90 W
2026/09/29 15:30:12.454, 1065 MiB, 15360 MiB, 32 %, 31.35 W
2026/09/29 15:30:13.460, 1065 MiB, 15360 MiB, 23 %, 30.19 W
2026/09/29 15:30:14.474, 1065 MiB, 15360 MiB, 20 %, 30.07 W
2026/09/29 15:30:15.483, 1065 MiB, 15360 MiB, 19 %, 30.66 W
2026/09/29 15:30:16.487, 1065 MiB, 15360 MiB, 30 %, 34.10 W
2026/09/29 15:30:17.492, 1065 MiB, 15360 MiB, 30 %, 31.06 W
2026/09/29 15:30:18.497, 1065 MiB, 15360 MiB, 30 %, 31.06 W
2026/09/29 15:30:19.502, 1065 MiB, 15360 MiB, 30 %, 30.86 W
2026/09/29 15:30:20.507, 1065 MiB, 15360 MiB, 30 %, 32.82 W
2026/09/29 15:30:21.512, 1065 MiB, 15360 MiB, 30 %, 33.61 W
2026/09/29 15:30:22.517, 1065 MiB, 15360 MiB, 29 %, 31.26 W
2026/09/29 15:30:23.522, 1065 MiB, 15360 MiB, 30 %, 31.16 W
2026/09/29 15:30:24.527, 1065 MiB, 15360 MiB, 31 %, 32.24 W
2026/09/29 15:30:25.533, 1065 MiB, 15360 MiB, 31 %, 32.93 W
2026/09/29 15:30:26.539, 1065 MiB, 15360 MiB, 23 %, 30.66 W
2026/09/29 15:30:27.551, 1065 MiB, 15360 MiB, 22 %, 30.27 W
2026/09/29 15:30:28.561, 1065 MiB, 15360 MiB, 31 %, 31.95 W
2026/09/29 15:30:29.567, 1065 MiB, 15360 MiB, 31 %, 31.55 W
2026/09/29 15:30:30.571, 1065 MiB, 15360 MiB, 30 %, 30.76 W
2026/09/29 15:30:31.577, 1065 MiB, 15360 MiB, 29 %, 31.16 W
2026/09/29 15:30:32.581, 1065 MiB, 15360 MiB, 29 %, 32.03 W
2026/09/29 15:30:33.586, 1065 MiB, 15360 MiB, 30 %, 30.96 W
2026/09/29 15:30:34.591, 1065 MiB, 15360 MiB, 30 %, 30.76 W
2026/09/29 15:30:35.596, 1065 MiB, 15360 MiB, 30 %, 31.26 W
2026/09/29 15:30:36.601, 1065 MiB, 15360 MiB, 30 %, 31.16 W
2026/09/29 15:30:37.606, 1065 MiB, 15360 MiB, 28 %, 35.28 W
2026/09/29 15:30:38.612, 1065 MiB, 15360 MiB, 21 %, 30.66 W
2026/09/29 15:30:39.626, 1065 MiB, 15360 MiB, 21 %, 30.28 W
2026/09/29 15:30:40.643, 1065 MiB, 15360 MiB, 19 %, 31.16 W
2026/09/29 15:30:41.647, 1065 MiB, 15360 MiB, 29 %, 30.47 W
2026/09/29 15:30:42.652, 1065 MiB, 15360 MiB, 31 %, 31.26 W
2026/09/29 15:30:43.658, 1065 MiB, 15360 MiB, 30 %, 30.96 W
2026/09/29 15:30:44.663, 1065 MiB, 15360 MiB, 30 %, 30.96 W
2026/09/29 15:30:45.673, 1065 MiB, 15360 MiB, 30 %, 32.42 W
2026/09/29 15:30:46.685, 1065 MiB, 15360 MiB, 31 %, 32.54 W
2026/09/29 15:30:47.694, 1065 MiB, 15360 MiB, 31 %, 33.31 W
2026/09/29 15:30:48.699, 1065 MiB, 15360 MiB, 30 %, 32.92 W
2026/09/29 15:30:49.704, 1065 MiB, 15360 MiB, 30 %, 33.41 W
2026/09/29 15:30:50.709, 1065 MiB, 15360 MiB, 30 %, 30.07 W
2026/09/29 15:30:51.717, 1065 MiB, 15360 MiB, 24 %, 31.26 W
2026/09/29 15:30:52.727, 1065 MiB, 15360 MiB, 23 %, 30.37 W
2026/09/29 15:30:53.739, 1065 MiB, 15360 MiB, 30 %, 32.62 W
2026/09/29 15:30:54.745, 1065 MiB, 15360 MiB, 30 %, 32.52 W
2026/09/29 15:30:55.751, 1065 MiB, 15360 MiB, 30 %, 32.82 W
2026/09/29 15:30:56.757, 1065 MiB, 15360 MiB, 30 %, 31.83 W
2026/09/29 15:30:57.761, 1065 MiB, 15360 MiB, 30 %, 30.66 W
2026/09/29 15:30:58.766, 1065 MiB, 15360 MiB, 30 %, 30.76 W
2026/09/29 15:30:59.771, 1065 MiB, 15360 MiB, 31 %, 32.13 W
2026/09/29 15:31:00.776, 1065 MiB, 15360 MiB, 31 %, 31.35 W
2026/09/29 15:31:01.781, 1065 MiB, 15360 MiB, 30 %, 31.16 W
2026/09/29 15:31:02.786, 1065 MiB, 15360 MiB, 31 %, 30.76 W
2026/09/29 15:31:03.792, 1065 MiB, 15360 MiB, 23 %, 30.66 W
2026/09/29 15:31:04.802, 1065 MiB, 15360 MiB, 23 %, 30.17 W
2026/09/29 15:31:05.814, 1065 MiB, 15360 MiB, 17 %, 30.07 W
2026/09/29 15:31:06.821, 1065 MiB, 15360 MiB, 28 %, 32.05 W
2026/09/29 15:31:07.827, 1065 MiB, 15360 MiB, 28 %, 31.26 W
2026/09/29 15:31:08.832, 1065 MiB, 15360 MiB, 28 %, 30.96 W
2026/09/29 15:31:09.837, 1065 MiB, 15360 MiB, 28 %, 30.96 W
2026/09/29 15:31:10.842, 1065 MiB, 15360 MiB, 28 %, 30.56 W
2026/09/29 15:31:11.847, 1065 MiB, 15360 MiB, 25 %, 35.88 W
2026/09/29 15:31:12.852, 1065 MiB, 15360 MiB, 28 %, 30.37 W
2026/09/29 15:31:13.857, 1065 MiB, 15360 MiB, 30 %, 35.17 W
2026/09/29 15:31:14.862, 1065 MiB, 15360 MiB, 30 %, 31.35 W
2026/09/29 15:31:15.878, 1065 MiB, 15360 MiB, 30 %, 36.27 W
2026/09/29 15:31:16.889, 1065 MiB, 15360 MiB, 23 %, 30.66 W
2026/09/29 15:31:17.904, 1065 MiB, 15360 MiB, 21 %, 30.47 W
2026/09/29 15:31:18.919, 1065 MiB, 15360 MiB, 31 %, 31.55 W
2026/09/29 15:31:19.927, 1065 MiB, 15360 MiB, 30 %, 31.73 W
2026/09/29 15:31:20.932, 1065 MiB, 15360 MiB, 30 %, 30.86 W
2026/09/29 15:31:21.937, 1065 MiB, 15360 MiB, 31 %, 31.14 W
2026/09/29 15:31:22.942, 1065 MiB, 15360 MiB, 30 %, 30.96 W
2026/09/29 15:31:23.946, 1065 MiB, 15360 MiB, 31 %, 30.76 W
2026/09/29 15:31:24.951, 1065 MiB, 15360 MiB, 30 %, 34.79 W
2026/09/29 15:31:25.957, 1065 MiB, 15360 MiB, 30 %, 32.24 W
2026/09/29 15:31:26.962, 1065 MiB, 15360 MiB, 31 %, 31.45 W
2026/09/29 15:31:27.967, 1065 MiB, 15360 MiB, 30 %, 31.26 W
2026/09/29 15:31:28.973, 1065 MiB, 15360 MiB, 23 %, 30.76 W
2026/09/29 15:31:29.987, 1065 MiB, 15360 MiB, 22 %, 30.56 W
2026/09/29 15:31:31.002, 1065 MiB, 15360 MiB, 20 %, 30.07 W
2026/09/29 15:31:32.008, 1065 MiB, 15360 MiB, 30 %, 31.16 W
2026/09/29 15:31:33.013, 1065 MiB, 15360 MiB, 30 %, 31.14 W
2026/09/29 15:31:34.018, 1065 MiB, 15360 MiB, 30 %, 32.42 W
2026/09/29 15:31:35.023, 1065 MiB, 15360 MiB, 30 %, 31.06 W
2026/09/29 15:31:36.028, 1065 MiB, 15360 MiB, 29 %, 35.05 W
2026/09/29 15:31:37.033, 1065 MiB, 15360 MiB, 29 %, 33.53 W
2026/09/29 15:31:38.038, 1065 MiB, 15360 MiB, 28 %, 32.14 W
2026/09/29 15:31:39.043, 1065 MiB, 15360 MiB, 28 %, 30.76 W
2026/09/29 15:31:40.048, 1065 MiB, 15360 MiB, 28 %, 30.96 W
2026/09/29 15:31:41.053, 1065 MiB, 15360 MiB, 28 %, 30.76 W
2026/09/29 15:31:42.059, 1065 MiB, 15360 MiB, 22 %, 31.95 W
2026/09/29 15:31:43.068, 1065 MiB, 15360 MiB, 20 %, 30.47 W
2026/09/29 15:31:44.082, 1065 MiB, 15360 MiB, 29 %, 30.88 W
2026/09/29 15:31:45.087, 1065 MiB, 15360 MiB, 29 %, 30.96 W
2026/09/29 15:31:46.096, 1065 MiB, 15360 MiB, 30 %, 33.01 W
2026/09/29 15:31:47.102, 1065 MiB, 15360 MiB, 29 %, 30.76 W
2026/09/29 15:31:48.107, 1065 MiB, 15360 MiB, 30 %, 30.83 W
2026/09/29 15:31:49.111, 1065 MiB, 15360 MiB, 30 %, 31.75 W
2026/09/29 15:31:50.119, 1065 MiB, 15360 MiB, 30 %, 34.97 W
2026/09/29 15:31:51.124, 1065 MiB, 15360 MiB, 31 %, 32.24 W
2026/09/29 15:31:52.129, 1065 MiB, 15360 MiB, 30 %, 31.06 W
2026/09/29 15:31:53.134, 1065 MiB, 15360 MiB, 30 %, 31.24 W
2026/09/29 15:31:54.141, 1065 MiB, 15360 MiB, 21 %, 30.66 W
2026/09/29 15:31:55.155, 1065 MiB, 15360 MiB, 24 %, 30.47 W
2026/09/29 15:31:56.162, 1065 MiB, 15360 MiB, 21 %, 32.24 W
2026/09/29 15:31:57.173, 1065 MiB, 15360 MiB, 30 %, 31.06 W
2026/09/29 15:31:58.183, 1065 MiB, 15360 MiB, 31 %, 34.20 W
2026/09/29 15:31:59.189, 1065 MiB, 15360 MiB, 30 %, 31.53 W
2026/09/29 15:32:00.194, 1065 MiB, 15360 MiB, 30 %, 31.16 W
2026/09/29 15:32:01.199, 1065 MiB, 15360 MiB, 30 %, 31.26 W
2026/09/29 15:32:02.204, 1065 MiB, 15360 MiB, 30 %, 30.78 W
2026/09/29 15:32:03.209, 1065 MiB, 15360 MiB, 28 %, 30.47 W
2026/09/29 15:32:04.215, 1065 MiB, 15360 MiB, 30 %, 34.00 W
2026/09/29 15:32:05.220, 1065 MiB, 15360 MiB, 30 %, 32.34 W
2026/09/29 15:32:06.225, 1065 MiB, 15360 MiB, 30 %, 30.96 W
2026/09/29 15:32:07.231, 1065 MiB, 15360 MiB, 21 %, 30.56 W
2026/09/29 15:32:08.241, 1065 MiB, 15360 MiB, 21 %, 35.58 W
2026/09/29 15:32:09.253, 1065 MiB, 15360 MiB, 28 %, 35.48 W
2026/09/29 15:32:10.259, 1065 MiB, 15360 MiB, 29 %, 32.14 W
2026/09/29 15:32:11.264, 1065 MiB, 15360 MiB, 28 %, 31.34 W
2026/09/29 15:32:12.269, 1065 MiB, 15360 MiB, 29 %, 30.76 W
2026/09/29 15:32:13.274, 1065 MiB, 15360 MiB, 30 %, 30.47 W
2026/09/29 15:32:14.279, 1065 MiB, 15360 MiB, 29 %, 34.18 W
2026/09/29 15:32:15.284, 1065 MiB, 15360 MiB, 30 %, 30.96 W
2026/09/29 15:32:16.289, 1065 MiB, 15360 MiB, 29 %, 32.52 W
2026/09/29 15:32:17.297, 1065 MiB, 15360 MiB, 30 %, 31.45 W
2026/09/29 15:32:18.302, 1065 MiB, 15360 MiB, 30 %, 31.45 W
2026/09/29 15:32:19.309, 1065 MiB, 15360 MiB, 22 %, 30.76 W
2026/09/29 15:32:20.319, 1065 MiB, 15360 MiB, 23 %, 30.37 W
2026/09/29 15:32:21.330, 1065 MiB, 15360 MiB, 19 %, 31.65 W
2026/09/29 15:32:22.340, 1065 MiB, 15360 MiB, 35 %, 34.00 W
2026/09/29 15:32:23.345, 1065 MiB, 15360 MiB, 30 %, 32.13 W
2026/09/29 15:32:24.351, 1065 MiB, 15360 MiB, 30 %, 31.06 W
2026/09/29 15:32:25.358, 1065 MiB, 15360 MiB, 30 %, 30.76 W
2026/09/29 15:32:26.362, 1065 MiB, 15360 MiB, 30 %, 30.56 W
2026/09/29 15:32:27.367, 1065 MiB, 15360 MiB, 30 %, 30.37 W
2026/09/29 15:32:28.372, 1065 MiB, 15360 MiB, 30 %, 32.84 W
2026/09/29 15:32:29.377, 1065 MiB, 15360 MiB, 30 %, 30.96 W
2026/09/29 15:32:30.382, 1065 MiB, 15360 MiB, 31 %, 30.66 W
2026/09/29 15:32:31.387, 1065 MiB, 15360 MiB, 31 %, 33.53 W
2026/09/29 15:32:32.393, 1065 MiB, 15360 MiB, 24 %, 30.17 W
2026/09/29 15:32:33.408, 1065 MiB, 15360 MiB, 21 %, 30.17 W
2026/09/29 15:32:34.417, 1065 MiB, 15360 MiB, 31 %, 31.26 W
2026/09/29 15:32:35.422, 1065 MiB, 15360 MiB, 31 %, 30.66 W
2026/09/29 15:32:36.427, 1065 MiB, 15360 MiB, 27 %, 35.38 W
2026/09/29 15:32:37.431, 1065 MiB, 15360 MiB, 26 %, 30.47 W
2026/09/29 15:32:38.436, 1065 MiB, 15360 MiB, 28 %, 30.96 W
2026/09/29 15:32:39.442, 1065 MiB, 15360 MiB, 30 %, 35.88 W
2026/09/29 15:32:40.448, 1065 MiB, 15360 MiB, 29 %, 31.26 W
2026/09/29 15:32:41.453, 1065 MiB, 15360 MiB, 28 %, 30.66 W
2026/09/29 15:32:42.458, 1065 MiB, 15360 MiB, 26 %, 30.68 W
2026/09/29 15:32:43.463, 1065 MiB, 15360 MiB, 29 %, 30.17 W
2026/09/29 15:32:44.470, 1065 MiB, 15360 MiB, 22 %, 29.87 W
2026/09/29 15:32:45.482, 1065 MiB, 15360 MiB, 24 %, 30.66 W
2026/09/29 15:32:46.495, 1065 MiB, 15360 MiB, 22 %, 34.08 W
2026/09/29 15:32:47.503, 1065 MiB, 15360 MiB, 29 %, 33.80 W
2026/09/29 15:32:48.509, 1065 MiB, 15360 MiB, 30 %, 31.65 W
2026/09/29 15:32:49.516, 1065 MiB, 15360 MiB, 30 %, 31.55 W
2026/09/29 15:32:50.521, 1065 MiB, 15360 MiB, 30 %, 31.65 W
2026/09/29 15:32:51.526, 1065 MiB, 15360 MiB, 31 %, 30.76 W
2026/09/29 15:32:52.531, 1065 MiB, 15360 MiB, 30 %, 30.96 W
2026/09/29 15:32:53.536, 1065 MiB, 15360 MiB, 31 %, 32.72 W
2026/09/29 15:32:54.541, 1065 MiB, 15360 MiB, 30 %, 31.06 W
2026/09/29 15:32:55.546, 1065 MiB, 15360 MiB, 31 %, 30.27 W
2026/09/29 15:32:56.551, 1065 MiB, 15360 MiB, 30 %, 31.53 W
2026/09/29 15:32:57.558, 1065 MiB, 15360 MiB, 23 %, 34.49 W
2026/09/29 15:32:58.568, 1065 MiB, 15360 MiB, 21 %, 30.76 W
2026/09/29 15:32:59.579, 1065 MiB, 15360 MiB, 30 %, 33.90 W
2026/09/29 15:33:00.586, 1065 MiB, 15360 MiB, 35 %, 33.41 W
2026/09/29 15:33:01.591, 1065 MiB, 15360 MiB, 30 %, 31.35 W
2026/09/29 15:33:02.597, 1065 MiB, 15360 MiB, 29 %, 33.01 W
2026/09/29 15:33:03.602, 1065 MiB, 15360 MiB, 30 %, 32.44 W
2026/09/29 15:33:04.607, 1065 MiB, 15360 MiB, 28 %, 31.55 W
2026/09/29 15:33:05.612, 1065 MiB, 15360 MiB, 27 %, 30.86 W
2026/09/29 15:33:06.617, 1065 MiB, 15360 MiB, 29 %, 30.76 W
2026/09/29 15:33:07.622, 1065 MiB, 15360 MiB, 27 %, 30.86 W
2026/09/29 15:33:08.628, 1065 MiB, 15360 MiB, 28 %, 32.64 W
2026/09/29 15:33:09.635, 1065 MiB, 15360 MiB, 20 %, 30.27 W
2026/09/29 15:33:10.645, 1065 MiB, 15360 MiB, 24 %, 30.66 W
2026/09/29 15:33:11.656, 1065 MiB, 15360 MiB, 22 %, 30.19 W
2026/09/29 15:33:12.665, 1065 MiB, 15360 MiB, 30 %, 31.93 W
2026/09/29 15:33:13.672, 1065 MiB, 15360 MiB, 30 %, 33.61 W
2026/09/29 15:33:14.685, 1065 MiB, 15360 MiB, 30 %, 35.28 W
2026/09/29 15:33:15.689, 1065 MiB, 15360 MiB, 28 %, 30.94 W
2026/09/29 15:33:16.694, 1065 MiB, 15360 MiB, 35 %, 32.32 W
2026/09/29 15:33:17.699, 1065 MiB, 15360 MiB, 30 %, 32.64 W
2026/09/29 15:33:18.704, 1065 MiB, 15360 MiB, 30 %, 31.73 W
2026/09/29 15:33:19.709, 1065 MiB, 15360 MiB, 30 %, 32.84 W
2026/09/29 15:33:20.715, 1065 MiB, 15360 MiB, 29 %, 33.61 W
2026/09/29 15:33:21.720, 1065 MiB, 15360 MiB, 30 %, 33.61 W
2026/09/29 15:33:22.726, 1065 MiB, 15360 MiB, 21 %, 30.17 W
2026/09/29 15:33:23.736, 1065 MiB, 15360 MiB, 20 %, 30.96 W
2026/09/29 15:33:24.751, 1065 MiB, 15360 MiB, 30 %, 30.66 W
2026/09/29 15:33:25.757, 1065 MiB, 15360 MiB, 29 %, 32.82 W
2026/09/29 15:33:26.762, 1065 MiB, 15360 MiB, 29 %, 32.05 W
2026/09/29 15:33:27.767, 1065 MiB, 15360 MiB, 30 %, 32.54 W
2026/09/29 15:33:28.772, 1065 MiB, 15360 MiB, 29 %, 34.00 W
2026/09/29 15:33:29.778, 1065 MiB, 15360 MiB, 30 %, 33.33 W
2026/09/29 15:33:30.783, 1065 MiB, 15360 MiB, 29 %, 32.24 W
2026/09/29 15:33:31.788, 1065 MiB, 15360 MiB, 30 %, 31.16 W
2026/09/29 15:33:32.795, 1065 MiB, 15360 MiB, 29 %, 30.38 W
2026/09/29 15:33:33.802, 1065 MiB, 15360 MiB, 30 %, 31.26 W
2026/09/29 15:33:34.807, 1065 MiB, 15360 MiB, 22 %, 31.06 W
2026/09/29 15:33:35.818, 1065 MiB, 15360 MiB, 24 %, 33.21 W
2026/09/29 15:33:36.828, 1065 MiB, 15360 MiB, 21 %, 29.97 W
2026/09/29 15:33:37.841, 1065 MiB, 15360 MiB, 30 %, 31.06 W
2026/09/29 15:33:38.846, 1065 MiB, 15360 MiB, 29 %, 31.26 W
2026/09/29 15:33:39.851, 1065 MiB, 15360 MiB, 28 %, 31.26 W
2026/09/29 15:33:40.856, 1065 MiB, 15360 MiB, 28 %, 31.45 W
2026/09/29 15:33:41.861, 1065 MiB, 15360 MiB, 28 %, 31.06 W
2026/09/29 15:33:42.866, 1065 MiB, 15360 MiB, 29 %, 31.04 W
2026/09/29 15:33:43.871, 1065 MiB, 15360 MiB, 28 %, 31.95 W
2026/09/29 15:33:44.876, 1065 MiB, 15360 MiB, 29 %, 30.56 W
2026/09/29 15:33:45.881, 1065 MiB, 15360 MiB, 27 %, 32.72 W
2026/09/29 15:33:46.886, 1065 MiB, 15360 MiB, 29 %, 30.88 W
2026/09/29 15:33:47.898, 1065 MiB, 15360 MiB, 23 %, 30.56 W
2026/09/29 15:33:48.909, 1065 MiB, 15360 MiB, 21 %, 30.27 W
2026/09/29 15:33:49.918, 1065 MiB, 15360 MiB, 30 %, 35.68 W
2026/09/29 15:33:50.923, 1065 MiB, 15360 MiB, 30 %, 31.65 W
2026/09/29 15:33:51.928, 1065 MiB, 15360 MiB, 30 %, 30.76 W
2026/09/29 15:33:52.933, 1065 MiB, 15360 MiB, 30 %, 30.56 W
2026/09/29 15:33:53.938, 1065 MiB, 15360 MiB, 30 %, 30.76 W
2026/09/29 15:33:54.943, 1065 MiB, 15360 MiB, 32 %, 31.14 W
2026/09/29 15:33:55.948, 1065 MiB, 15360 MiB, 30 %, 30.47 W
2026/09/29 15:33:56.954, 1065 MiB, 15360 MiB, 31 %, 31.35 W
2026/09/29 15:33:57.960, 1065 MiB, 15360 MiB, 31 %, 30.48 W
2026/09/29 15:33:58.965, 1065 MiB, 15360 MiB, 31 %, 31.06 W
2026/09/29 15:33:59.970, 1065 MiB, 15360 MiB, 21 %, 34.99 W
2026/09/29 15:34:00.982, 1065 MiB, 15360 MiB, 24 %, 30.17 W
2026/09/29 15:34:01.990, 1065 MiB, 15360 MiB, 21 %, 30.17 W
2026/09/29 15:34:03.003, 1065 MiB, 15360 MiB, 30 %, 31.16 W
2026/09/29 15:34:04.013, 1065 MiB, 15360 MiB, 29 %, 31.16 W
2026/09/29 15:34:05.018, 1065 MiB, 15360 MiB, 28 %, 31.75 W
2026/09/29 15:34:06.023, 1065 MiB, 15360 MiB, 28 %, 30.76 W
2026/09/29 15:34:07.029, 1065 MiB, 15360 MiB, 28 %, 31.63 W
2026/09/29 15:34:08.033, 1065 MiB, 15360 MiB, 28 %, 32.22 W
2026/09/29 15:34:09.038, 1065 MiB, 15360 MiB, 28 %, 31.26 W
2026/09/29 15:34:10.043, 1065 MiB, 15360 MiB, 27 %, 30.76 W
2026/09/29 15:34:11.048, 1065 MiB, 15360 MiB, 28 %, 32.82 W
2026/09/29 15:34:12.053, 1065 MiB, 15360 MiB, 28 %, 32.05 W
2026/09/29 15:34:13.060, 1065 MiB, 15360 MiB, 22 %, 30.66 W
2026/09/29 15:34:14.070, 1065 MiB, 15360 MiB, 19 %, 30.17 W
2026/09/29 15:34:15.079, 1065 MiB, 15360 MiB, 25 %, 34.38 W
2026/09/29 15:34:16.085, 1065 MiB, 15360 MiB, 30 %, 30.19 W
2026/09/29 15:34:17.091, 1065 MiB, 15360 MiB, 32 %, 31.26 W
2026/09/29 15:34:18.104, 1065 MiB, 15360 MiB, 29 %, 32.22 W
2026/09/29 15:34:19.108, 1065 MiB, 15360 MiB, 30 %, 30.66 W
2026/09/29 15:34:20.114, 1065 MiB, 15360 MiB, 31 %, 32.42 W
2026/09/29 15:34:21.118, 1065 MiB, 15360 MiB, 31 %, 31.27 W
2026/09/29 15:34:22.123, 1065 MiB, 15360 MiB, 31 %, 34.40 W
2026/09/29 15:34:23.128, 1065 MiB, 15360 MiB, 30 %, 30.47 W
2026/09/29 15:34:24.133, 1065 MiB, 15360 MiB, 28 %, 30.86 W
2026/09/29 15:34:25.139, 1065 MiB, 15360 MiB, 22 %, 30.56 W
2026/09/29 15:34:26.153, 1065 MiB, 15360 MiB, 23 %, 30.17 W
2026/09/29 15:34:27.170, 1065 MiB, 15360 MiB, 23 %, 30.19 W
2026/09/29 15:34:28.184, 1065 MiB, 15360 MiB, 29 %, 31.06 W
2026/09/29 15:34:29.189, 1065 MiB, 15360 MiB, 29 %, 34.00 W
2026/09/29 15:34:30.195, 1065 MiB, 15360 MiB, 29 %, 32.03 W
2026/09/29 15:34:31.200, 1065 MiB, 15360 MiB, 29 %, 30.96 W
2026/09/29 15:34:32.206, 1065 MiB, 15360 MiB, 29 %, 31.75 W
2026/09/29 15:34:33.211, 1065 MiB, 15360 MiB, 29 %, 31.16 W
2026/09/29 15:34:34.217, 1065 MiB, 15360 MiB, 28 %, 31.26 W
2026/09/29 15:34:35.224, 1065 MiB, 15360 MiB, 30 %, 31.83 W
2026/09/29 15:34:36.229, 1065 MiB, 15360 MiB, 29 %, 31.55 W
2026/09/29 15:34:37.234, 1065 MiB, 15360 MiB, 29 %, 30.96 W
2026/09/29 15:34:38.239, 1065 MiB, 15360 MiB, 23 %, 30.27 W
2026/09/29 15:34:39.250, 1065 MiB, 15360 MiB, 21 %, 31.55 W
2026/09/29 15:34:40.262, 1065 MiB, 15360 MiB, 30 %, 30.96 W
2026/09/29 15:34:41.267, 1065 MiB, 15360 MiB, 30 %, 30.76 W
2026/09/29 15:34:42.274, 1065 MiB, 15360 MiB, 30 %, 30.66 W
2026/09/29 15:34:43.280, 1065 MiB, 15360 MiB, 30 %, 31.65 W
2026/09/29 15:34:44.285, 1065 MiB, 15360 MiB, 28 %, 31.45 W
2026/09/29 15:34:45.290, 1065 MiB, 15360 MiB, 28 %, 32.74 W
2026/09/29 15:34:46.295, 1065 MiB, 15360 MiB, 28 %, 31.55 W
2026/09/29 15:34:47.299, 1065 MiB, 15360 MiB, 28 %, 30.86 W
2026/09/29 15:34:48.304, 1065 MiB, 15360 MiB, 27 %, 30.66 W
2026/09/29 15:34:49.310, 1065 MiB, 15360 MiB, 29 %, 31.26 W
2026/09/29 15:34:50.316, 1065 MiB, 15360 MiB, 22 %, 30.66 W
2026/09/29 15:34:51.330, 1065 MiB, 15360 MiB, 24 %, 32.22 W
2026/09/29 15:34:52.342, 1065 MiB, 15360 MiB, 20 %, 30.17 W
2026/09/29 15:34:53.355, 1065 MiB, 15360 MiB, 31 %, 30.86 W
2026/09/29 15:34:54.359, 1065 MiB, 15360 MiB, 31 %, 30.47 W
2026/09/29 15:34:55.365, 1065 MiB, 15360 MiB, 35 %, 30.86 W
2026/09/29 15:34:56.369, 1065 MiB, 15360 MiB, 30 %, 30.86 W
2026/09/29 15:34:57.374, 1065 MiB, 15360 MiB, 30 %, 32.14 W
2026/09/29 15:34:58.379, 1065 MiB, 15360 MiB, 31 %, 30.76 W
2026/09/29 15:34:59.384, 1065 MiB, 15360 MiB, 30 %, 33.80 W
2026/09/29 15:35:00.389, 1065 MiB, 15360 MiB, 31 %, 31.35 W
2026/09/29 15:35:01.394, 1065 MiB, 15360 MiB, 31 %, 30.66 W
2026/09/29 15:35:02.401, 1065 MiB, 15360 MiB, 31 %, 32.54 W
2026/09/29 15:35:03.407, 1065 MiB, 15360 MiB, 24 %, 30.86 W
2026/09/29 15:35:04.416, 1065 MiB, 15360 MiB, 22 %, 32.05 W
2026/09/29 15:35:05.424, 1065 MiB, 15360 MiB, 28 %, 31.65 W
2026/09/29 15:35:06.431, 1065 MiB, 15360 MiB, 31 %, 31.08 W
2026/09/29 15:35:07.437, 1065 MiB, 15360 MiB, 31 %, 32.72 W
2026/09/29 15:35:08.442, 1065 MiB, 15360 MiB, 27 %, 35.07 W
2026/09/29 15:35:09.447, 1065 MiB, 15360 MiB, 31 %, 31.55 W
2026/09/29 15:35:10.452, 1065 MiB, 15360 MiB, 30 %, 30.76 W
2026/09/29 15:35:11.457, 1065 MiB, 15360 MiB, 30 %, 31.55 W
2026/09/29 15:35:12.462, 1065 MiB, 15360 MiB, 29 %, 31.35 W
2026/09/29 15:35:13.467, 1065 MiB, 15360 MiB, 28 %, 34.30 W
2026/09/29 15:35:14.472, 1065 MiB, 15360 MiB, 28 %, 32.52 W
2026/09/29 15:35:15.479, 1065 MiB, 15360 MiB, 19 %, 30.66 W
2026/09/29 15:35:16.495, 1065 MiB, 15360 MiB, 22 %, 32.42 W
2026/09/29 15:35:17.511, 1065 MiB, 15360 MiB, 23 %, 30.07 W
2026/09/29 15:35:18.519, 1065 MiB, 15360 MiB, 30 %, 30.66 W
2026/09/29 15:35:19.525, 1065 MiB, 15360 MiB, 30 %, 30.37 W
2026/09/29 15:35:20.531, 1065 MiB, 15360 MiB, 29 %, 30.76 W
2026/09/29 15:35:21.542, 1065 MiB, 15360 MiB, 31 %, 31.06 W
2026/09/29 15:35:22.547, 1065 MiB, 15360 MiB, 30 %, 31.06 W
2026/09/29 15:35:23.553, 1065 MiB, 15360 MiB, 30 %, 31.26 W
2026/09/29 15:35:24.560, 1065 MiB, 15360 MiB, 31 %, 30.86 W
2026/09/29 15:35:25.567, 1065 MiB, 15360 MiB, 30 %, 30.56 W
2026/09/29 15:35:26.573, 1065 MiB, 15360 MiB, 31 %, 32.14 W
2026/09/29 15:35:27.578, 1065 MiB, 15360 MiB, 31 %, 30.66 W
2026/09/29 15:35:28.584, 1065 MiB, 15360 MiB, 24 %, 30.47 W
2026/09/29 15:35:29.594, 1065 MiB, 15360 MiB, 22 %, 32.84 W
2026/09/29 15:35:30.606, 1065 MiB, 15360 MiB, 25 %, 30.96 W
2026/09/29 15:35:31.614, 1065 MiB, 15360 MiB, 29 %, 30.86 W
2026/09/29 15:35:32.619, 1065 MiB, 15360 MiB, 30 %, 30.66 W
2026/09/29 15:35:33.624, 1065 MiB, 15360 MiB, 31 %, 33.90 W
2026/09/29 15:35:34.629, 1065 MiB, 15360 MiB, 30 %, 32.52 W
2026/09/29 15:35:35.634, 1065 MiB, 15360 MiB, 30 %, 31.16 W
2026/09/29 15:35:36.639, 1065 MiB, 15360 MiB, 30 %, 31.06 W
2026/09/29 15:35:37.644, 1065 MiB, 15360 MiB, 29 %, 32.24 W
2026/09/29 15:35:38.649, 1065 MiB, 15360 MiB, 30 %, 32.64 W
2026/09/29 15:35:39.654, 1065 MiB, 15360 MiB, 30 %, 30.86 W
2026/09/29 15:35:40.660, 1065 MiB, 15360 MiB, 21 %, 31.73 W
2026/09/29 15:35:41.676, 1065 MiB, 15360 MiB, 22 %, 30.78 W
2026/09/29 15:35:42.699, 1065 MiB, 15360 MiB, 21 %, 30.27 W
2026/09/29 15:35:43.708, 1065 MiB, 15360 MiB, 30 %, 31.45 W
2026/09/29 15:35:44.715, 1065 MiB, 15360 MiB, 28 %, 30.96 W
2026/09/29 15:35:45.720, 1065 MiB, 15360 MiB, 29 %, 31.06 W
2026/09/29 15:35:46.725, 1065 MiB, 15360 MiB, 29 %, 31.16 W
2026/09/29 15:35:47.730, 1065 MiB, 15360 MiB, 28 %, 30.47 W
2026/09/29 15:35:48.736, 1065 MiB, 15360 MiB, 32 %, 30.86 W
2026/09/29 15:35:49.741, 1065 MiB, 15360 MiB, 27 %, 35.38 W
2026/09/29 15:35:50.747, 1065 MiB, 15360 MiB, 29 %, 32.32 W
2026/09/29 15:35:51.755, 1065 MiB, 15360 MiB, 31 %, 31.14 W
2026/09/29 15:35:52.763, 1065 MiB, 15360 MiB, 30 %, 32.34 W
2026/09/29 15:35:53.769, 1065 MiB, 15360 MiB, 24 %, 30.88 W
2026/09/29 15:35:54.786, 1065 MiB, 15360 MiB, 20 %, 29.97 W
2026/09/29 15:35:55.794, 1065 MiB, 15360 MiB, 30 %, 31.16 W
2026/09/29 15:35:56.800, 1065 MiB, 15360 MiB, 30 %, 35.09 W
2026/09/29 15:35:57.806, 1065 MiB, 15360 MiB, 30 %, 31.55 W
2026/09/29 15:35:58.811, 1065 MiB, 15360 MiB, 30 %, 30.86 W
2026/09/29 15:35:59.818, 1065 MiB, 15360 MiB, 30 %, 33.61 W
2026/09/29 15:36:00.824, 1065 MiB, 15360 MiB, 30 %, 33.51 W
2026/09/29 15:36:01.830, 1065 MiB, 15360 MiB, 30 %, 31.95 W
2026/09/29 15:36:02.834, 1065 MiB, 15360 MiB, 32 %, 30.86 W
2026/09/29 15:36:03.839, 1065 MiB, 15360 MiB, 31 %, 30.76 W
2026/09/29 15:36:04.844, 1065 MiB, 15360 MiB, 28 %, 30.86 W
2026/09/29 15:36:05.850, 1065 MiB, 15360 MiB, 23 %, 34.77 W
2026/09/29 15:36:06.862, 1065 MiB, 15360 MiB, 30 %, 30.66 W
2026/09/29 15:36:07.877, 1065 MiB, 15360 MiB, 18 %, 30.56 W
2026/09/29 15:36:08.887, 1065 MiB, 15360 MiB, 30 %, 30.56 W
2026/09/29 15:36:09.891, 1065 MiB, 15360 MiB, 29 %, 30.76 W
2026/09/29 15:36:10.896, 1065 MiB, 15360 MiB, 30 %, 30.47 W
2026/09/29 15:36:11.901, 1065 MiB, 15360 MiB, 28 %, 31.06 W
2026/09/29 15:36:12.906, 1065 MiB, 15360 MiB, 28 %, 30.76 W
2026/09/29 15:36:13.911, 1065 MiB, 15360 MiB, 29 %, 33.03 W
2026/09/29 15:36:14.916, 1065 MiB, 15360 MiB, 27 %, 33.71 W
2026/09/29 15:36:15.921, 1065 MiB, 15360 MiB, 28 %, 33.61 W
2026/09/29 15:36:16.927, 1065 MiB, 15360 MiB, 29 %, 31.53 W
2026/09/29 15:36:17.932, 1065 MiB, 15360 MiB, 29 %, 30.78 W
2026/09/29 15:36:18.938, 1065 MiB, 15360 MiB, 22 %, 30.09 W
2026/09/29 15:36:19.952, 1065 MiB, 15360 MiB, 21 %, 33.90 W
2026/09/29 15:36:20.962, 1065 MiB, 15360 MiB, 31 %, 30.76 W
2026/09/29 15:36:21.967, 1065 MiB, 15360 MiB, 31 %, 30.86 W
2026/09/29 15:36:22.972, 1065 MiB, 15360 MiB, 31 %, 30.47 W
2026/09/29 15:36:23.977, 1065 MiB, 15360 MiB, 30 %, 32.62 W
2026/09/29 15:36:24.982, 1065 MiB, 15360 MiB, 33 %, 34.47 W
2026/09/29 15:36:25.987, 1065 MiB, 15360 MiB, 29 %, 30.86 W
2026/09/29 15:36:26.992, 1065 MiB, 15360 MiB, 30 %, 31.75 W
2026/09/29 15:36:27.997, 1065 MiB, 15360 MiB, 29 %, 31.45 W
2026/09/29 15:36:29.002, 1065 MiB, 15360 MiB, 29 %, 31.06 W
2026/09/29 15:36:30.007, 1065 MiB, 15360 MiB, 31 %, 30.86 W
2026/09/29 15:36:31.013, 1065 MiB, 15360 MiB, 21 %, 30.66 W
2026/09/29 15:36:32.030, 1065 MiB, 15360 MiB, 24 %, 30.35 W
2026/09/29 15:36:33.038, 1065 MiB, 15360 MiB, 21 %, 31.85 W
2026/09/29 15:36:34.051, 1065 MiB, 15360 MiB, 29 %, 30.86 W
2026/09/29 15:36:35.056, 1065 MiB, 15360 MiB, 29 %, 30.58 W
2026/09/29 15:36:36.061, 1065 MiB, 15360 MiB, 29 %, 30.66 W
2026/09/29 15:36:37.065, 1065 MiB, 15360 MiB, 29 %, 30.76 W
2026/09/29 15:36:38.070, 1065 MiB, 15360 MiB, 28 %, 30.55 W
2026/09/29 15:36:39.075, 1065 MiB, 15360 MiB, 30 %, 30.76 W
2026/09/29 15:36:40.080, 1065 MiB, 15360 MiB, 30 %, 30.66 W
2026/09/29 15:36:41.086, 1065 MiB, 15360 MiB, 30 %, 30.86 W
2026/09/29 15:36:42.093, 1065 MiB, 15360 MiB, 29 %, 30.86 W
2026/09/29 15:36:43.099, 1065 MiB, 15360 MiB, 27 %, 34.00 W
2026/09/29 15:36:44.105, 1065 MiB, 15360 MiB, 22 %, 30.66 W
2026/09/29 15:36:45.124, 1065 MiB, 15360 MiB, 19 %, 31.55 W
2026/09/29 15:36:46.134, 1065 MiB, 15360 MiB, 25 %, 31.35 W
2026/09/29 15:36:47.144, 1065 MiB, 15360 MiB, 28 %, 30.76 W
2026/09/29 15:36:48.149, 1065 MiB, 15360 MiB, 29 %, 34.97 W
2026/09/29 15:36:49.154, 1065 MiB, 15360 MiB, 30 %, 32.14 W
2026/09/29 15:36:50.159, 1065 MiB, 15360 MiB, 29 %, 33.90 W
2026/09/29 15:36:51.164, 1065 MiB, 15360 MiB, 30 %, 30.76 W
2026/09/29 15:36:52.169, 1065 MiB, 15360 MiB, 30 %, 30.66 W
2026/09/29 15:36:53.175, 1065 MiB, 15360 MiB, 31 %, 31.37 W
2026/09/29 15:36:54.192, 1065 MiB, 15360 MiB, 29 %, 33.80 W
2026/09/29 15:36:55.200, 1065 MiB, 15360 MiB, 29 %, 33.03 W
2026/09/29 15:36:56.206, 1065 MiB, 15360 MiB, 19 %, 30.07 W
2026/09/29 15:36:57.221, 1065 MiB, 15360 MiB, 24 %, 30.76 W
2026/09/29 15:36:58.231, 1065 MiB, 15360 MiB, 18 %, 31.16 W
2026/09/29 15:36:59.242, 1065 MiB, 15360 MiB, 30 %, 30.86 W
2026/09/29 15:37:00.248, 1065 MiB, 15360 MiB, 30 %, 31.26 W
2026/09/29 15:37:01.254, 1065 MiB, 15360 MiB, 30 %, 30.56 W
2026/09/29 15:37:02.259, 1065 MiB, 15360 MiB, 30 %, 31.35 W
2026/09/29 15:37:03.263, 1065 MiB, 15360 MiB, 30 %, 34.49 W
2026/09/29 15:37:04.268, 1065 MiB, 15360 MiB, 30 %, 32.22 W
2026/09/29 15:37:05.273, 1065 MiB, 15360 MiB, 31 %, 32.14 W
2026/09/29 15:37:06.278, 1065 MiB, 15360 MiB, 31 %, 30.37 W
2026/09/29 15:37:07.283, 1065 MiB, 15360 MiB, 31 %, 31.95 W
2026/09/29 15:37:08.288, 1065 MiB, 15360 MiB, 29 %, 30.37 W
2026/09/29 15:37:09.294, 1065 MiB, 15360 MiB, 24 %, 31.08 W
2026/09/29 15:37:10.311, 1065 MiB, 15360 MiB, 22 %, 33.31 W
2026/09/29 15:37:11.320, 1065 MiB, 15360 MiB, 32 %, 33.03 W
2026/09/29 15:37:12.325, 1065 MiB, 15360 MiB, 29 %, 35.38 W
2026/09/29 15:37:13.329, 1065 MiB, 15360 MiB, 30 %, 33.23 W
2026/09/29 15:37:14.334, 1065 MiB, 15360 MiB, 29 %, 33.21 W
2026/09/29 15:37:15.339, 1065 MiB, 15360 MiB, 26 %, 30.56 W
2026/09/29 15:37:16.344, 1065 MiB, 15360 MiB, 28 %, 31.45 W
2026/09/29 15:37:17.349, 1065 MiB, 15360 MiB, 28 %, 30.66 W
2026/09/29 15:37:18.354, 1065 MiB, 15360 MiB, 28 %, 30.76 W
2026/09/29 15:37:19.359, 1065 MiB, 15360 MiB, 31 %, 32.92 W
2026/09/29 15:37:20.364, 1065 MiB, 15360 MiB, 29 %, 31.16 W
2026/09/29 15:37:21.373, 1065 MiB, 15360 MiB, 19 %, 30.17 W
2026/09/29 15:37:22.382, 1065 MiB, 15360 MiB, 25 %, 30.17 W
2026/09/29 15:37:23.395, 1065 MiB, 15360 MiB, 23 %, 30.86 W
2026/09/29 15:37:24.404, 1065 MiB, 15360 MiB, 30 %, 30.56 W
2026/09/29 15:37:25.411, 1065 MiB, 15360 MiB, 31 %, 31.16 W
2026/09/29 15:37:26.416, 1065 MiB, 15360 MiB, 30 %, 31.06 W
2026/09/29 15:37:27.421, 1065 MiB, 15360 MiB, 31 %, 30.86 W
2026/09/29 15:37:28.426, 1065 MiB, 15360 MiB, 30 %, 30.47 W
2026/09/29 15:37:29.431, 1065 MiB, 15360 MiB, 31 %, 32.76 W
2026/09/29 15:37:30.436, 1065 MiB, 15360 MiB, 30 %, 31.35 W
2026/09/29 15:37:31.441, 1065 MiB, 15360 MiB, 28 %, 31.04 W
2026/09/29 15:37:32.446, 1065 MiB, 15360 MiB, 29 %, 31.16 W
2026/09/29 15:37:33.452, 1065 MiB, 15360 MiB, 30 %, 30.98 W
2026/09/29 15:37:34.458, 1065 MiB, 15360 MiB, 23 %, 32.72 W
2026/09/29 15:37:35.468, 1065 MiB, 15360 MiB, 21 %, 30.19 W
2026/09/29 15:37:36.480, 1065 MiB, 15360 MiB, 23 %, 30.66 W
2026/09/29 15:37:37.485, 1065 MiB, 15360 MiB, 30 %, 30.86 W
2026/09/29 15:37:38.489, 1065 MiB, 15360 MiB, 30 %, 30.56 W
2026/09/29 15:37:39.495, 1065 MiB, 15360 MiB, 30 %, 29.99 W
2026/09/29 15:37:40.506, 1065 MiB, 15360 MiB, 30 %, 32.24 W
2026/09/29 15:37:41.512, 1065 MiB, 15360 MiB, 29 %, 35.19 W
2026/09/29 15:37:42.517, 1065 MiB, 15360 MiB, 30 %, 33.11 W
2026/09/29 15:37:43.522, 1065 MiB, 15360 MiB, 30 %, 33.21 W
2026/09/29 15:37:44.527, 1065 MiB, 15360 MiB, 30 %, 32.62 W
2026/09/29 15:37:45.532, 1065 MiB, 15360 MiB, 30 %, 32.14 W
2026/09/29 15:37:46.538, 1065 MiB, 15360 MiB, 22 %, 30.38 W
2026/09/29 15:37:47.548, 1065 MiB, 15360 MiB, 23 %, 30.86 W
2026/09/29 15:37:48.560, 1065 MiB, 15360 MiB, 22 %, 31.35 W
2026/09/29 15:37:49.568, 1065 MiB, 15360 MiB, 29 %, 30.86 W
2026/09/29 15:37:50.573, 1065 MiB, 15360 MiB, 36 %, 32.52 W
2026/09/29 15:37:51.578, 1065 MiB, 15360 MiB, 28 %, 32.05 W
2026/09/29 15:37:52.583, 1065 MiB, 15360 MiB, 30 %, 32.22 W
2026/09/29 15:37:53.589, 1065 MiB, 15360 MiB, 30 %, 31.75 W
2026/09/29 15:37:54.594, 1065 MiB, 15360 MiB, 29 %, 32.24 W
2026/09/29 15:37:55.608, 1065 MiB, 15360 MiB, 30 %, 30.86 W
2026/09/29 15:37:56.624, 1065 MiB, 15360 MiB, 30 %, 30.47 W
2026/09/29 15:37:57.629, 1065 MiB, 15360 MiB, 30 %, 30.56 W
2026/09/29 15:37:58.634, 1065 MiB, 15360 MiB, 30 %, 30.96 W
2026/09/29 15:37:59.639, 1065 MiB, 15360 MiB, 23 %, 30.27 W
2026/09/29 15:38:00.648, 1065 MiB, 15360 MiB, 21 %, 31.95 W
2026/09/29 15:38:01.656, 1065 MiB, 15360 MiB, 23 %, 33.41 W
2026/09/29 15:38:02.663, 1065 MiB, 15360 MiB, 30 %, 33.41 W
2026/09/29 15:38:03.670, 1065 MiB, 15360 MiB, 30 %, 32.52 W
2026/09/29 15:38:04.675, 1065 MiB, 15360 MiB, 30 %, 35.07 W
2026/09/29 15:38:05.680, 1065 MiB, 15360 MiB, 30 %, 30.86 W
2026/09/29 15:38:06.685, 1065 MiB, 15360 MiB, 31 %, 33.43 W
2026/09/29 15:38:07.690, 1065 MiB, 15360 MiB, 31 %, 31.95 W
2026/09/29 15:38:08.695, 1065 MiB, 15360 MiB, 30 %, 32.05 W
2026/09/29 15:38:09.702, 1065 MiB, 15360 MiB, 30 %, 31.26 W
2026/09/29 15:38:10.707, 1065 MiB, 15360 MiB, 30 %, 30.66 W
2026/09/29 15:38:11.713, 1065 MiB, 15360 MiB, 25 %, 32.82 W
2026/09/29 15:38:12.723, 1065 MiB, 15360 MiB, 25 %, 30.47 W
2026/09/29 15:38:13.734, 1065 MiB, 15360 MiB, 20 %, 30.27 W
2026/09/29 15:38:14.746, 1065 MiB, 15360 MiB, 30 %, 34.67 W
2026/09/29 15:38:15.751, 1065 MiB, 15360 MiB, 29 %, 32.44 W
2026/09/29 15:38:16.756, 1065 MiB, 15360 MiB, 31 %, 32.14 W
2026/09/29 15:38:17.761, 1065 MiB, 15360 MiB, 30 %, 30.96 W
2026/09/29 15:38:18.766, 1065 MiB, 15360 MiB, 30 %, 31.16 W
2026/09/29 15:38:19.771, 1065 MiB, 15360 MiB, 31 %, 34.97 W
2026/09/29 15:38:20.776, 1065 MiB, 15360 MiB, 27 %, 31.63 W
2026/09/29 15:38:21.782, 1065 MiB, 15360 MiB, 28 %, 33.80 W
2026/09/29 15:38:22.787, 1065 MiB, 15360 MiB, 29 %, 32.82 W
2026/09/29 15:38:23.792, 1065 MiB, 15360 MiB, 28 %, 32.82 W
2026/09/29 15:38:24.799, 1065 MiB, 15360 MiB, 23 %, 30.66 W
2026/09/29 15:38:25.811, 1065 MiB, 15360 MiB, 22 %, 30.47 W
2026/09/29 15:38:26.823, 1065 MiB, 15360 MiB, 33 %, 30.66 W
2026/09/29 15:38:27.827, 1065 MiB, 15360 MiB, 30 %, 30.96 W
2026/09/29 15:38:28.833, 1065 MiB, 15360 MiB, 30 %, 34.67 W
2026/09/29 15:38:29.838, 1065 MiB, 15360 MiB, 30 %, 30.66 W
2026/09/29 15:38:30.842, 1065 MiB, 15360 MiB, 31 %, 36.96 W
2026/09/29 15:38:31.852, 1065 MiB, 15360 MiB, 29 %, 30.76 W
2026/09/29 15:38:32.860, 1065 MiB, 15360 MiB, 29 %, 30.86 W
2026/09/29 15:38:33.865, 1065 MiB, 15360 MiB, 30 %, 31.06 W
2026/09/29 15:38:34.870, 1065 MiB, 15360 MiB, 30 %, 31.16 W
2026/09/29 15:38:35.877, 1065 MiB, 15360 MiB, 30 %, 30.96 W
2026/09/29 15:38:36.882, 1065 MiB, 15360 MiB, 21 %, 34.99 W
2026/09/29 15:38:37.892, 1065 MiB, 15360 MiB, 23 %, 31.06 W
2026/09/29 15:38:38.902, 1065 MiB, 15360 MiB, 22 %, 33.33 W
2026/09/29 15:38:39.909, 1065 MiB, 15360 MiB, 30 %, 30.56 W
2026/09/29 15:38:40.914, 1065 MiB, 15360 MiB, 30 %, 35.88 W
2026/09/29 15:38:41.919, 1065 MiB, 15360 MiB, 26 %, 30.86 W
2026/09/29 15:38:42.924, 1065 MiB, 15360 MiB, 30 %, 32.64 W
2026/09/29 15:38:43.929, 1065 MiB, 15360 MiB, 30 %, 30.86 W
2026/09/29 15:38:44.934, 1065 MiB, 15360 MiB, 30 %, 30.56 W
2026/09/29 15:38:45.939, 1065 MiB, 15360 MiB, 27 %, 31.95 W
2026/09/29 15:38:46.944, 1065 MiB, 15360 MiB, 27 %, 30.86 W
2026/09/29 15:38:47.950, 1065 MiB, 15360 MiB, 30 %, 31.06 W
2026/09/29 15:38:48.956, 1065 MiB, 15360 MiB, 30 %, 34.59 W
2026/09/29 15:38:49.964, 1065 MiB, 15360 MiB, 23 %, 32.34 W
2026/09/29 15:38:50.974, 1065 MiB, 15360 MiB, 20 %, 30.17 W
2026/09/29 15:38:51.978, 1065 MiB, 15360 MiB, 26 %, 31.16 W
2026/09/29 15:38:52.983, 1065 MiB, 15360 MiB, 27 %, 30.86 W
2026/09/29 15:38:53.988, 1065 MiB, 15360 MiB, 28 %, 30.96 W
2026/09/29 15:38:54.993, 1065 MiB, 15360 MiB, 27 %, 30.56 W
2026/09/29 15:38:55.998, 1065 MiB, 15360 MiB, 29 %, 33.23 W
2026/09/29 15:38:57.003, 1065 MiB, 15360 MiB, 30 %, 31.65 W
2026/09/29 15:38:58.008, 1065 MiB, 15360 MiB, 30 %, 30.96 W
2026/09/29 15:38:59.014, 1065 MiB, 15360 MiB, 30 %, 31.45 W
2026/09/29 15:39:00.021, 1065 MiB, 15360 MiB, 29 %, 31.16 W
2026/09/29 15:39:01.031, 1065 MiB, 15360 MiB, 30 %, 30.66 W
2026/09/29 15:39:02.037, 1065 MiB, 15360 MiB, 19 %, 30.37 W
2026/09/29 15:39:03.051, 1065 MiB, 15360 MiB, 23 %, 30.96 W
2026/09/29 15:39:04.061, 1065 MiB, 15360 MiB, 23 %, 33.41 W
2026/09/29 15:39:05.079, 1065 MiB, 15360 MiB, 29 %, 34.10 W
2026/09/29 15:39:06.084, 1065 MiB, 15360 MiB, 29 %, 33.51 W
2026/09/29 15:39:07.088, 1065 MiB, 15360 MiB, 29 %, 33.80 W
2026/09/29 15:39:08.093, 1065 MiB, 15360 MiB, 29 %, 33.23 W
2026/09/29 15:39:09.098, 1065 MiB, 15360 MiB, 30 %, 31.16 W
2026/09/29 15:39:10.103, 1065 MiB, 15360 MiB, 29 %, 30.47 W
2026/09/29 15:39:11.110, 1065 MiB, 15360 MiB, 30 %, 36.17 W
2026/09/29 15:39:12.115, 1065 MiB, 15360 MiB, 29 %, 34.38 W
2026/09/29 15:39:13.120, 1065 MiB, 15360 MiB, 29 %, 32.34 W
2026/09/29 15:39:14.125, 1065 MiB, 15360 MiB, 29 %, 35.48 W
2026/09/29 15:39:15.131, 1065 MiB, 15360 MiB, 22 %, 31.26 W
2026/09/29 15:39:16.146, 1065 MiB, 15360 MiB, 21 %, 30.37 W
2026/09/29 15:39:17.159, 1065 MiB, 15360 MiB, 18 %, 31.26 W
2026/09/29 15:39:18.165, 1065 MiB, 15360 MiB, 27 %, 30.76 W
2026/09/29 15:39:19.170, 1065 MiB, 15360 MiB, 28 %, 30.66 W
2026/09/29 15:39:20.175, 1065 MiB, 15360 MiB, 27 %, 30.66 W
2026/09/29 15:39:21.180, 1065 MiB, 15360 MiB, 27 %, 30.96 W
2026/09/29 15:39:22.185, 1065 MiB, 15360 MiB, 30 %, 30.76 W
2026/09/29 15:39:23.190, 1065 MiB, 15360 MiB, 30 %, 30.56 W
2026/09/29 15:39:24.194, 1065 MiB, 15360 MiB, 29 %, 31.06 W
2026/09/29 15:39:25.200, 1065 MiB, 15360 MiB, 31 %, 30.76 W
2026/09/29 15:39:26.205, 1065 MiB, 15360 MiB, 31 %, 32.24 W
2026/09/29 15:39:27.211, 1065 MiB, 15360 MiB, 28 %, 30.47 W
2026/09/29 15:39:28.221, 1065 MiB, 15360 MiB, 23 %, 30.66 W
2026/09/29 15:39:29.233, 1065 MiB, 15360 MiB, 21 %, 30.17 W
2026/09/29 15:39:30.242, 1065 MiB, 15360 MiB, 30 %, 31.85 W
2026/09/29 15:39:31.249, 1065 MiB, 15360 MiB, 29 %, 31.65 W
2026/09/29 15:39:32.254, 1065 MiB, 15360 MiB, 30 %, 30.96 W
2026/09/29 15:39:33.259, 1065 MiB, 15360 MiB, 29 %, 34.40 W
2026/09/29 15:39:34.264, 1065 MiB, 15360 MiB, 30 %, 30.86 W
2026/09/29 15:39:35.269, 1065 MiB, 15360 MiB, 30 %, 30.86 W
2026/09/29 15:39:36.274, 1065 MiB, 15360 MiB, 30 %, 30.66 W
2026/09/29 15:39:37.279, 1065 MiB, 15360 MiB, 29 %, 30.76 W
2026/09/29 15:39:38.284, 1065 MiB, 15360 MiB, 30 %, 30.86 W
2026/09/29 15:39:39.288, 1065 MiB, 15360 MiB, 30 %, 33.61 W
2026/09/29 15:39:40.295, 1065 MiB, 15360 MiB, 24 %, 30.66 W
2026/09/29 15:39:41.311, 1065 MiB, 15360 MiB, 21 %, 30.07 W
2026/09/29 15:39:42.319, 1065 MiB, 15360 MiB, 20 %, 30.37 W
2026/09/29 15:39:43.324, 1065 MiB, 15360 MiB, 28 %, 31.06 W
2026/09/29 15:39:44.329, 1065 MiB, 15360 MiB, 28 %, 31.16 W
2026/09/29 15:39:45.334, 1065 MiB, 15360 MiB, 31 %, 31.26 W
2026/09/29 15:39:46.339, 1065 MiB, 15360 MiB, 30 %, 30.86 W
2026/09/29 15:39:47.344, 1065 MiB, 15360 MiB, 31 %, 31.06 W
2026/09/29 15:39:48.349, 1065 MiB, 15360 MiB, 31 %, 33.01 W
2026/09/29 15:39:49.354, 1065 MiB, 15360 MiB, 31 %, 31.35 W
2026/09/29 15:39:50.359, 1065 MiB, 15360 MiB, 29 %, 31.45 W
2026/09/29 15:39:51.364, 1065 MiB, 15360 MiB, 29 %, 30.76 W
2026/09/29 15:39:52.370, 1065 MiB, 15360 MiB, 24 %, 29.87 W
2026/09/29 15:39:53.377, 1065 MiB, 15360 MiB, 22 %, 31.26 W
2026/09/29 15:39:54.389, 1065 MiB, 15360 MiB, 22 %, 30.27 W
2026/09/29 15:39:55.398, 1065 MiB, 15360 MiB, 30 %, 30.76 W
2026/09/29 15:39:56.404, 1065 MiB, 15360 MiB, 31 %, 31.26 W
2026/09/29 15:39:57.418, 1065 MiB, 15360 MiB, 30 %, 31.45 W
2026/09/29 15:39:58.434, 1065 MiB, 15360 MiB, 29 %, 31.43 W
2026/09/29 15:39:59.439, 1065 MiB, 15360 MiB, 29 %, 31.43 W
2026/09/29 15:40:00.443, 1065 MiB, 15360 MiB, 30 %, 32.24 W
2026/09/29 15:40:01.449, 1065 MiB, 15360 MiB, 30 %, 32.44 W
2026/09/29 15:40:02.455, 1065 MiB, 15360 MiB, 30 %, 33.41 W
2026/09/29 15:40:03.460, 1065 MiB, 15360 MiB, 29 %, 30.76 W
2026/09/29 15:40:04.464, 1065 MiB, 15360 MiB, 30 %, 30.96 W
2026/09/29 15:40:05.470, 1065 MiB, 15360 MiB, 23 %, 31.65 W
2026/09/29 15:40:06.482, 1065 MiB, 15360 MiB, 23 %, 30.56 W
2026/09/29 15:40:07.487, 1065 MiB, 15360 MiB, 18 %, 31.26 W
2026/09/29 15:40:08.492, 1065 MiB, 15360 MiB, 30 %, 32.05 W
2026/09/29 15:40:09.497, 1065 MiB, 15360 MiB, 31 %, 32.92 W
2026/09/29 15:40:10.504, 1065 MiB, 15360 MiB, 30 %, 32.34 W
2026/09/29 15:40:11.509, 1065 MiB, 15360 MiB, 30 %, 30.66 W
2026/09/29 15:40:12.514, 1065 MiB, 15360 MiB, 31 %, 34.89 W
2026/09/29 15:40:13.521, 1065 MiB, 15360 MiB, 31 %, 31.95 W
2026/09/29 15:40:14.526, 1065 MiB, 15360 MiB, 31 %, 30.96 W
2026/09/29 15:40:15.531, 1065 MiB, 15360 MiB, 28 %, 30.66 W
2026/09/29 15:40:16.536, 1065 MiB, 15360 MiB, 30 %, 31.26 W
2026/09/29 15:40:17.542, 1065 MiB, 15360 MiB, 32 %, 31.06 W
2026/09/29 15:40:18.554, 1065 MiB, 15360 MiB, 24 %, 30.74 W
2026/09/29 15:40:19.566, 1065 MiB, 15360 MiB, 22 %, 30.56 W
2026/09/29 15:40:20.575, 1065 MiB, 15360 MiB, 30 %, 31.06 W
2026/09/29 15:40:21.580, 1065 MiB, 15360 MiB, 30 %, 32.82 W
2026/09/29 15:40:22.585, 1065 MiB, 15360 MiB, 31 %, 31.65 W
2026/09/29 15:40:23.591, 1065 MiB, 15360 MiB, 30 %, 31.26 W
2026/09/29 15:40:24.597, 1065 MiB, 15360 MiB, 33 %, 32.32 W
2026/09/29 15:40:25.601, 1065 MiB, 15360 MiB, 33 %, 32.05 W
2026/09/29 15:40:26.606, 1065 MiB, 15360 MiB, 33 %, 35.97 W
2026/09/29 15:40:27.611, 1065 MiB, 15360 MiB, 33 %, 31.75 W
2026/09/29 15:40:28.617, 1065 MiB, 15360 MiB, 34 %, 36.07 W
2026/09/29 15:40:29.623, 1065 MiB, 15360 MiB, 34 %, 32.05 W
2026/09/29 15:40:30.637, 1065 MiB, 15360 MiB, 25 %, 32.42 W
2026/09/29 15:40:31.652, 1065 MiB, 15360 MiB, 25 %, 31.35 W
2026/09/29 15:40:32.663, 1065 MiB, 15360 MiB, 21 %, 33.78 W
2026/09/29 15:40:33.680, 1065 MiB, 15360 MiB, 33 %, 31.55 W
2026/09/29 15:40:34.686, 1065 MiB, 15360 MiB, 33 %, 33.90 W
2026/09/29 15:40:35.692, 1065 MiB, 15360 MiB, 32 %, 31.83 W
2026/09/29 15:40:36.698, 1065 MiB, 15360 MiB, 33 %, 31.35 W
2026/09/29 15:40:37.706, 1065 MiB, 15360 MiB, 33 %, 30.86 W
2026/09/29 15:40:38.712, 1065 MiB, 15360 MiB, 33 %, 34.49 W
2026/09/29 15:40:39.717, 1065 MiB, 15360 MiB, 33 %, 31.35 W
2026/09/29 15:40:40.722, 1065 MiB, 15360 MiB, 33 %, 35.19 W
2026/09/29 15:40:41.727, 1065 MiB, 15360 MiB, 34 %, 34.99 W
2026/09/29 15:40:42.732, 1065 MiB, 15360 MiB, 35 %, 30.47 W
2026/09/29 15:40:43.742, 1065 MiB, 15360 MiB, 26 %, 30.76 W
2026/09/29 15:40:44.752, 1065 MiB, 15360 MiB, 26 %, 31.26 W
2026/09/29 15:40:45.762, 1065 MiB, 15360 MiB, 33 %, 33.61 W
2026/09/29 15:40:46.766, 1065 MiB, 15360 MiB, 32 %, 31.35 W
2026/09/29 15:40:47.772, 1065 MiB, 15360 MiB, 32 %, 31.16 W
2026/09/29 15:40:48.778, 1065 MiB, 15360 MiB, 32 %, 32.42 W
2026/09/29 15:40:49.784, 1065 MiB, 15360 MiB, 33 %, 32.32 W
2026/09/29 15:40:50.789, 1065 MiB, 15360 MiB, 33 %, 31.06 W
2026/09/29 15:40:51.793, 1065 MiB, 15360 MiB, 33 %, 32.54 W
2026/09/29 15:40:52.798, 1065 MiB, 15360 MiB, 34 %, 34.00 W
2026/09/29 15:40:53.803, 1065 MiB, 15360 MiB, 34 %, 33.82 W
2026/09/29 15:40:54.810, 1065 MiB, 15360 MiB, 33 %, 31.26 W
2026/09/29 15:40:55.815, 1065 MiB, 15360 MiB, 25 %, 30.86 W
2026/09/29 15:40:56.827, 1065 MiB, 15360 MiB, 24 %, 30.66 W
2026/09/29 15:40:57.839, 1065 MiB, 15360 MiB, 20 %, 30.37 W
2026/09/29 15:40:58.849, 1065 MiB, 15360 MiB, 30 %, 31.16 W
2026/09/29 15:40:59.855, 1065 MiB, 15360 MiB, 31 %, 30.96 W
2026/09/29 15:41:00.862, 1065 MiB, 15360 MiB, 32 %, 32.22 W
2026/09/29 15:41:01.877, 1065 MiB, 15360 MiB, 33 %, 31.06 W
2026/09/29 15:41:02.883, 1065 MiB, 15360 MiB, 33 %, 31.16 W
2026/09/29 15:41:03.888, 1065 MiB, 15360 MiB, 33 %, 32.24 W
2026/09/29 15:41:04.894, 1065 MiB, 15360 MiB, 33 %, 31.26 W
2026/09/29 15:41:05.900, 1065 MiB, 15360 MiB, 33 %, 32.54 W
2026/09/29 15:41:06.905, 1065 MiB, 15360 MiB, 32 %, 31.75 W
2026/09/29 15:41:07.911, 1065 MiB, 15360 MiB, 32 %, 35.48 W
2026/09/29 15:41:08.919, 1065 MiB, 15360 MiB, 25 %, 30.96 W
2026/09/29 15:41:09.935, 1065 MiB, 15360 MiB, 23 %, 31.06 W
2026/09/29 15:41:10.948, 1065 MiB, 15360 MiB, 33 %, 34.38 W
2026/09/29 15:41:11.955, 1065 MiB, 15360 MiB, 33 %, 31.85 W
2026/09/29 15:41:12.970, 1065 MiB, 15360 MiB, 34 %, 32.93 W
2026/09/29 15:41:13.979, 1065 MiB, 15360 MiB, 33 %, 33.09 W
2026/09/29 15:41:14.984, 1065 MiB, 15360 MiB, 33 %, 31.63 W
2026/09/29 15:41:15.989, 1065 MiB, 15360 MiB, 33 %, 31.26 W
2026/09/29 15:41:16.994, 1065 MiB, 15360 MiB, 33 %, 31.06 W
2026/09/29 15:41:17.999, 1065 MiB, 15360 MiB, 31 %, 31.63 W
2026/09/29 15:41:19.008, 1065 MiB, 15360 MiB, 33 %, 34.20 W
2026/09/29 15:41:20.016, 1065 MiB, 15360 MiB, 31 %, 31.35 W
2026/09/29 15:41:21.025, 1065 MiB, 15360 MiB, 25 %, 32.03 W
2026/09/29 15:41:22.036, 1065 MiB, 15360 MiB, 25 %, 30.66 W
2026/09/29 15:41:23.045, 1065 MiB, 15360 MiB, 19 %, 30.96 W
2026/09/29 15:41:24.059, 1065 MiB, 15360 MiB, 30 %, 31.26 W
2026/09/29 15:41:25.065, 1065 MiB, 15360 MiB, 29 %, 31.26 W
2026/09/29 15:41:26.071, 1065 MiB, 15360 MiB, 30 %, 31.16 W
2026/09/29 15:41:27.077, 1065 MiB, 15360 MiB, 31 %, 31.45 W
2026/09/29 15:41:28.083, 1065 MiB, 15360 MiB, 31 %, 30.96 W
2026/09/29 15:41:29.089, 1065 MiB, 15360 MiB, 31 %, 33.41 W
2026/09/29 15:41:30.094, 1065 MiB, 15360 MiB, 32 %, 30.37 W
2026/09/29 15:41:31.100, 1065 MiB, 15360 MiB, 32 %, 31.45 W
2026/09/29 15:41:32.106, 1065 MiB, 15360 MiB, 32 %, 35.17 W
2026/09/29 15:41:33.112, 1065 MiB, 15360 MiB, 32 %, 31.45 W
2026/09/29 15:41:34.125, 1065 MiB, 15360 MiB, 25 %, 30.47 W
2026/09/29 15:41:35.135, 1065 MiB, 15360 MiB, 23 %, 34.79 W
2026/09/29 15:41:36.146, 1065 MiB, 15360 MiB, 32 %, 31.43 W
2026/09/29 15:41:37.152, 1065 MiB, 15360 MiB, 30 %, 32.92 W
2026/09/29 15:41:38.161, 1065 MiB, 15360 MiB, 33 %, 31.85 W
2026/09/29 15:41:39.170, 1065 MiB, 15360 MiB, 33 %, 35.86 W
2026/09/29 15:41:40.175, 1065 MiB, 15360 MiB, 33 %, 31.83 W
2026/09/29 15:41:41.181, 1065 MiB, 15360 MiB, 34 %, 31.35 W
2026/09/29 15:41:42.187, 1065 MiB, 15360 MiB, 34 %, 32.82 W
2026/09/29 15:41:43.193, 1065 MiB, 15360 MiB, 33 %, 35.68 W
2026/09/29 15:41:44.198, 1065 MiB, 15360 MiB, 32 %, 32.34 W
2026/09/29 15:41:45.204, 1065 MiB, 15360 MiB, 32 %, 31.35 W
2026/09/29 15:41:46.209, 1065 MiB, 15360 MiB, 25 %, 30.47 W
2026/09/29 15:41:47.220, 1065 MiB, 15360 MiB, 22 %, 30.38 W
2026/09/29 15:41:48.227, 1065 MiB, 15360 MiB, 20 %, 30.17 W
2026/09/29 15:41:49.237, 1065 MiB, 15360 MiB, 33 %, 32.14 W
2026/09/29 15:41:50.243, 1065 MiB, 15360 MiB, 33 %, 31.55 W
2026/09/29 15:41:51.249, 1065 MiB, 15360 MiB, 32 %, 31.65 W
2026/09/29 15:41:52.255, 1065 MiB, 15360 MiB, 33 %, 33.88 W
2026/09/29 15:41:53.261, 1065 MiB, 15360 MiB, 33 %, 31.73 W
2026/09/29 15:41:54.266, 1065 MiB, 15360 MiB, 32 %, 32.44 W
2026/09/29 15:41:55.271, 1065 MiB, 15360 MiB, 32 %, 31.53 W
2026/09/29 15:41:56.276, 1065 MiB, 15360 MiB, 32 %, 34.40 W
2026/09/29 15:41:57.282, 1065 MiB, 15360 MiB, 35 %, 31.45 W
2026/09/29 15:41:58.287, 1065 MiB, 15360 MiB, 30 %, 31.06 W
2026/09/29 15:41:59.293, 1065 MiB, 15360 MiB, 24 %, 34.69 W
2026/09/29 15:42:00.303, 1065 MiB, 15360 MiB, 22 %, 33.21 W
2026/09/29 15:42:01.315, 1065 MiB, 15360 MiB, 33 %, 32.22 W
2026/09/29 15:42:02.321, 1065 MiB, 15360 MiB, 38 %, 33.31 W
2026/09/29 15:42:03.329, 1065 MiB, 15360 MiB, 33 %, 33.29 W
2026/09/29 15:42:04.334, 1065 MiB, 15360 MiB, 32 %, 31.45 W
2026/09/29 15:42:05.339, 1065 MiB, 15360 MiB, 33 %, 33.80 W
2026/09/29 15:42:06.344, 1065 MiB, 15360 MiB, 33 %, 31.43 W
2026/09/29 15:42:07.349, 1065 MiB, 15360 MiB, 33 %, 34.49 W
2026/09/29 15:42:08.354, 1065 MiB, 15360 MiB, 32 %, 34.00 W
2026/09/29 15:42:09.359, 1065 MiB, 15360 MiB, 31 %, 31.95 W
2026/09/29 15:42:10.364, 1065 MiB, 15360 MiB, 33 %, 34.49 W
2026/09/29 15:42:11.370, 1065 MiB, 15360 MiB, 23 %, 30.56 W
2026/09/29 15:42:12.383, 1065 MiB, 15360 MiB, 26 %, 33.13 W
2026/09/29 15:42:13.393, 1065 MiB, 15360 MiB, 23 %, 31.06 W
2026/09/29 15:42:14.402, 1065 MiB, 15360 MiB, 33 %, 31.16 W
2026/09/29 15:42:15.407, 1065 MiB, 15360 MiB, 33 %, 31.35 W
2026/09/29 15:42:16.412, 1065 MiB, 15360 MiB, 33 %, 34.30 W
2026/09/29 15:42:17.417, 1065 MiB, 15360 MiB, 32 %, 32.03 W
2026/09/29 15:42:18.422, 1065 MiB, 15360 MiB, 32 %, 34.49 W
2026/09/29 15:42:19.428, 1065 MiB, 15360 MiB, 33 %, 31.63 W
2026/09/29 15:42:20.435, 1065 MiB, 15360 MiB, 34 %, 32.74 W
2026/09/29 15:42:21.440, 1065 MiB, 15360 MiB, 33 %, 33.41 W
2026/09/29 15:42:22.445, 1065 MiB, 15360 MiB, 33 %, 31.26 W
2026/09/29 15:42:23.450, 1065 MiB, 15360 MiB, 33 %, 31.16 W
2026/09/29 15:42:24.459, 1065 MiB, 15360 MiB, 23 %, 31.16 W
2026/09/29 15:42:25.471, 1065 MiB, 15360 MiB, 23 %, 30.37 W
2026/09/29 15:42:26.478, 1065 MiB, 15360 MiB, 29 %, 31.16 W
2026/09/29 15:42:27.483, 1065 MiB, 15360 MiB, 30 %, 31.83 W
2026/09/29 15:42:28.488, 1065 MiB, 15360 MiB, 31 %, 31.06 W
2026/09/29 15:42:29.493, 1065 MiB, 15360 MiB, 30 %, 32.32 W
2026/09/29 15:42:30.499, 1065 MiB, 15360 MiB, 31 %, 31.22 W
2026/09/29 15:42:31.505, 1065 MiB, 15360 MiB, 31 %, 31.06 W
2026/09/29 15:42:32.511, 1065 MiB, 15360 MiB, 33 %, 35.56 W
2026/09/29 15:42:33.516, 1065 MiB, 15360 MiB, 38 %, 31.73 W
2026/09/29 15:42:34.522, 1065 MiB, 15360 MiB, 31 %, 30.56 W
2026/09/29 15:42:35.527, 1065 MiB, 15360 MiB, 31 %, 34.40 W
2026/09/29 15:42:36.533, 1065 MiB, 15360 MiB, 21 %, 31.83 W
2026/09/29 15:42:37.548, 1065 MiB, 15360 MiB, 26 %, 31.35 W
2026/09/29 15:42:38.557, 1065 MiB, 15360 MiB, 25 %, 30.37 W
2026/09/29 15:42:39.567, 1065 MiB, 15360 MiB, 32 %, 31.06 W
2026/09/29 15:42:40.572, 1065 MiB, 15360 MiB, 32 %, 34.79 W
2026/09/29 15:42:41.577, 1065 MiB, 15360 MiB, 33 %, 31.95 W
2026/09/29 15:42:42.582, 1065 MiB, 15360 MiB, 33 %, 30.96 W
2026/09/29 15:42:43.587, 1065 MiB, 15360 MiB, 33 %, 32.13 W
2026/09/29 15:42:44.591, 1065 MiB, 15360 MiB, 31 %, 31.55 W
2026/09/29 15:42:45.597, 1065 MiB, 15360 MiB, 33 %, 31.16 W
2026/09/29 15:42:46.601, 1065 MiB, 15360 MiB, 32 %, 31.06 W
2026/09/29 15:42:47.607, 1065 MiB, 15360 MiB, 32 %, 34.67 W
2026/09/29 15:42:48.612, 1065 MiB, 15360 MiB, 32 %, 32.13 W
2026/09/29 15:42:49.618, 1065 MiB, 15360 MiB, 25 %, 33.59 W
2026/09/29 15:42:50.631, 1065 MiB, 15360 MiB, 24 %, 30.96 W
2026/09/29 15:42:51.638, 1065 MiB, 15360 MiB, 22 %, 30.86 W
2026/09/29 15:42:52.643, 1065 MiB, 15360 MiB, 32 %, 31.06 W
2026/09/29 15:42:53.649, 1065 MiB, 15360 MiB, 30 %, 32.22 W
2026/09/29 15:42:54.654, 1065 MiB, 15360 MiB, 29 %, 31.26 W
2026/09/29 15:42:55.659, 1065 MiB, 15360 MiB, 31 %, 31.02 W
2026/09/29 15:42:56.664, 1065 MiB, 15360 MiB, 29 %, 32.93 W
2026/09/29 15:42:57.668, 1065 MiB, 15360 MiB, 27 %, 32.72 W
2026/09/29 15:42:58.674, 1065 MiB, 15360 MiB, 29 %, 31.65 W
2026/09/29 15:42:59.688, 1065 MiB, 15360 MiB, 30 %, 31.06 W
2026/09/29 15:43:00.693, 1065 MiB, 15360 MiB, 32 %, 31.16 W
2026/09/29 15:43:01.699, 1065 MiB, 15360 MiB, 29 %, 34.59 W
2026/09/29 15:43:02.712, 1065 MiB, 15360 MiB, 26 %, 30.76 W
2026/09/29 15:43:03.726, 1065 MiB, 15360 MiB, 23 %, 30.66 W
2026/09/29 15:43:04.733, 1065 MiB, 15360 MiB, 33 %, 32.44 W
2026/09/29 15:43:05.743, 1065 MiB, 15360 MiB, 32 %, 31.16 W
2026/09/29 15:43:06.747, 1065 MiB, 15360 MiB, 31 %, 30.96 W
2026/09/29 15:43:07.752, 1065 MiB, 15360 MiB, 33 %, 33.51 W
2026/09/29 15:43:08.757, 1065 MiB, 15360 MiB, 33 %, 36.05 W
2026/09/29 15:43:09.762, 1065 MiB, 15360 MiB, 33 %, 34.30 W
2026/09/29 15:43:10.767, 1065 MiB, 15360 MiB, 33 %, 31.65 W
2026/09/29 15:43:11.772, 1065 MiB, 15360 MiB, 32 %, 32.74 W
2026/09/29 15:43:12.777, 1065 MiB, 15360 MiB, 31 %, 31.35 W
2026/09/29 15:43:13.783, 1065 MiB, 15360 MiB, 33 %, 32.93 W
2026/09/29 15:43:14.788, 1065 MiB, 15360 MiB, 25 %, 34.20 W
2026/09/29 15:43:15.800, 1065 MiB, 15360 MiB, 22 %, 30.48 W
2026/09/29 15:43:16.808, 1065 MiB, 15360 MiB, 26 %, 35.88 W
2026/09/29 15:43:17.813, 1065 MiB, 15360 MiB, 32 %, 31.73 W
2026/09/29 15:43:18.818, 1065 MiB, 15360 MiB, 32 %, 31.85 W
2026/09/29 15:43:19.823, 1065 MiB, 15360 MiB, 32 %, 31.26 W
2026/09/29 15:43:20.828, 1065 MiB, 15360 MiB, 32 %, 31.16 W
2026/09/29 15:43:21.833, 1065 MiB, 15360 MiB, 31 %, 31.35 W
2026/09/29 15:43:22.839, 1065 MiB, 15360 MiB, 32 %, 33.41 W
2026/09/29 15:43:23.844, 1065 MiB, 15360 MiB, 32 %, 31.45 W
2026/09/29 15:43:24.849, 1065 MiB, 15360 MiB, 32 %, 33.01 W
2026/09/29 15:43:25.854, 1065 MiB, 15360 MiB, 31 %, 31.35 W
2026/09/29 15:43:26.861, 1065 MiB, 15360 MiB, 22 %, 30.27 W
2026/09/29 15:43:27.870, 1065 MiB, 15360 MiB, 25 %, 33.29 W
2026/09/29 15:43:28.884, 1065 MiB, 15360 MiB, 23 %, 30.56 W
2026/09/29 15:43:29.891, 1065 MiB, 15360 MiB, 30 %, 32.54 W
2026/09/29 15:43:30.896, 1065 MiB, 15360 MiB, 30 %, 34.59 W
2026/09/29 15:43:31.902, 1065 MiB, 15360 MiB, 28 %, 35.88 W
2026/09/29 15:43:32.907, 1065 MiB, 15360 MiB, 30 %, 30.76 W
2026/09/29 15:43:33.913, 1065 MiB, 15360 MiB, 31 %, 31.16 W
2026/09/29 15:43:34.919, 1065 MiB, 15360 MiB, 32 %, 34.20 W
2026/09/29 15:43:35.931, 1065 MiB, 15360 MiB, 32 %, 31.55 W
2026/09/29 15:43:36.940, 1065 MiB, 15360 MiB, 32 %, 31.06 W
2026/09/29 15:43:37.946, 1065 MiB, 15360 MiB, 32 %, 32.54 W
2026/09/29 15:43:38.951, 1065 MiB, 15360 MiB, 31 %, 33.13 W
2026/09/29 15:43:39.957, 1065 MiB, 15360 MiB, 24 %, 36.65 W
2026/09/29 15:43:40.972, 1065 MiB, 15360 MiB, 23 %, 35.48 W
2026/09/29 15:43:41.988, 1065 MiB, 15360 MiB, 19 %, 33.11 W
2026/09/29 15:43:42.993, 1065 MiB, 15360 MiB, 31 %, 32.62 W
2026/09/29 15:43:43.998, 1065 MiB, 15360 MiB, 30 %, 31.75 W
2026/09/29 15:43:45.003, 1065 MiB, 15360 MiB, 31 %, 31.06 W
2026/09/29 15:43:46.008, 1065 MiB, 15360 MiB, 31 %, 34.69 W
2026/09/29 15:43:47.013, 1065 MiB, 15360 MiB, 30 %, 32.05 W
2026/09/29 15:43:48.018, 1065 MiB, 15360 MiB, 31 %, 31.65 W
2026/09/29 15:43:49.023, 1065 MiB, 15360 MiB, 29 %, 31.85 W
2026/09/29 15:43:50.028, 1065 MiB, 15360 MiB, 30 %, 31.45 W
2026/09/29 15:43:51.033, 1065 MiB, 15360 MiB, 31 %, 32.84 W
2026/09/29 15:43:52.039, 1065 MiB, 15360 MiB, 29 %, 30.66 W
2026/09/29 15:43:53.054, 1065 MiB, 15360 MiB, 24 %, 34.99 W
2026/09/29 15:43:54.064, 1065 MiB, 15360 MiB, 22 %, 31.26 W
2026/09/29 15:43:55.076, 1065 MiB, 15360 MiB, 31 %, 31.65 W
2026/09/29 15:43:56.081, 1065 MiB, 15360 MiB, 30 %, 31.26 W
2026/09/29 15:43:57.086, 1065 MiB, 15360 MiB, 30 %, 33.31 W
2026/09/29 15:43:58.091, 1065 MiB, 15360 MiB, 29 %, 31.95 W
2026/09/29 15:43:59.097, 1065 MiB, 15360 MiB, 31 %, 32.92 W
2026/09/29 15:44:00.102, 1065 MiB, 15360 MiB, 31 %, 33.11 W
2026/09/29 15:44:01.107, 1065 MiB, 15360 MiB, 31 %, 34.00 W
2026/09/29 15:44:02.112, 1065 MiB, 15360 MiB, 30 %, 32.05 W
2026/09/29 15:44:03.117, 1065 MiB, 15360 MiB, 32 %, 33.01 W
2026/09/29 15:44:04.123, 1065 MiB, 15360 MiB, 32 %, 36.07 W
2026/09/29 15:44:05.128, 1065 MiB, 15360 MiB, 25 %, 30.38 W
2026/09/29 15:44:06.142, 1065 MiB, 15360 MiB, 26 %, 31.83 W
2026/09/29 15:44:07.148, 1065 MiB, 15360 MiB, 20 %, 30.37 W
2026/09/29 15:44:08.157, 1065 MiB, 15360 MiB, 32 %, 31.65 W
2026/09/29 15:44:09.163, 1065 MiB, 15360 MiB, 31 %, 31.75 W
2026/09/29 15:44:10.168, 1065 MiB, 15360 MiB, 33 %, 31.06 W
2026/09/29 15:44:11.173, 1065 MiB, 15360 MiB, 32 %, 31.55 W
2026/09/29 15:44:12.177, 1065 MiB, 15360 MiB, 31 %, 31.16 W
2026/09/29 15:44:13.183, 1065 MiB, 15360 MiB, 33 %, 31.65 W
2026/09/29 15:44:14.188, 1065 MiB, 15360 MiB, 30 %, 30.86 W
2026/09/29 15:44:15.193, 1065 MiB, 15360 MiB, 33 %, 33.03 W
2026/09/29 15:44:16.198, 1065 MiB, 15360 MiB, 32 %, 32.44 W
2026/09/29 15:44:17.205, 1065 MiB, 15360 MiB, 31 %, 30.56 W
2026/09/29 15:44:18.217, 1065 MiB, 15360 MiB, 24 %, 33.01 W
2026/09/29 15:44:19.233, 1065 MiB, 15360 MiB, 22 %, 30.76 W
2026/09/29 15:44:20.250, 1065 MiB, 15360 MiB, 33 %, 32.34 W
2026/09/29 15:44:21.256, 1065 MiB, 15360 MiB, 33 %, 31.24 W
2026/09/29 15:44:22.260, 1065 MiB, 15360 MiB, 33 %, 33.21 W
2026/09/29 15:44:23.269, 1065 MiB, 15360 MiB, 38 %, 32.44 W
2026/09/29 15:44:24.275, 1065 MiB, 15360 MiB, 28 %, 32.34 W
2026/09/29 15:44:25.282, 1065 MiB, 15360 MiB, 32 %, 31.75 W
2026/09/29 15:44:26.287, 1065 MiB, 15360 MiB, 32 %, 31.26 W
2026/09/29 15:44:27.292, 1065 MiB, 15360 MiB, 32 %, 34.47 W
2026/09/29 15:44:28.297, 1065 MiB, 15360 MiB, 31 %, 31.43 W
2026/09/29 15:44:29.302, 1065 MiB, 15360 MiB, 32 %, 31.26 W
2026/09/29 15:44:30.309, 1065 MiB, 15360 MiB, 25 %, 31.06 W
2026/09/29 15:44:31.319, 1065 MiB, 15360 MiB, 24 %, 30.48 W
2026/09/29 15:44:32.329, 1065 MiB, 15360 MiB, 18 %, 30.17 W
2026/09/29 15:44:33.343, 1065 MiB, 15360 MiB, 31 %, 32.03 W
2026/09/29 15:44:34.348, 1065 MiB, 15360 MiB, 31 %, 31.06 W
2026/09/29 15:44:35.353, 1065 MiB, 15360 MiB, 30 %, 30.37 W
2026/09/29 15:44:36.358, 1065 MiB, 15360 MiB, 32 %, 34.30 W
2026/09/29 15:44:37.364, 1065 MiB, 15360 MiB, 33 %, 31.55 W
2026/09/29 15:44:38.370, 1065 MiB, 15360 MiB, 36 %, 31.06 W
2026/09/29 15:44:39.375, 1065 MiB, 15360 MiB, 31 %, 31.16 W
2026/09/29 15:44:40.380, 1065 MiB, 15360 MiB, 32 %, 34.89 W
2026/09/29 15:44:41.385, 1065 MiB, 15360 MiB, 32 %, 32.64 W
2026/09/29 15:44:42.390, 1065 MiB, 15360 MiB, 32 %, 31.45 W
2026/09/29 15:44:43.396, 1065 MiB, 15360 MiB, 24 %, 31.45 W
2026/09/29 15:44:44.406, 1065 MiB, 15360 MiB, 21 %, 32.92 W
2026/09/29 15:44:45.422, 1065 MiB, 15360 MiB, 32 %, 31.45 W
2026/09/29 15:44:46.427, 1065 MiB, 15360 MiB, 33 %, 33.71 W
2026/09/29 15:44:47.433, 1065 MiB, 15360 MiB, 32 %, 32.32 W
2026/09/29 15:44:48.438, 1065 MiB, 15360 MiB, 33 %, 36.57 W
2026/09/29 15:44:49.442, 1065 MiB, 15360 MiB, 32 %, 34.40 W
2026/09/29 15:44:50.448, 1065 MiB, 15360 MiB, 33 %, 31.73 W
2026/09/29 15:44:51.453, 1065 MiB, 15360 MiB, 33 %, 31.55 W
2026/09/29 15:44:52.459, 1065 MiB, 15360 MiB, 34 %, 33.01 W
2026/09/29 15:44:53.463, 1065 MiB, 15360 MiB, 32 %, 31.85 W
2026/09/29 15:44:54.468, 1065 MiB, 15360 MiB, 32 %, 31.43 W
2026/09/29 15:44:55.477, 1065 MiB, 15360 MiB, 24 %, 30.56 W
2026/09/29 15:44:56.493, 1065 MiB, 15360 MiB, 26 %, 31.75 W
2026/09/29 15:44:57.508, 1065 MiB, 15360 MiB, 21 %, 30.76 W
2026/09/29 15:44:58.525, 1065 MiB, 15360 MiB, 30 %, 31.95 W
2026/09/29 15:44:59.530, 1065 MiB, 15360 MiB, 30 %, 31.55 W
2026/09/29 15:45:00.535, 1065 MiB, 15360 MiB, 31 %, 33.72 W
2026/09/29 15:45:01.541, 1065 MiB, 15360 MiB, 31 %, 32.03 W
2026/09/29 15:45:02.547, 1065 MiB, 15360 MiB, 30 %, 31.26 W
2026/09/29 15:45:03.553, 1065 MiB, 15360 MiB, 32 %, 31.55 W
2026/09/29 15:45:04.558, 1065 MiB, 15360 MiB, 33 %, 33.23 W
2026/09/29 15:45:05.563, 1065 MiB, 15360 MiB, 33 %, 32.13 W
2026/09/29 15:45:06.568, 1065 MiB, 15360 MiB, 33 %, 31.06 W
2026/09/29 15:45:07.573, 1065 MiB, 15360 MiB, 34 %, 31.73 W
2026/09/29 15:45:08.578, 1065 MiB, 15360 MiB, 23 %, 34.40 W
2026/09/29 15:45:09.584, 1065 MiB, 15360 MiB, 20 %, 30.96 W
2026/09/29 15:45:10.593, 1065 MiB, 15360 MiB, 24 %, 31.35 W
2026/09/29 15:45:11.598, 1065 MiB, 15360 MiB, 32 %, 34.67 W
2026/09/29 15:45:12.603, 1065 MiB, 15360 MiB, 32 %, 32.74 W
2026/09/29 15:45:13.608, 1065 MiB, 15360 MiB, 33 %, 31.45 W
2026/09/29 15:45:14.613, 1065 MiB, 15360 MiB, 33 %, 32.92 W
2026/09/29 15:45:15.618, 1065 MiB, 15360 MiB, 30 %, 31.93 W
2026/09/29 15:45:16.622, 1065 MiB, 15360 MiB, 33 %, 31.65 W
2026/09/29 15:45:17.628, 1065 MiB, 15360 MiB, 33 %, 31.65 W
2026/09/29 15:45:18.632, 1065 MiB, 15360 MiB, 32 %, 31.65 W
2026/09/29 15:45:19.637, 1065 MiB, 15360 MiB, 33 %, 35.46 W
2026/09/29 15:45:20.642, 1065 MiB, 15360 MiB, 27 %, 31.06 W
2026/09/29 15:45:21.654, 1065 MiB, 15360 MiB, 26 %, 30.96 W
2026/09/29 15:45:22.665, 1065 MiB, 15360 MiB, 26 %, 32.42 W
2026/09/29 15:45:23.672, 1065 MiB, 15360 MiB, 31 %, 31.26 W
2026/09/29 15:45:24.677, 1065 MiB, 15360 MiB, 32 %, 31.16 W
2026/09/29 15:45:25.682, 1065 MiB, 15360 MiB, 32 %, 34.40 W
2026/09/29 15:45:26.687, 1065 MiB, 15360 MiB, 33 %, 33.21 W
2026/09/29 15:45:27.692, 1065 MiB, 15360 MiB, 32 %, 32.05 W
2026/09/29 15:45:28.697, 1065 MiB, 15360 MiB, 31 %, 31.16 W
2026/09/29 15:45:29.702, 1065 MiB, 15360 MiB, 30 %, 31.35 W
2026/09/29 15:45:30.707, 1065 MiB, 15360 MiB, 31 %, 33.01 W
2026/09/29 15:45:31.712, 1065 MiB, 15360 MiB, 27 %, 31.16 W
2026/09/29 15:45:32.717, 1065 MiB, 15360 MiB, 30 %, 31.35 W
2026/09/29 15:45:33.722, 1065 MiB, 15360 MiB, 23 %, 30.56 W
2026/09/29 15:45:34.733, 1065 MiB, 15360 MiB, 24 %, 32.34 W
2026/09/29 15:45:35.740, 1065 MiB, 15360 MiB, 20 %, 34.67 W
2026/09/29 15:45:36.745, 1065 MiB, 15360 MiB, 32 %, 30.76 W
2026/09/29 15:45:37.752, 1065 MiB, 15360 MiB, 33 %, 31.43 W
2026/09/29 15:45:38.757, 1065 MiB, 15360 MiB, 33 %, 31.35 W
2026/09/29 15:45:39.764, 1065 MiB, 15360 MiB, 32 %, 31.26 W
2026/09/29 15:45:40.774, 1065 MiB, 15360 MiB, 33 %, 32.03 W
2026/09/29 15:45:41.791, 1065 MiB, 15360 MiB, 33 %, 31.45 W
2026/09/29 15:45:42.796, 1065 MiB, 15360 MiB, 32 %, 31.55 W
2026/09/29 15:45:43.801, 1065 MiB, 15360 MiB, 33 %, 31.55 W
2026/09/29 15:45:44.806, 1065 MiB, 15360 MiB, 33 %, 33.51 W
2026/09/29 15:45:45.812, 1065 MiB, 15360 MiB, 22 %, 30.96 W
2026/09/29 15:45:46.823, 1065 MiB, 15360 MiB, 24 %, 32.32 W
2026/09/29 15:45:47.834, 1065 MiB, 15360 MiB, 24 %, 30.58 W
2026/09/29 15:45:48.841, 1065 MiB, 15360 MiB, 31 %, 31.16 W
2026/09/29 15:45:49.846, 1065 MiB, 15360 MiB, 32 %, 32.64 W
2026/09/29 15:45:50.851, 1065 MiB, 15360 MiB, 33 %, 31.55 W
2026/09/29 15:45:51.856, 1065 MiB, 15360 MiB, 32 %, 31.06 W
2026/09/29 15:45:52.861, 1065 MiB, 15360 MiB, 32 %, 33.11 W
2026/09/29 15:45:53.866, 1065 MiB, 15360 MiB, 33 %, 32.24 W
2026/09/29 15:45:54.872, 1065 MiB, 15360 MiB, 33 %, 31.04 W
2026/09/29 15:45:55.877, 1065 MiB, 15360 MiB, 33 %, 31.16 W
2026/09/29 15:45:56.883, 1065 MiB, 15360 MiB, 33 %, 32.03 W
2026/09/29 15:45:57.889, 1065 MiB, 15360 MiB, 34 %, 35.56 W
2026/09/29 15:45:58.895, 1065 MiB, 15360 MiB, 25 %, 32.44 W
2026/09/29 15:45:59.910, 1065 MiB, 15360 MiB, 25 %, 30.76 W
2026/09/29 15:46:00.925, 1065 MiB, 15360 MiB, 19 %, 31.65 W
2026/09/29 15:46:01.931, 1065 MiB, 15360 MiB, 30 %, 33.41 W
2026/09/29 15:46:02.936, 1065 MiB, 15360 MiB, 29 %, 31.95 W
2026/09/29 15:46:03.944, 1065 MiB, 15360 MiB, 30 %, 30.74 W
2026/09/29 15:46:04.951, 1065 MiB, 15360 MiB, 29 %, 31.75 W
2026/09/29 15:46:05.960, 1065 MiB, 15360 MiB, 30 %, 31.55 W
2026/09/29 15:46:06.967, 1065 MiB, 15360 MiB, 31 %, 31.06 W
2026/09/29 15:46:07.973, 1065 MiB, 15360 MiB, 32 %, 30.58 W
2026/09/29 15:46:08.978, 1065 MiB, 15360 MiB, 31 %, 31.06 W
2026/09/29 15:46:09.983, 1065 MiB, 15360 MiB, 30 %, 34.00 W
2026/09/29 15:46:10.989, 1065 MiB, 15360 MiB, 33 %, 30.47 W
2026/09/29 15:46:12.000, 1065 MiB, 15360 MiB, 25 %, 31.55 W
2026/09/29 15:46:13.011, 1065 MiB, 15360 MiB, 23 %, 33.13 W
2026/09/29 15:46:14.022, 1065 MiB, 15360 MiB, 31 %, 33.01 W
2026/09/29 15:46:15.027, 1065 MiB, 15360 MiB, 33 %, 31.26 W
2026/09/29 15:46:16.031, 1065 MiB, 15360 MiB, 30 %, 32.24 W
2026/09/29 15:46:17.037, 1065 MiB, 15360 MiB, 32 %, 31.45 W
2026/09/29 15:46:18.041, 1065 MiB, 15360 MiB, 31 %, 34.20 W
2026/09/29 15:46:19.047, 1065 MiB, 15360 MiB, 36 %, 31.26 W
2026/09/29 15:46:20.052, 1065 MiB, 15360 MiB, 30 %, 31.35 W
2026/09/29 15:46:21.067, 1065 MiB, 15360 MiB, 32 %, 31.35 W
2026/09/29 15:46:22.077, 1065 MiB, 15360 MiB, 31 %, 34.10 W
2026/09/29 15:46:23.084, 1065 MiB, 15360 MiB, 31 %, 31.35 W
2026/09/29 15:46:24.090, 1065 MiB, 15360 MiB, 24 %, 32.84 W
2026/09/29 15:46:25.106, 1065 MiB, 15360 MiB, 25 %, 32.42 W
2026/09/29 15:46:26.120, 1065 MiB, 15360 MiB, 20 %, 30.37 W
2026/09/29 15:46:27.129, 1065 MiB, 15360 MiB, 32 %, 32.62 W
2026/09/29 15:46:28.134, 1065 MiB, 15360 MiB, 31 %, 32.34 W
2026/09/29 15:46:29.139, 1065 MiB, 15360 MiB, 30 %, 32.22 W
2026/09/29 15:46:30.145, 1065 MiB, 15360 MiB, 29 %, 31.75 W
2026/09/29 15:46:31.150, 1065 MiB, 15360 MiB, 31 %, 31.63 W
2026/09/29 15:46:32.154, 1065 MiB, 15360 MiB, 30 %, 31.95 W
2026/09/29 15:46:33.160, 1065 MiB, 15360 MiB, 29 %, 31.55 W
2026/09/29 15:46:34.167, 1065 MiB, 15360 MiB, 27 %, 34.89 W
2026/09/29 15:46:35.173, 1065 MiB, 15360 MiB, 30 %, 32.05 W
2026/09/29 15:46:36.179, 1065 MiB, 15360 MiB, 30 %, 31.55 W
2026/09/29 15:46:37.188, 1065 MiB, 15360 MiB, 24 %, 32.84 W
2026/09/29 15:46:38.202, 1065 MiB, 15360 MiB, 21 %, 30.09 W
2026/09/29 15:46:39.213, 1065 MiB, 15360 MiB, 32 %, 31.75 W
2026/09/29 15:46:40.225, 1065 MiB, 15360 MiB, 31 %, 31.93 W
2026/09/29 15:46:41.230, 1065 MiB, 15360 MiB, 31 %, 31.26 W
2026/09/29 15:46:42.236, 1065 MiB, 15360 MiB, 31 %, 33.31 W
2026/09/29 15:46:43.241, 1065 MiB, 15360 MiB, 32 %, 32.03 W
2026/09/29 15:46:44.247, 1065 MiB, 15360 MiB, 33 %, 31.55 W
2026/09/29 15:46:45.253, 1065 MiB, 15360 MiB, 32 %, 31.65 W
2026/09/29 15:46:46.258, 1065 MiB, 15360 MiB, 32 %, 33.51 W
2026/09/29 15:46:47.262, 1065 MiB, 15360 MiB, 32 %, 34.89 W
2026/09/29 15:46:48.267, 1065 MiB, 15360 MiB, 33 %, 31.45 W
2026/09/29 15:46:49.273, 1065 MiB, 15360 MiB, 25 %, 33.88 W
2026/09/29 15:46:50.283, 1065 MiB, 15360 MiB, 25 %, 31.45 W
2026/09/29 15:46:51.293, 1065 MiB, 15360 MiB, 20 %, 30.86 W
2026/09/29 15:46:52.303, 1065 MiB, 15360 MiB, 32 %, 31.26 W
2026/09/29 15:46:53.308, 1065 MiB, 15360 MiB, 31 %, 31.32 W
2026/09/29 15:46:54.313, 1065 MiB, 15360 MiB, 32 %, 32.72 W
2026/09/29 15:46:55.318, 1065 MiB, 15360 MiB, 30 %, 31.45 W
2026/09/29 15:46:56.323, 1065 MiB, 15360 MiB, 32 %, 31.65 W
2026/09/29 15:46:57.328, 1065 MiB, 15360 MiB, 31 %, 31.06 W
2026/09/29 15:46:58.334, 1065 MiB, 15360 MiB, 33 %, 31.35 W
2026/09/29 15:46:59.342, 1065 MiB, 15360 MiB, 33 %, 32.32 W
2026/09/29 15:47:00.347, 1065 MiB, 15360 MiB, 32 %, 31.75 W
2026/09/29 15:47:01.352, 1065 MiB, 15360 MiB, 32 %, 32.34 W
2026/09/29 15:47:02.360, 1065 MiB, 15360 MiB, 25 %, 31.06 W
2026/09/29 15:47:03.370, 1065 MiB, 15360 MiB, 21 %, 31.35 W
2026/09/29 15:47:04.383, 1065 MiB, 15360 MiB, 31 %, 37.41 W
2026/09/29 15:47:05.388, 1065 MiB, 15360 MiB, 28 %, 34.67 W
2026/09/29 15:47:06.393, 1065 MiB, 15360 MiB, 30 %, 31.26 W
2026/09/29 15:47:07.398, 1065 MiB, 15360 MiB, 30 %, 32.44 W
2026/09/29 15:47:08.403, 1065 MiB, 15360 MiB, 29 %, 32.05 W
2026/09/29 15:47:09.408, 1065 MiB, 15360 MiB, 32 %, 30.66 W
2026/09/29 15:47:10.414, 1065 MiB, 15360 MiB, 32 %, 30.96 W
2026/09/29 15:47:11.419, 1065 MiB, 15360 MiB, 31 %, 34.08 W
2026/09/29 15:47:12.427, 1065 MiB, 15360 MiB, 32 %, 32.03 W
2026/09/29 15:47:13.433, 1065 MiB, 15360 MiB, 32 %, 31.43 W
2026/09/29 15:47:14.440, 1065 MiB, 15360 MiB, 25 %, 30.86 W
2026/09/29 15:47:15.455, 1065 MiB, 15360 MiB, 26 %, 31.06 W
2026/09/29 15:47:16.468, 1065 MiB, 15360 MiB, 22 %, 30.47 W
2026/09/29 15:47:17.476, 1065 MiB, 15360 MiB, 32 %, 33.31 W
2026/09/29 15:47:18.481, 1065 MiB, 15360 MiB, 32 %, 32.44 W
2026/09/29 15:47:19.486, 1065 MiB, 15360 MiB, 31 %, 31.93 W
2026/09/29 15:47:20.491, 1065 MiB, 15360 MiB, 31 %, 31.75 W
2026/09/29 15:47:21.495, 1065 MiB, 15360 MiB, 31 %, 31.35 W
2026/09/29 15:47:22.500, 1065 MiB, 15360 MiB, 32 %, 31.16 W
2026/09/29 15:47:23.505, 1065 MiB, 15360 MiB, 31 %, 32.74 W
2026/09/29 15:47:24.511, 1065 MiB, 15360 MiB, 32 %, 31.55 W
2026/09/29 15:47:25.516, 1065 MiB, 15360 MiB, 32 %, 31.35 W
2026/09/29 15:47:26.521, 1065 MiB, 15360 MiB, 33 %, 32.64 W
2026/09/29 15:47:27.527, 1065 MiB, 15360 MiB, 26 %, 31.16 W
2026/09/29 15:47:28.541, 1065 MiB, 15360 MiB, 24 %, 30.58 W
2026/09/29 15:47:29.551, 1065 MiB, 15360 MiB, 32 %, 31.93 W
2026/09/29 15:47:30.556, 1065 MiB, 15360 MiB, 32 %, 31.75 W
2026/09/29 15:47:31.561, 1065 MiB, 15360 MiB, 32 %, 34.10 W
2026/09/29 15:47:32.566, 1065 MiB, 15360 MiB, 30 %, 31.16 W
2026/09/29 15:47:33.571, 1065 MiB, 15360 MiB, 30 %, 33.61 W
2026/09/29 15:47:34.576, 1065 MiB, 15360 MiB, 23 %, 31.75 W
2026/09/29 15:47:35.581, 1065 MiB, 15360 MiB, 30 %, 31.85 W
2026/09/29 15:47:36.586, 1065 MiB, 15360 MiB, 30 %, 31.55 W
2026/09/29 15:47:37.591, 1065 MiB, 15360 MiB, 30 %, 31.93 W
2026/09/29 15:47:38.596, 1065 MiB, 15360 MiB, 30 %, 30.96 W
2026/09/29 15:47:39.604, 1065 MiB, 15360 MiB, 21 %, 31.16 W
2026/09/29 15:47:40.611, 1065 MiB, 15360 MiB, 26 %, 31.16 W
2026/09/29 15:47:41.624, 1065 MiB, 15360 MiB, 23 %, 30.37 W
2026/09/29 15:47:42.633, 1065 MiB, 15360 MiB, 33 %, 32.92 W
2026/09/29 15:47:43.640, 1065 MiB, 15360 MiB, 31 %, 31.83 W
2026/09/29 15:47:44.648, 1065 MiB, 15360 MiB, 33 %, 31.45 W
2026/09/29 15:47:45.653, 1065 MiB, 15360 MiB, 32 %, 31.55 W
2026/09/29 15:47:46.658, 1065 MiB, 15360 MiB, 32 %, 35.28 W
2026/09/29 15:47:47.663, 1065 MiB, 15360 MiB, 32 %, 31.45 W
2026/09/29 15:47:48.668, 1065 MiB, 15360 MiB, 33 %, 33.51 W
2026/09/29 15:47:49.673, 1065 MiB, 15360 MiB, 31 %, 34.30 W
2026/09/29 15:47:50.678, 1065 MiB, 15360 MiB, 32 %, 34.00 W
2026/09/29 15:47:51.683, 1065 MiB, 15360 MiB, 34 %, 34.28 W
2026/09/29 15:47:52.689, 1065 MiB, 15360 MiB, 25 %, 30.96 W
2026/09/29 15:47:53.699, 1065 MiB, 15360 MiB, 24 %, 30.86 W
2026/09/29 15:47:54.707, 1065 MiB, 15360 MiB, 20 %, 33.09 W
2026/09/29 15:47:55.713, 1065 MiB, 15360 MiB, 32 %, 31.26 W
2026/09/29 15:47:56.720, 1065 MiB, 15360 MiB, 33 %, 34.20 W
2026/09/29 15:47:57.725, 1065 MiB, 15360 MiB, 30 %, 34.20 W
2026/09/29 15:47:58.730, 1065 MiB, 15360 MiB, 30 %, 31.45 W
2026/09/29 15:47:59.735, 1065 MiB, 15360 MiB, 30 %, 30.94 W
2026/09/29 15:48:00.740, 1065 MiB, 15360 MiB, 31 %, 32.52 W
2026/09/29 15:48:01.746, 1065 MiB, 15360 MiB, 30 %, 31.55 W
2026/09/29 15:48:02.751, 1065 MiB, 15360 MiB, 32 %, 34.10 W
2026/09/29 15:48:03.756, 1065 MiB, 15360 MiB, 30 %, 33.69 W
2026/09/29 15:48:04.762, 1065 MiB, 15360 MiB, 30 %, 33.41 W
2026/09/29 15:48:05.772, 1065 MiB, 15360 MiB, 25 %, 30.56 W
2026/09/29 15:48:06.782, 1065 MiB, 15360 MiB, 22 %, 30.96 W
2026/09/29 15:48:07.796, 1065 MiB, 15360 MiB, 29 %, 31.75 W
2026/09/29 15:48:08.802, 1065 MiB, 15360 MiB, 32 %, 31.06 W
2026/09/29 15:48:09.807, 1065 MiB, 15360 MiB, 32 %, 33.90 W
2026/09/29 15:48:10.812, 1065 MiB, 15360 MiB, 32 %, 31.65 W
2026/09/29 15:48:11.817, 1065 MiB, 15360 MiB, 33 %, 32.14 W
2026/09/29 15:48:12.822, 1065 MiB, 15360 MiB, 34 %, 34.89 W
2026/09/29 15:48:13.827, 1065 MiB, 15360 MiB, 32 %, 31.65 W
2026/09/29 15:48:14.832, 1065 MiB, 15360 MiB, 33 %, 34.99 W
2026/09/29 15:48:15.837, 1065 MiB, 15360 MiB, 33 %, 32.05 W
2026/09/29 15:48:16.841, 1065 MiB, 15360 MiB, 33 %, 31.16 W
2026/09/29 15:48:17.849, 1065 MiB, 15360 MiB, 24 %, 30.56 W
2026/09/29 15:48:18.858, 1065 MiB, 15360 MiB, 26 %, 30.86 W
2026/09/29 15:48:19.869, 1065 MiB, 15360 MiB, 21 %, 30.47 W
2026/09/29 15:48:20.880, 1065 MiB, 15360 MiB, 30 %, 34.97 W
2026/09/29 15:48:21.886, 1065 MiB, 15360 MiB, 31 %, 31.55 W
2026/09/29 15:48:22.892, 1065 MiB, 15360 MiB, 32 %, 35.46 W
2026/09/29 15:48:23.898, 1065 MiB, 15360 MiB, 33 %, 32.24 W
2026/09/29 15:48:24.905, 1065 MiB, 15360 MiB, 29 %, 31.65 W
2026/09/29 15:48:25.911, 1065 MiB, 15360 MiB, 32 %, 31.35 W
2026/09/29 15:48:26.918, 1065 MiB, 15360 MiB, 32 %, 31.16 W
2026/09/29 15:48:27.924, 1065 MiB, 15360 MiB, 33 %, 31.85 W
2026/09/29 15:48:28.929, 1065 MiB, 15360 MiB, 32 %, 31.85 W
2026/09/29 15:48:29.936, 1065 MiB, 15360 MiB, 31 %, 30.98 W
2026/09/29 15:48:30.946, 1065 MiB, 15360 MiB, 25 %, 36.27 W
2026/09/29 15:48:31.963, 1065 MiB, 15360 MiB, 21 %, 31.95 W
2026/09/29 15:48:32.978, 1065 MiB, 15360 MiB, 31 %, 33.61 W
2026/09/29 15:48:33.984, 1065 MiB, 15360 MiB, 30 %, 32.14 W
2026/09/29 15:48:34.990, 1065 MiB, 15360 MiB, 24 %, 29.30 W
2026/09/29 15:48:35.995, 1065 MiB, 15360 MiB, 0 %, 29.20 W
2026/09/29 15:48:36.999, 0 MiB, 15360 MiB, 0 %, 29.20 W
2026/09/29 15:48:38.004, 0 MiB, 15360 MiB, 0 %, 29.20 W
2026/09/29 15:48:39.009, 0 MiB, 15360 MiB, 0 %, 15.10 W
2026/09/29 15:48:40.016, 0 MiB, 15360 MiB, 0 %, 10.95 W
2026/09/29 15:48:41.024, 0 MiB, 15360 MiB, 0 %, 10.85 W
2026/09/29 15:48:42.032, 0 MiB, 15360 MiB, 0 %, 10.85 W
2026/09/29 15:48:43.041, 0 MiB, 15360 MiB, 0 %, 10.65 W
2026/09/29 15:48:44.052, 0 MiB, 15360 MiB, 0 %, 10.85 W
2026/09/29 15:48:45.064, 0 MiB, 15360 MiB, 0 %, 10.55 W
2026/09/29 15:48:46.071, 0 MiB, 15360 MiB, 0 %, 10.55 W
2026/09/29 15:48:47.079, 0 MiB, 15360 MiB, 0 %, 10.75 W
2026/09/29 15:48:48.088, 0 MiB, 15360 MiB, 0 %, 10.65 W
2026/09/29 15:48:49.096, 0 MiB, 15360 MiB, 0 %, 10.75 W
2026/09/29 15:48:50.105, 0 MiB, 15360 MiB, 0 %, 10.75 W
2026/09/29 15:48:51.113, 0 MiB, 15360 MiB, 0 %, 10.65 W
2026/09/29 15:48:52.121, 0 MiB, 15360 MiB, 0 %, 10.65 W
2026/09/29 15:48:53.130, 0 MiB, 15360 MiB, 0 %, 10.65 W
2026/09/29 15:48:54.138, 0 MiB, 15360 MiB, 0 %, 10.45 W
2026/09/29 15:48:55.147, 0 MiB, 15360 MiB, 0 %, 10.65 W
2026/09/29 15:48:56.154, 0 MiB, 15360 MiB, 0 %, 10.65 W
2026/09/29 15:48:57.163, 0 MiB, 15360 MiB, 0 %, 10.65 W
2026/09/29 15:48:58.171, 0 MiB, 15360 MiB, 0 %, 10.75 W
2026/09/29 15:48:59.180, 0 MiB, 15360 MiB, 0 %, 10.45 W
2026/09/29 15:49:00.188, 0 MiB, 15360 MiB, 0 %, 10.35 W
2026/09/29 15:49:01.197, 0 MiB, 15360 MiB, 0 %, 10.35 W
2026/09/29 15:49:02.205, 0 MiB, 15360 MiB, 0 %, 10.35 W
2026/09/29 15:49:03.213, 0 MiB, 15360 MiB, 0 %, 10.35 W
2026/09/29 15:49:04.221, 0 MiB, 15360 MiB, 0 %, 10.55 W
2026/09/29 15:49:05.230, 0 MiB, 15360 MiB, 0 %, 10.45 W
2026/09/29 15:49:06.238, 0 MiB, 15360 MiB, 0 %, 10.55 W
2026/09/29 15:49:07.247, 0 MiB, 15360 MiB, 0 %, 10.55 W
2026/09/29 15:49:08.255, 0 MiB, 15360 MiB, 0 %, 10.45 W
2026/09/29 15:49:09.264, 0 MiB, 15360 MiB, 0 %, 10.25 W
2026/09/29 15:49:10.271, 0 MiB, 15360 MiB, 0 %, 10.25 W
2026/09/29 15:49:11.280, 0 MiB, 15360 MiB, 0 %, 10.35 W
2026/09/29 15:49:12.287, 0 MiB, 15360 MiB, 0 %, 10.65 W
2026/09/29 15:49:13.296, 0 MiB, 15360 MiB, 0 %, 10.45 W
2026/09/29 15:49:14.305, 0 MiB, 15360 MiB, 0 %, 10.45 W
2026/09/29 15:49:15.313, 0 MiB, 15360 MiB, 0 %, 10.25 W
2026/09/29 15:49:16.321, 0 MiB, 15360 MiB, 0 %, 10.25 W
2026/09/29 15:49:17.329, 0 MiB, 15360 MiB, 0 %, 10.15 W
2026/09/29 15:49:18.338, 0 MiB, 15360 MiB, 0 %, 10.15 W
2026/09/29 15:49:19.347, 0 MiB, 15360 MiB, 0 %, 10.85 W
2026/09/29 15:49:20.355, 0 MiB, 15360 MiB, 0 %, 10.35 W
2026/09/29 15:49:21.362, 0 MiB, 15360 MiB, 0 %, 10.35 W
2026/09/29 15:49:22.370, 0 MiB, 15360 MiB, 0 %, 10.15 W
2026/09/29 15:49:23.378, 0 MiB, 15360 MiB, 0 %, 10.15 W
2026/09/29 15:49:24.386, 0 MiB, 15360 MiB, 0 %, 10.25 W
2026/09/29 15:49:25.393, 0 MiB, 15360 MiB, 0 %, 10.25 W
2026/09/29 15:49:26.401, 0 MiB, 15360 MiB, 0 %, 10.35 W
2026/09/29 15:49:27.409, 0 MiB, 15360 MiB, 0 %, 10.15 W
2026/09/29 15:49:28.418, 0 MiB, 15360 MiB, 0 %, 10.35 W
2026/09/29 15:49:29.426, 0 MiB, 15360 MiB, 0 %, 10.15 W
2026/09/29 15:49:30.433, 0 MiB, 15360 MiB, 0 %, 10.35 W
2026/09/29 15:49:31.442, 0 MiB, 15360 MiB, 0 %, 10.06 W
2026/09/29 15:49:32.449, 0 MiB, 15360 MiB, 0 %, 10.06 W
2026/09/29 15:49:33.458, 0 MiB, 15360 MiB, 0 %, 10.35 W
2026/09/29 15:49:34.466, 0 MiB, 15360 MiB, 0 %, 10.25 W
2026/09/29 15:49:35.474, 0 MiB, 15360 MiB, 0 %, 10.45 W
2026/09/29 15:49:36.483, 0 MiB, 15360 MiB, 0 %, 10.25 W
2026/09/29 15:49:37.491, 0 MiB, 15360 MiB, 0 %, 10.15 W
2026/09/29 15:49:38.499, 0 MiB, 15360 MiB, 0 %, 10.06 W
2026/09/29 15:49:39.508, 0 MiB, 15360 MiB, 0 %, 10.15 W
2026/09/29 15:49:40.516, 0 MiB, 15360 MiB, 0 %, 10.06 W
2026/09/29 15:49:41.525, 0 MiB, 15360 MiB, 0 %, 10.06 W
2026/09/29 15:49:42.534, 0 MiB, 15360 MiB, 0 %, 10.25 W
2026/09/29 15:49:43.542, 0 MiB, 15360 MiB, 0 %, 10.06 W
2026/09/29 15:49:44.550, 0 MiB, 15360 MiB, 0 %, 10.06 W
2026/09/29 15:49:45.559, 0 MiB, 15360 MiB, 0 %, 9.96 W
2026/09/29 15:49:46.567, 0 MiB, 15360 MiB, 0 %, 9.96 W
2026/09/29 15:49:47.575, 0 MiB, 15360 MiB, 0 %, 10.25 W
2026/09/29 15:49:48.582, 0 MiB, 15360 MiB, 0 %, 10.15 W
2026/09/29 15:49:49.591, 0 MiB, 15360 MiB, 0 %, 10.35 W
2026/09/29 15:49:50.599, 0 MiB, 15360 MiB, 0 %, 9.96 W
2026/09/29 15:49:51.608, 0 MiB, 15360 MiB, 0 %, 9.96 W
2026/09/29 15:49:52.616, 0 MiB, 15360 MiB, 0 %, 10.06 W
2026/09/29 15:49:53.624, 0 MiB, 15360 MiB, 0 %, 10.15 W
2026/09/29 15:49:54.632, 0 MiB, 15360 MiB, 0 %, 9.96 W
2026/09/29 15:49:55.640, 0 MiB, 15360 MiB, 0 %, 9.96 W
2026/09/29 15:49:56.648, 0 MiB, 15360 MiB, 0 %, 9.96 W
2026/09/29 15:49:57.656, 0 MiB, 15360 MiB, 0 %, 9.96 W
2026/09/29 15:49:58.664, 0 MiB, 15360 MiB, 0 %, 10.15 W
2026/09/29 15:49:59.672, 0 MiB, 15360 MiB, 0 %, 10.06 W
2026/09/29 15:50:00.680, 0 MiB, 15360 MiB, 0 %, 9.86 W
2026/09/29 15:50:01.688, 0 MiB, 15360 MiB, 0 %, 10.06 W
2026/09/29 15:50:02.697, 0 MiB, 15360 MiB, 0 %, 10.15 W
2026/09/29 15:50:03.704, 0 MiB, 15360 MiB, 0 %, 10.15 W
2026/09/29 15:50:04.713, 0 MiB, 15360 MiB, 0 %, 9.86 W
2026/09/29 15:50:05.721, 0 MiB, 15360 MiB, 0 %, 10.06 W
2026/09/29 15:50:06.733, 0 MiB, 15360 MiB, 0 %, 10.06 W
2026/09/29 15:50:07.742, 0 MiB, 15360 MiB, 0 %, 9.86 W
2026/09/29 15:50:08.750, 0 MiB, 15360 MiB, 0 %, 10.15 W
2026/09/29 15:50:09.759, 0 MiB, 15360 MiB, 0 %, 10.06 W
2026/09/29 15:50:10.768, 0 MiB, 15360 MiB, 0 %, 10.25 W
2026/09/29 15:50:11.775, 0 MiB, 15360 MiB, 0 %, 10.25 W
2026/09/29 15:50:12.784, 0 MiB, 15360 MiB, 0 %, 10.06 W
2026/09/29 15:50:13.792, 0 MiB, 15360 MiB, 0 %, 10.06 W
2026/09/29 15:50:14.801, 0 MiB, 15360 MiB, 0 %, 10.25 W
2026/09/29 15:50:15.809, 0 MiB, 15360 MiB, 0 %, 10.25 W
2026/09/29 15:50:16.818, 0 MiB, 15360 MiB, 0 %, 10.35 W
2026/09/29 15:50:17.825, 0 MiB, 15360 MiB, 0 %, 10.25 W
2026/09/29 15:50:18.834, 0 MiB, 15360 MiB, 0 %, 10.06 W
2026/09/29 15:50:19.842, 0 MiB, 15360 MiB, 0 %, 9.96 W
2026/09/29 15:50:20.851, 0 MiB, 15360 MiB, 0 %, 10.25 W
2026/09/29 15:50:21.858, 0 MiB, 15360 MiB, 0 %, 9.96 W
2026/09/29 15:50:22.867, 0 MiB, 15360 MiB, 0 %, 10.25 W
2026/09/29 15:50:23.875, 0 MiB, 15360 MiB, 0 %, 10.06 W
2026/09/29 15:50:24.884, 0 MiB, 15360 MiB, 0 %, 9.86 W
2026/09/29 15:50:25.892, 0 MiB, 15360 MiB, 0 %, 9.76 W
2026/09/29 15:50:26.901, 0 MiB, 15360 MiB, 0 %, 9.76 W
2026/09/29 15:50:27.909, 0 MiB, 15360 MiB, 0 %, 9.76 W
2026/09/29 15:50:28.918, 0 MiB, 15360 MiB, 0 %, 9.76 W
